solid OpenSCAD_Model
  facet normal 0 0 1
    outer loop
      vertex 88.2 24.3 6.1
      vertex 90.6 24.3 6.1
      vertex 88.2 39.3 6.1
    endloop
  endfacet
  facet normal 0 1 0
    outer loop
      vertex 88.2 24.3 6.1
      vertex 90.6 24.3 23.6
      vertex 90.6 24.3 6.1
    endloop
  endfacet
  facet normal 0 1 0
    outer loop
      vertex 88.2 24.3 6.1
      vertex 88.2 24.3 23.6
      vertex 90.6 24.3 23.6
    endloop
  endfacet
  facet normal 0 0 -1
    outer loop
      vertex 88.2 24.3 23.6
      vertex 90.6 39.3 23.6
      vertex 90.6 24.3 23.6
    endloop
  endfacet
  facet normal 0 0 1
    outer loop
      vertex 90.6 24.3 6.1
      vertex 90.6 39.3 6.1
      vertex 88.2 39.3 6.1
    endloop
  endfacet
  facet normal 0 -1 0
    outer loop
      vertex 88.2 39.3 6.1
      vertex 90.6 39.3 6.1
      vertex 88.2 39.3 23.6
    endloop
  endfacet
  facet normal 0 -1 0
    outer loop
      vertex 90.6 39.3 6.1
      vertex 90.6 39.3 23.6
      vertex 88.2 39.3 23.6
    endloop
  endfacet
  facet normal 0 0 -1
    outer loop
      vertex 88.2 24.3 23.6
      vertex 88.2 39.3 23.6
      vertex 90.6 39.3 23.6
    endloop
  endfacet
  facet normal 0 1 0
    outer loop
      vertex 88.2 42.3 6.1
      vertex 90.6 42.3 23.6
      vertex 90.6 42.3 6.1
    endloop
  endfacet
  facet normal 0 0 1
    outer loop
      vertex 88.2 42.3 6.1
      vertex 90.6 42.3 6.1
      vertex 88.2 57.3 6.1
    endloop
  endfacet
  facet normal 0 0 1
    outer loop
      vertex 90.6 42.3 6.1
      vertex 90.6 57.3 6.1
      vertex 88.2 57.3 6.1
    endloop
  endfacet
  facet normal 0 -1 0
    outer loop
      vertex 88.2 57.3 6.1
      vertex 90.6 57.3 6.1
      vertex 88.2 57.3 23.6
    endloop
  endfacet
  facet normal 0 1 0
    outer loop
      vertex 88.2 42.3 6.1
      vertex 88.2 42.3 23.6
      vertex 90.6 42.3 23.6
    endloop
  endfacet
  facet normal 0 -1 0
    outer loop
      vertex 90.6 57.3 6.1
      vertex 90.6 57.3 23.6
      vertex 88.2 57.3 23.6
    endloop
  endfacet
  facet normal 0 0 -1
    outer loop
      vertex 88.2 42.3 23.6
      vertex 90.6 57.3 23.6
      vertex 90.6 42.3 23.6
    endloop
  endfacet
  facet normal 0 0 -1
    outer loop
      vertex 88.2 42.3 23.6
      vertex 88.2 57.3 23.6
      vertex 90.6 57.3 23.6
    endloop
  endfacet
  facet normal 0 1 0
    outer loop
      vertex 20.8 18.8 0
      vertex 20.8 18.8 2.2
      vertex 23.3 18.8 0
    endloop
  endfacet
  facet normal 0 1 0
    outer loop
      vertex 20.8 18.8 2.2
      vertex 23.3 18.8 2.2
      vertex 23.3 18.8 0
    endloop
  endfacet
  facet normal 1 0 0
    outer loop
      vertex 20.8 18.8 0
      vertex 20.8 40.8 2.2
      vertex 20.8 18.8 2.2
    endloop
  endfacet
  facet normal -1 0 0
    outer loop
      vertex 23.3 18.8 0
      vertex 23.3 18.8 2.2
      vertex 23.3 40.8 0
    endloop
  endfacet
  facet normal 1 0 0
    outer loop
      vertex 20.8 18.8 0
      vertex 20.8 40.8 0
      vertex 20.8 40.8 2.2
    endloop
  endfacet
  facet normal 0 -1 0
    outer loop
      vertex 20.8 40.8 0
      vertex 23.3 40.8 0
      vertex 23.3 40.8 2.2
    endloop
  endfacet
  facet normal 0 -1 0
    outer loop
      vertex 20.8 40.8 0
      vertex 23.3 40.8 2.2
      vertex 20.8 40.8 2.2
    endloop
  endfacet
  facet normal -1 0 0
    outer loop
      vertex 23.3 18.8 2.2
      vertex 23.3 40.8 2.2
      vertex 23.3 40.8 0
    endloop
  endfacet
  facet normal 0 1 0
    outer loop
      vertex 28.8 18.8 0
      vertex 28.8 18.8 2.2
      vertex 31.3 18.8 0
    endloop
  endfacet
  facet normal 0 1 0
    outer loop
      vertex 31.3 18.8 0
      vertex 28.8 18.8 2.2
      vertex 31.3 18.8 2.2
    endloop
  endfacet
  facet normal 1 0 0
    outer loop
      vertex 28.8 18.8 0
      vertex 28.8 40.8 2.2
      vertex 28.8 18.8 2.2
    endloop
  endfacet
  facet normal -1 0 0
    outer loop
      vertex 31.3 18.8 0
      vertex 31.3 18.8 2.2
      vertex 31.3 40.8 0
    endloop
  endfacet
  facet normal 1 0 0
    outer loop
      vertex 28.8 18.8 0
      vertex 28.8 40.8 0
      vertex 28.8 40.8 2.2
    endloop
  endfacet
  facet normal -1 0 0
    outer loop
      vertex 31.3 18.8 2.2
      vertex 31.3 40.8 2.2
      vertex 31.3 40.8 0
    endloop
  endfacet
  facet normal 0 -1 0
    outer loop
      vertex 28.8 40.8 0
      vertex 31.3 40.8 0
      vertex 31.3 40.8 2.2
    endloop
  endfacet
  facet normal 0 -1 0
    outer loop
      vertex 28.8 40.8 0
      vertex 31.3 40.8 2.2
      vertex 28.8 40.8 2.2
    endloop
  endfacet
  facet normal 0 1 0
    outer loop
      vertex 36.8 18.8 0
      vertex 36.8 18.8 2.2
      vertex 39.3 18.8 0
    endloop
  endfacet
  facet normal 0 1 0
    outer loop
      vertex 39.3 18.8 0
      vertex 36.8 18.8 2.2
      vertex 39.3 18.8 2.2
    endloop
  endfacet
  facet normal 1 0 0
    outer loop
      vertex 36.8 18.8 0
      vertex 36.8 40.8 2.2
      vertex 36.8 18.8 2.2
    endloop
  endfacet
  facet normal -1 0 0
    outer loop
      vertex 39.3 18.8 0
      vertex 39.3 18.8 2.2
      vertex 39.3 40.8 0
    endloop
  endfacet
  facet normal 1 0 0
    outer loop
      vertex 36.8 18.8 0
      vertex 36.8 40.8 0
      vertex 36.8 40.8 2.2
    endloop
  endfacet
  facet normal -1 0 0
    outer loop
      vertex 39.3 18.8 2.2
      vertex 39.3 40.8 2.2
      vertex 39.3 40.8 0
    endloop
  endfacet
  facet normal 0 -1 0
    outer loop
      vertex 36.8 40.8 0
      vertex 39.3 40.8 0
      vertex 39.3 40.8 2.2
    endloop
  endfacet
  facet normal 0 -1 0
    outer loop
      vertex 36.8 40.8 0
      vertex 39.3 40.8 2.2
      vertex 36.8 40.8 2.2
    endloop
  endfacet
  facet normal 1 0 0
    outer loop
      vertex 44.8 18.8 0
      vertex 44.8 40.8 2.2
      vertex 44.8 18.8 2.2
    endloop
  endfacet
  facet normal 1 0 0
    outer loop
      vertex 44.8 18.8 0
      vertex 44.8 40.8 0
      vertex 44.8 40.8 2.2
    endloop
  endfacet
  facet normal 0 1 0
    outer loop
      vertex 44.8 18.8 0
      vertex 44.8 18.8 2.2
      vertex 47.3 18.8 0
    endloop
  endfacet
  facet normal 0 1 0
    outer loop
      vertex 44.8 18.8 2.2
      vertex 47.3 18.8 2.2
      vertex 47.3 18.8 0
    endloop
  endfacet
  facet normal -1 0 0
    outer loop
      vertex 47.3 18.8 0
      vertex 47.3 18.8 2.2
      vertex 47.3 40.8 0
    endloop
  endfacet
  facet normal -1 0 0
    outer loop
      vertex 47.3 18.8 2.2
      vertex 47.3 40.8 2.2
      vertex 47.3 40.8 0
    endloop
  endfacet
  facet normal 0 -1 0
    outer loop
      vertex 44.8 40.8 0
      vertex 47.3 40.8 0
      vertex 47.3 40.8 2.2
    endloop
  endfacet
  facet normal 0 -1 0
    outer loop
      vertex 44.8 40.8 0
      vertex 47.3 40.8 2.2
      vertex 44.8 40.8 2.2
    endloop
  endfacet
  facet normal 0 1 0
    outer loop
      vertex 52.8 18.8 0
      vertex 52.8 18.8 2.2
      vertex 55.3 18.8 0
    endloop
  endfacet
  facet normal 0 1 0
    outer loop
      vertex 55.3 18.8 0
      vertex 52.8 18.8 2.2
      vertex 55.3 18.8 2.2
    endloop
  endfacet
  facet normal 1 0 0
    outer loop
      vertex 52.8 18.8 0
      vertex 52.8 40.8 2.2
      vertex 52.8 18.8 2.2
    endloop
  endfacet
  facet normal -1 0 0
    outer loop
      vertex 55.3 18.8 0
      vertex 55.3 18.8 2.2
      vertex 55.3 40.8 0
    endloop
  endfacet
  facet normal 1 0 0
    outer loop
      vertex 52.8 18.8 0
      vertex 52.8 40.8 0
      vertex 52.8 40.8 2.2
    endloop
  endfacet
  facet normal -1 0 0
    outer loop
      vertex 55.3 18.8 2.2
      vertex 55.3 40.8 2.2
      vertex 55.3 40.8 0
    endloop
  endfacet
  facet normal 0 -1 0
    outer loop
      vertex 52.8 40.8 0
      vertex 55.3 40.8 2.2
      vertex 52.8 40.8 2.2
    endloop
  endfacet
  facet normal 0 -1 0
    outer loop
      vertex 52.8 40.8 0
      vertex 55.3 40.8 0
      vertex 55.3 40.8 2.2
    endloop
  endfacet
  facet normal 0 1 0
    outer loop
      vertex 60.8 18.8 0
      vertex 60.8 18.8 2.2
      vertex 63.3 18.8 0
    endloop
  endfacet
  facet normal 0 1 0
    outer loop
      vertex 60.8 18.8 2.2
      vertex 63.3 18.8 2.2
      vertex 63.3 18.8 0
    endloop
  endfacet
  facet normal 1 0 0
    outer loop
      vertex 60.8 18.8 0
      vertex 60.8 40.8 2.2
      vertex 60.8 18.8 2.2
    endloop
  endfacet
  facet normal -1 0 0
    outer loop
      vertex 63.3 18.8 0
      vertex 63.3 18.8 2.2
      vertex 63.3 40.8 0
    endloop
  endfacet
  facet normal 1 0 0
    outer loop
      vertex 60.8 18.8 0
      vertex 60.8 40.8 0
      vertex 60.8 40.8 2.2
    endloop
  endfacet
  facet normal -1 0 0
    outer loop
      vertex 63.3 18.8 2.2
      vertex 63.3 40.8 2.2
      vertex 63.3 40.8 0
    endloop
  endfacet
  facet normal 0 -1 0
    outer loop
      vertex 60.8 40.8 0
      vertex 63.3 40.8 2.2
      vertex 60.8 40.8 2.2
    endloop
  endfacet
  facet normal 0 -1 0
    outer loop
      vertex 60.8 40.8 0
      vertex 63.3 40.8 0
      vertex 63.3 40.8 2.2
    endloop
  endfacet
  facet normal 0 0 1
    outer loop
      vertex 22.8 59.199999999999996 8.2
      vertex 24.8 61.599999999999994 8.2
      vertex 22.8 61.599999999999994 8.2
    endloop
  endfacet
  facet normal 0 0 1
    outer loop
      vertex 22.8 59.199999999999996 8.2
      vertex 24.8 59.199999999999996 8.2
      vertex 24.8 61.599999999999994 8.2
    endloop
  endfacet
  facet normal 1 0 0
    outer loop
      vertex 22.8 59.199999999999996 8.2
      vertex 22.8 61.599999999999994 8.2
      vertex 22.8 59.199999999999996 18.2
    endloop
  endfacet
  facet normal -1 0 0
    outer loop
      vertex 24.8 59.199999999999996 8.2
      vertex 24.8 61.599999999999994 18.2
      vertex 24.8 61.599999999999994 8.2
    endloop
  endfacet
  facet normal 1 0 0
    outer loop
      vertex 22.8 61.599999999999994 8.2
      vertex 22.8 61.599999999999994 18.2
      vertex 22.8 59.199999999999996 18.2
    endloop
  endfacet
  facet normal -1 0 0
    outer loop
      vertex 24.8 59.199999999999996 8.2
      vertex 24.8 59.199999999999996 18.2
      vertex 24.8 61.599999999999994 18.2
    endloop
  endfacet
  facet normal 0 0 -1
    outer loop
      vertex 22.8 59.199999999999996 18.2
      vertex 22.8 61.599999999999994 18.2
      vertex 24.8 59.199999999999996 18.2
    endloop
  endfacet
  facet normal 0 0 -1
    outer loop
      vertex 24.8 59.199999999999996 18.2
      vertex 22.8 61.599999999999994 18.2
      vertex 24.8 61.599999999999994 18.2
    endloop
  endfacet
  facet normal 0 0 1
    outer loop
      vertex 32.8 59.199999999999996 8.2
      vertex 34.8 61.599999999999994 8.2
      vertex 32.8 61.599999999999994 8.2
    endloop
  endfacet
  facet normal 1 0 0
    outer loop
      vertex 32.8 59.199999999999996 8.2
      vertex 32.8 61.599999999999994 8.2
      vertex 32.8 59.199999999999996 18.2
    endloop
  endfacet
  facet normal 1 0 0
    outer loop
      vertex 32.8 61.599999999999994 8.2
      vertex 32.8 61.599999999999994 18.2
      vertex 32.8 59.199999999999996 18.2
    endloop
  endfacet
  facet normal 0 0 1
    outer loop
      vertex 32.8 59.199999999999996 8.2
      vertex 34.8 59.199999999999996 8.2
      vertex 34.8 61.599999999999994 8.2
    endloop
  endfacet
  facet normal -1 0 0
    outer loop
      vertex 34.8 59.199999999999996 8.2
      vertex 34.8 61.599999999999994 18.2
      vertex 34.8 61.599999999999994 8.2
    endloop
  endfacet
  facet normal -1 0 0
    outer loop
      vertex 34.8 59.199999999999996 8.2
      vertex 34.8 59.199999999999996 18.2
      vertex 34.8 61.599999999999994 18.2
    endloop
  endfacet
  facet normal 0 0 -1
    outer loop
      vertex 32.8 59.199999999999996 18.2
      vertex 32.8 61.599999999999994 18.2
      vertex 34.8 59.199999999999996 18.2
    endloop
  endfacet
  facet normal 0 0 -1
    outer loop
      vertex 32.8 61.599999999999994 18.2
      vertex 34.8 61.599999999999994 18.2
      vertex 34.8 59.199999999999996 18.2
    endloop
  endfacet
  facet normal 0 0 1
    outer loop
      vertex 42.8 59.199999999999996 8.2
      vertex 44.8 61.599999999999994 8.2
      vertex 42.8 61.599999999999994 8.2
    endloop
  endfacet
  facet normal 0 0 1
    outer loop
      vertex 42.8 59.199999999999996 8.2
      vertex 44.8 59.199999999999996 8.2
      vertex 44.8 61.599999999999994 8.2
    endloop
  endfacet
  facet normal 1 0 0
    outer loop
      vertex 42.8 59.199999999999996 8.2
      vertex 42.8 61.599999999999994 8.2
      vertex 42.8 59.199999999999996 18.2
    endloop
  endfacet
  facet normal -1 0 0
    outer loop
      vertex 44.8 59.199999999999996 8.2
      vertex 44.8 61.599999999999994 18.2
      vertex 44.8 61.599999999999994 8.2
    endloop
  endfacet
  facet normal 1 0 0
    outer loop
      vertex 42.8 61.599999999999994 8.2
      vertex 42.8 61.599999999999994 18.2
      vertex 42.8 59.199999999999996 18.2
    endloop
  endfacet
  facet normal -1 0 0
    outer loop
      vertex 44.8 59.199999999999996 8.2
      vertex 44.8 59.199999999999996 18.2
      vertex 44.8 61.599999999999994 18.2
    endloop
  endfacet
  facet normal 0 0 -1
    outer loop
      vertex 42.8 59.199999999999996 18.2
      vertex 42.8 61.599999999999994 18.2
      vertex 44.8 59.199999999999996 18.2
    endloop
  endfacet
  facet normal 0 0 -1
    outer loop
      vertex 44.8 59.199999999999996 18.2
      vertex 42.8 61.599999999999994 18.2
      vertex 44.8 61.599999999999994 18.2
    endloop
  endfacet
  facet normal 0 0 1
    outer loop
      vertex 52.8 59.199999999999996 8.2
      vertex 54.8 61.599999999999994 8.2
      vertex 52.8 61.599999999999994 8.2
    endloop
  endfacet
  facet normal 0 0 1
    outer loop
      vertex 52.8 59.199999999999996 8.2
      vertex 54.8 59.199999999999996 8.2
      vertex 54.8 61.599999999999994 8.2
    endloop
  endfacet
  facet normal 1 0 0
    outer loop
      vertex 52.8 59.199999999999996 8.2
      vertex 52.8 61.599999999999994 8.2
      vertex 52.8 59.199999999999996 18.2
    endloop
  endfacet
  facet normal -1 0 0
    outer loop
      vertex 54.8 59.199999999999996 8.2
      vertex 54.8 61.599999999999994 18.2
      vertex 54.8 61.599999999999994 8.2
    endloop
  endfacet
  facet normal 1 0 0
    outer loop
      vertex 52.8 61.599999999999994 8.2
      vertex 52.8 61.599999999999994 18.2
      vertex 52.8 59.199999999999996 18.2
    endloop
  endfacet
  facet normal -1 0 0
    outer loop
      vertex 54.8 59.199999999999996 8.2
      vertex 54.8 59.199999999999996 18.2
      vertex 54.8 61.599999999999994 18.2
    endloop
  endfacet
  facet normal 0 0 -1
    outer loop
      vertex 52.8 59.199999999999996 18.2
      vertex 52.8 61.599999999999994 18.2
      vertex 54.8 59.199999999999996 18.2
    endloop
  endfacet
  facet normal 0 0 -1
    outer loop
      vertex 52.8 61.599999999999994 18.2
      vertex 54.8 61.599999999999994 18.2
      vertex 54.8 59.199999999999996 18.2
    endloop
  endfacet
  facet normal 0 0 1
    outer loop
      vertex 62.8 59.199999999999996 8.2
      vertex 64.8 61.599999999999994 8.2
      vertex 62.8 61.599999999999994 8.2
    endloop
  endfacet
  facet normal 0 0 1
    outer loop
      vertex 62.8 59.199999999999996 8.2
      vertex 64.8 59.199999999999996 8.2
      vertex 64.8 61.599999999999994 8.2
    endloop
  endfacet
  facet normal 1 0 0
    outer loop
      vertex 62.8 59.199999999999996 8.2
      vertex 62.8 61.599999999999994 8.2
      vertex 62.8 59.199999999999996 18.2
    endloop
  endfacet
  facet normal -1 0 0
    outer loop
      vertex 64.8 59.199999999999996 8.2
      vertex 64.8 61.599999999999994 18.2
      vertex 64.8 61.599999999999994 8.2
    endloop
  endfacet
  facet normal 1 0 0
    outer loop
      vertex 62.8 61.599999999999994 8.2
      vertex 62.8 61.599999999999994 18.2
      vertex 62.8 59.199999999999996 18.2
    endloop
  endfacet
  facet normal -1 0 0
    outer loop
      vertex 64.8 59.199999999999996 8.2
      vertex 64.8 59.199999999999996 18.2
      vertex 64.8 61.599999999999994 18.2
    endloop
  endfacet
  facet normal 0 0 -1
    outer loop
      vertex 62.8 59.199999999999996 18.2
      vertex 62.8 61.599999999999994 18.2
      vertex 64.8 59.199999999999996 18.2
    endloop
  endfacet
  facet normal 0 0 -1
    outer loop
      vertex 64.8 59.199999999999996 18.2
      vertex 62.8 61.599999999999994 18.2
      vertex 64.8 61.599999999999994 18.2
    endloop
  endfacet
  facet normal 0 -1 0
    outer loop
      vertex 0 0 0
      vertex 17.9 0 6.1
      vertex 8.899999999999999 0 6.1
    endloop
  endfacet
  facet normal 0 -1 0
    outer loop
      vertex 0 0 0
      vertex 8.899999999999999 0 6.1
      vertex 8.899999999999999 0 12.1
    endloop
  endfacet
  facet normal 0 -1 0
    outer loop
      vertex 0 0 0
      vertex 26.299999999999997 0 6.1
      vertex 17.9 0 6.1
    endloop
  endfacet
  facet normal 0 0 -1
    outer loop
      vertex 0 0 0
      vertex 20.8 18.8 0
      vertex 23.3 18.8 0
    endloop
  endfacet
  facet normal 0 0 -1
    outer loop
      vertex 0 0 0
      vertex 23.3 18.8 0
      vertex 28.8 18.8 0
    endloop
  endfacet
  facet normal 0 0 -1
    outer loop
      vertex 0 0 0
      vertex 28.8 18.8 0
      vertex 31.3 18.8 0
    endloop
  endfacet
  facet normal 0 -1 0
    outer loop
      vertex 0 0 0
      vertex 8.899999999999999 0 12.1
      vertex 0 0 31.2
    endloop
  endfacet
  facet normal 0 -1 0
    outer loop
      vertex 17.9 0 6.1
      vertex 26.299999999999997 0 13.6
      vertex 17.9 0 12.1
    endloop
  endfacet
  facet normal -1 0 0
    outer loop
      vertex 0 0 0
      vertex 0 23.3 6.7
      vertex 0 23.3 3.2
    endloop
  endfacet
  facet normal -1 0 0
    outer loop
      vertex 0 0 0
      vertex 0 23.3 3.2
      vertex 0 38.3 3.2
    endloop
  endfacet
  facet normal 0 0 -1
    outer loop
      vertex 0 0 0
      vertex 20.8 40.8 0
      vertex 20.8 18.8 0
    endloop
  endfacet
  facet normal -1 0 0
    outer loop
      vertex 0 0 0
      vertex 0 61.599999999999994 31.2
      vertex 0 23.3 6.7
    endloop
  endfacet
  facet normal 0 0 -1
    outer loop
      vertex 0 0 0
      vertex 31.3 18.8 0
      vertex 36.8 18.8 0
    endloop
  endfacet
  facet normal 0 -1 0
    outer loop
      vertex 0 0 0
      vertex 90.6 0 0
      vertex 26.299999999999997 0 6.1
    endloop
  endfacet
  facet normal 0 0 -1
    outer loop
      vertex 0 0 0
      vertex 36.8 18.8 0
      vertex 90.6 0 0
    endloop
  endfacet
  facet normal 0 -1 0
    outer loop
      vertex 17.9 0 6.1
      vertex 26.299999999999997 0 6.1
      vertex 26.299999999999997 0 13.6
    endloop
  endfacet
  facet normal 0 0 -1
    outer loop
      vertex 23.3 18.8 0
      vertex 23.3 40.8 0
      vertex 28.8 18.8 0
    endloop
  endfacet
  facet normal 0 0 -1
    outer loop
      vertex 31.3 18.8 0
      vertex 31.3 40.8 0
      vertex 36.8 18.8 0
    endloop
  endfacet
  facet normal 0 0 -1
    outer loop
      vertex 39.3 18.8 0
      vertex 39.3 40.8 0
      vertex 44.8 18.8 0
    endloop
  endfacet
  facet normal 0 -1 0
    outer loop
      vertex 8.899999999999999 0 12.1
      vertex 17.9 0 12.1
      vertex 0 0 31.2
    endloop
  endfacet
  facet normal 0 -1 0
    outer loop
      vertex 17.9 0 12.1
      vertex 26.299999999999997 0 13.6
      vertex 0 0 31.2
    endloop
  endfacet
  facet normal -1 0 0
    outer loop
      vertex 0 0 0
      vertex 0 0 31.2
      vertex 0 61.599999999999994 31.2
    endloop
  endfacet
  facet normal 0 0 1
    outer loop
      vertex 0 0 31.2
      vertex 2.4 2.4 31.2
      vertex 0 61.599999999999994 31.2
    endloop
  endfacet
  facet normal 0 0 1
    outer loop
      vertex 0 0 31.2
      vertex 90.6 0 31.2
      vertex 2.4 2.4 31.2
    endloop
  endfacet
  facet normal 0 -1 0
    outer loop
      vertex 26.299999999999997 0 13.6
      vertex 90.6 0 31.2
      vertex 0 0 31.2
    endloop
  endfacet
  facet normal -1 0 0
    outer loop
      vertex 0 0 0
      vertex 0 38.3 3.2
      vertex 0 61.599999999999994 0
    endloop
  endfacet
  facet normal 0 0 -1
    outer loop
      vertex 0 0 0
      vertex 0 61.599999999999994 0
      vertex 20.8 40.8 0
    endloop
  endfacet
  facet normal -1 0 0
    outer loop
      vertex 0 38.3 3.2
      vertex 0 38.3 6.7
      vertex 0 61.599999999999994 0
    endloop
  endfacet
  facet normal -1 0 0
    outer loop
      vertex 0 23.3 6.7
      vertex 0 61.599999999999994 31.2
      vertex 0 38.3 6.7
    endloop
  endfacet
  facet normal 0 0 -1
    outer loop
      vertex 20.8 40.8 0
      vertex 0 61.599999999999994 0
      vertex 23.3 40.8 0
    endloop
  endfacet
  facet normal 0 0 -1
    outer loop
      vertex 0 61.599999999999994 0
      vertex 28.8 40.8 0
      vertex 23.3 40.8 0
    endloop
  endfacet
  facet normal 0 0 -1
    outer loop
      vertex 0 61.599999999999994 0
      vertex 31.3 40.8 0
      vertex 28.8 40.8 0
    endloop
  endfacet
  facet normal 0 1 0
    outer loop
      vertex 0 61.599999999999994 0
      vertex 22.8 61.599999999999994 8.2
      vertex 24.8 61.599999999999994 8.2
    endloop
  endfacet
  facet normal 0 1 0
    outer loop
      vertex 0 61.599999999999994 0
      vertex 24.8 61.599999999999994 8.2
      vertex 32.8 61.599999999999994 8.2
    endloop
  endfacet
  facet normal 0 1 0
    outer loop
      vertex 0 61.599999999999994 0
      vertex 32.8 61.599999999999994 8.2
      vertex 34.8 61.599999999999994 8.2
    endloop
  endfacet
  facet normal -1 0 0
    outer loop
      vertex 0 38.3 6.7
      vertex 0 61.599999999999994 31.2
      vertex 0 61.599999999999994 0
    endloop
  endfacet
  facet normal 0 1 0
    outer loop
      vertex 0 61.599999999999994 0
      vertex 22.8 61.599999999999994 18.2
      vertex 22.8 61.599999999999994 8.2
    endloop
  endfacet
  facet normal 0 0 -1
    outer loop
      vertex 28.8 18.8 0
      vertex 23.3 40.8 0
      vertex 28.8 40.8 0
    endloop
  endfacet
  facet normal 0 0 -1
    outer loop
      vertex 36.8 18.8 0
      vertex 31.3 40.8 0
      vertex 36.8 40.8 0
    endloop
  endfacet
  facet normal 0 0 -1
    outer loop
      vertex 44.8 18.8 0
      vertex 39.3 40.8 0
      vertex 44.8 40.8 0
    endloop
  endfacet
  facet normal 0 0 -1
    outer loop
      vertex 0 61.599999999999994 0
      vertex 36.8 40.8 0
      vertex 31.3 40.8 0
    endloop
  endfacet
  facet normal 0 1 0
    outer loop
      vertex 0 61.599999999999994 0
      vertex 34.8 61.599999999999994 8.2
      vertex 42.8 61.599999999999994 8.2
    endloop
  endfacet
  facet normal 0 1 0
    outer loop
      vertex 0 61.599999999999994 0
      vertex 42.8 61.599999999999994 8.2
      vertex 44.8 61.599999999999994 8.2
    endloop
  endfacet
  facet normal 0 1 0
    outer loop
      vertex 0 61.599999999999994 0
      vertex 44.8 61.599999999999994 8.2
      vertex 52.8 61.599999999999994 8.2
    endloop
  endfacet
  facet normal 0 0 -1
    outer loop
      vertex 0 61.599999999999994 0
      vertex 90.6 61.599999999999994 0
      vertex 36.8 40.8 0
    endloop
  endfacet
  facet normal 0 1 0
    outer loop
      vertex 0 61.599999999999994 0
      vertex 52.8 61.599999999999994 8.2
      vertex 54.8 61.599999999999994 8.2
    endloop
  endfacet
  facet normal 0 1 0
    outer loop
      vertex 24.8 61.599999999999994 8.2
      vertex 24.8 61.599999999999994 18.2
      vertex 32.8 61.599999999999994 8.2
    endloop
  endfacet
  facet normal 0 1 0
    outer loop
      vertex 32.8 61.599999999999994 8.2
      vertex 24.8 61.599999999999994 18.2
      vertex 32.8 61.599999999999994 18.2
    endloop
  endfacet
  facet normal 0 1 0
    outer loop
      vertex 34.8 61.599999999999994 8.2
      vertex 42.8 61.599999999999994 18.2
      vertex 42.8 61.599999999999994 8.2
    endloop
  endfacet
  facet normal 0 1 0
    outer loop
      vertex 34.8 61.599999999999994 8.2
      vertex 34.8 61.599999999999994 18.2
      vertex 42.8 61.599999999999994 18.2
    endloop
  endfacet
  facet normal 0 0 1
    outer loop
      vertex 2.4 2.4 31.2
      vertex 2.4 59.199999999999996 31.2
      vertex 0 61.599999999999994 31.2
    endloop
  endfacet
  facet normal 0 1 0
    outer loop
      vertex 0 61.599999999999994 0
      vertex 0 61.599999999999994 31.2
      vertex 22.8 61.599999999999994 18.2
    endloop
  endfacet
  facet normal 0 1 0
    outer loop
      vertex 0 61.599999999999994 31.2
      vertex 24.8 61.599999999999994 18.2
      vertex 22.8 61.599999999999994 18.2
    endloop
  endfacet
  facet normal 0 1 0
    outer loop
      vertex 0 61.599999999999994 31.2
      vertex 32.8 61.599999999999994 18.2
      vertex 24.8 61.599999999999994 18.2
    endloop
  endfacet
  facet normal 0 1 0
    outer loop
      vertex 0 61.599999999999994 31.2
      vertex 34.8 61.599999999999994 18.2
      vertex 32.8 61.599999999999994 18.2
    endloop
  endfacet
  facet normal 0 0 1
    outer loop
      vertex 2.4 59.199999999999996 31.2
      vertex 5.9 59.199999999999996 31.2
      vertex 0 61.599999999999994 31.2
    endloop
  endfacet
  facet normal 0 1 0
    outer loop
      vertex 0 61.599999999999994 31.2
      vertex 42.8 61.599999999999994 18.2
      vertex 34.8 61.599999999999994 18.2
    endloop
  endfacet
  facet normal 0 1 0
    outer loop
      vertex 0 61.599999999999994 31.2
      vertex 44.8 61.599999999999994 18.2
      vertex 42.8 61.599999999999994 18.2
    endloop
  endfacet
  facet normal 0 1 0
    outer loop
      vertex 0 61.599999999999994 31.2
      vertex 52.8 61.599999999999994 18.2
      vertex 44.8 61.599999999999994 18.2
    endloop
  endfacet
  facet normal 0 1 0
    outer loop
      vertex 0 61.599999999999994 31.2
      vertex 54.8 61.599999999999994 18.2
      vertex 52.8 61.599999999999994 18.2
    endloop
  endfacet
  facet normal 0 1 0
    outer loop
      vertex 0 61.599999999999994 31.2
      vertex 62.8 61.599999999999994 18.2
      vertex 54.8 61.599999999999994 18.2
    endloop
  endfacet
  facet normal 0 1 0
    outer loop
      vertex 0 61.599999999999994 31.2
      vertex 64.8 61.599999999999994 18.2
      vertex 62.8 61.599999999999994 18.2
    endloop
  endfacet
  facet normal 0 0 1
    outer loop
      vertex 0 61.599999999999994 31.2
      vertex 5.9 59.199999999999996 31.2
      vertex 84.69999999999999 59.199999999999996 31.2
    endloop
  endfacet
  facet normal 0 -1 0
    outer loop
      vertex 26.299999999999997 0 6.1
      vertex 90.6 0 0
      vertex 43.3 0 6.1
    endloop
  endfacet
  facet normal 0 0 -1
    outer loop
      vertex 36.8 18.8 0
      vertex 39.3 18.8 0
      vertex 90.6 0 0
    endloop
  endfacet
  facet normal 0 -1 0
    outer loop
      vertex 43.3 0 6.1
      vertex 90.6 0 0
      vertex 52.3 0 6.1
    endloop
  endfacet
  facet normal 0 -1 0
    outer loop
      vertex 52.3 0 6.1
      vertex 90.6 0 0
      vertex 60.3 0 6.1
    endloop
  endfacet
  facet normal 0 0 -1
    outer loop
      vertex 39.3 18.8 0
      vertex 44.8 18.8 0
      vertex 90.6 0 0
    endloop
  endfacet
  facet normal 0 0 -1
    outer loop
      vertex 44.8 18.8 0
      vertex 47.3 18.8 0
      vertex 90.6 0 0
    endloop
  endfacet
  facet normal 0 0 -1
    outer loop
      vertex 47.3 18.8 0
      vertex 52.8 18.8 0
      vertex 90.6 0 0
    endloop
  endfacet
  facet normal 0 0 -1
    outer loop
      vertex 52.8 18.8 0
      vertex 55.3 18.8 0
      vertex 90.6 0 0
    endloop
  endfacet
  facet normal 0 -1 0
    outer loop
      vertex 43.3 0 6.1
      vertex 52.3 0 6.1
      vertex 52.3 0 13.1
    endloop
  endfacet
  facet normal 0 -1 0
    outer loop
      vertex 43.3 0 6.1
      vertex 52.3 0 13.1
      vertex 43.3 0 13.6
    endloop
  endfacet
  facet normal 0 0 -1
    outer loop
      vertex 47.3 18.8 0
      vertex 47.3 40.8 0
      vertex 52.8 18.8 0
    endloop
  endfacet
  facet normal 0 0 -1
    outer loop
      vertex 55.3 18.8 0
      vertex 55.3 40.8 0
      vertex 60.8 18.8 0
    endloop
  endfacet
  facet normal 0 -1 0
    outer loop
      vertex 60.3 0 6.1
      vertex 90.6 0 0
      vertex 60.3 0 13.1
    endloop
  endfacet
  facet normal 0 0 -1
    outer loop
      vertex 55.3 18.8 0
      vertex 60.8 18.8 0
      vertex 90.6 0 0
    endloop
  endfacet
  facet normal 0 0 -1
    outer loop
      vertex 60.8 18.8 0
      vertex 63.3 18.8 0
      vertex 90.6 0 0
    endloop
  endfacet
  facet normal 1 0 0
    outer loop
      vertex 90.6 0 0
      vertex 90.6 21.05 6.1
      vertex 90.6 5.050000000000001 6.1
    endloop
  endfacet
  facet normal 1 0 0
    outer loop
      vertex 90.6 0 0
      vertex 90.6 24.3 6.1
      vertex 90.6 21.05 6.1
    endloop
  endfacet
  facet normal 1 0 0
    outer loop
      vertex 90.6 0 0
      vertex 90.6 5.050000000000001 6.1
      vertex 90.6 5.050000000000001 21.1
    endloop
  endfacet
  facet normal 0 -1 0
    outer loop
      vertex 60.3 0 13.1
      vertex 90.6 0 0
      vertex 90.6 0 31.2
    endloop
  endfacet
  facet normal 0 0 -1
    outer loop
      vertex 63.3 18.8 0
      vertex 90.6 61.599999999999994 0
      vertex 90.6 0 0
    endloop
  endfacet
  facet normal 1 0 0
    outer loop
      vertex 90.6 0 0
      vertex 90.6 61.599999999999994 0
      vertex 90.6 24.3 6.1
    endloop
  endfacet
  facet normal 1 0 0
    outer loop
      vertex 90.6 21.05 6.1
      vertex 90.6 24.3 6.1
      vertex 90.6 24.3 23.6
    endloop
  endfacet
  facet normal 0 -1 0
    outer loop
      vertex 26.299999999999997 0 13.6
      vertex 43.3 0 13.6
      vertex 90.6 0 31.2
    endloop
  endfacet
  facet normal 0 -1 0
    outer loop
      vertex 43.3 0 13.6
      vertex 52.3 0 13.1
      vertex 90.6 0 31.2
    endloop
  endfacet
  facet normal 0 -1 0
    outer loop
      vertex 52.3 0 13.1
      vertex 60.3 0 13.1
      vertex 90.6 0 31.2
    endloop
  endfacet
  facet normal 0 0 1
    outer loop
      vertex 2.4 2.4 31.2
      vertex 90.6 0 31.2
      vertex 88.2 2.4 31.2
    endloop
  endfacet
  facet normal 1 0 0
    outer loop
      vertex 90.6 0 0
      vertex 90.6 5.050000000000001 21.1
      vertex 90.6 0 31.2
    endloop
  endfacet
  facet normal 1 0 0
    outer loop
      vertex 90.6 5.050000000000001 21.1
      vertex 90.6 21.05 21.1
      vertex 90.6 0 31.2
    endloop
  endfacet
  facet normal 1 0 0
    outer loop
      vertex 90.6 0 31.2
      vertex 90.6 21.05 21.1
      vertex 90.6 24.3 23.6
    endloop
  endfacet
  facet normal 1 0 0
    outer loop
      vertex 90.6 21.05 6.1
      vertex 90.6 24.3 23.6
      vertex 90.6 21.05 21.1
    endloop
  endfacet
  facet normal 1 0 0
    outer loop
      vertex 90.6 0 31.2
      vertex 90.6 24.3 23.6
      vertex 90.6 39.3 23.6
    endloop
  endfacet
  facet normal 0 0 1
    outer loop
      vertex 90.6 0 31.2
      vertex 88.2 59.199999999999996 31.2
      vertex 88.2 2.4 31.2
    endloop
  endfacet
  facet normal 0 0 -1
    outer loop
      vertex 52.8 18.8 0
      vertex 47.3 40.8 0
      vertex 52.8 40.8 0
    endloop
  endfacet
  facet normal 0 0 -1
    outer loop
      vertex 60.8 18.8 0
      vertex 55.3 40.8 0
      vertex 60.8 40.8 0
    endloop
  endfacet
  facet normal 0 0 -1
    outer loop
      vertex 36.8 40.8 0
      vertex 90.6 61.599999999999994 0
      vertex 39.3 40.8 0
    endloop
  endfacet
  facet normal 0 1 0
    outer loop
      vertex 0 61.599999999999994 0
      vertex 54.8 61.599999999999994 8.2
      vertex 90.6 61.599999999999994 0
    endloop
  endfacet
  facet normal 0 0 -1
    outer loop
      vertex 39.3 40.8 0
      vertex 90.6 61.599999999999994 0
      vertex 44.8 40.8 0
    endloop
  endfacet
  facet normal 0 0 -1
    outer loop
      vertex 44.8 40.8 0
      vertex 90.6 61.599999999999994 0
      vertex 47.3 40.8 0
    endloop
  endfacet
  facet normal 0 0 -1
    outer loop
      vertex 47.3 40.8 0
      vertex 90.6 61.599999999999994 0
      vertex 52.8 40.8 0
    endloop
  endfacet
  facet normal 0 0 -1
    outer loop
      vertex 52.8 40.8 0
      vertex 90.6 61.599999999999994 0
      vertex 55.3 40.8 0
    endloop
  endfacet
  facet normal 0 1 0
    outer loop
      vertex 44.8 61.599999999999994 8.2
      vertex 44.8 61.599999999999994 18.2
      vertex 52.8 61.599999999999994 8.2
    endloop
  endfacet
  facet normal 0 1 0
    outer loop
      vertex 44.8 61.599999999999994 18.2
      vertex 52.8 61.599999999999994 18.2
      vertex 52.8 61.599999999999994 8.2
    endloop
  endfacet
  facet normal 0 1 0
    outer loop
      vertex 54.8 61.599999999999994 8.2
      vertex 54.8 61.599999999999994 18.2
      vertex 62.8 61.599999999999994 8.2
    endloop
  endfacet
  facet normal 0 1 0
    outer loop
      vertex 62.8 61.599999999999994 8.2
      vertex 54.8 61.599999999999994 18.2
      vertex 62.8 61.599999999999994 18.2
    endloop
  endfacet
  facet normal 0 0 -1
    outer loop
      vertex 63.3 18.8 0
      vertex 63.3 40.8 0
      vertex 90.6 61.599999999999994 0
    endloop
  endfacet
  facet normal 1 0 0
    outer loop
      vertex 90.6 24.3 6.1
      vertex 90.6 61.599999999999994 0
      vertex 90.6 39.3 6.1
    endloop
  endfacet
  facet normal 1 0 0
    outer loop
      vertex 90.6 39.3 6.1
      vertex 90.6 42.3 6.1
      vertex 90.6 42.3 23.6
    endloop
  endfacet
  facet normal 0 0 -1
    outer loop
      vertex 55.3 40.8 0
      vertex 90.6 61.599999999999994 0
      vertex 60.8 40.8 0
    endloop
  endfacet
  facet normal 0 0 -1
    outer loop
      vertex 60.8 40.8 0
      vertex 90.6 61.599999999999994 0
      vertex 63.3 40.8 0
    endloop
  endfacet
  facet normal 0 1 0
    outer loop
      vertex 54.8 61.599999999999994 8.2
      vertex 62.8 61.599999999999994 8.2
      vertex 90.6 61.599999999999994 0
    endloop
  endfacet
  facet normal 0 1 0
    outer loop
      vertex 62.8 61.599999999999994 8.2
      vertex 64.8 61.599999999999994 8.2
      vertex 90.6 61.599999999999994 0
    endloop
  endfacet
  facet normal 1 0 0
    outer loop
      vertex 90.6 39.3 6.1
      vertex 90.6 61.599999999999994 0
      vertex 90.6 42.3 6.1
    endloop
  endfacet
  facet normal 1 0 0
    outer loop
      vertex 90.6 42.3 6.1
      vertex 90.6 61.599999999999994 0
      vertex 90.6 57.3 6.1
    endloop
  endfacet
  facet normal 0 1 0
    outer loop
      vertex 64.8 61.599999999999994 8.2
      vertex 64.8 61.599999999999994 18.2
      vertex 90.6 61.599999999999994 0
    endloop
  endfacet
  facet normal 1 0 0
    outer loop
      vertex 90.6 61.599999999999994 0
      vertex 90.6 61.599999999999994 31.2
      vertex 90.6 57.3 6.1
    endloop
  endfacet
  facet normal 0 1 0
    outer loop
      vertex 0 61.599999999999994 31.2
      vertex 90.6 61.599999999999994 31.2
      vertex 64.8 61.599999999999994 18.2
    endloop
  endfacet
  facet normal 0 0 1
    outer loop
      vertex 0 61.599999999999994 31.2
      vertex 84.69999999999999 59.199999999999996 31.2
      vertex 88.2 59.199999999999996 31.2
    endloop
  endfacet
  facet normal 0 0 1
    outer loop
      vertex 0 61.599999999999994 31.2
      vertex 88.2 59.199999999999996 31.2
      vertex 90.6 61.599999999999994 31.2
    endloop
  endfacet
  facet normal 1 0 0
    outer loop
      vertex 90.6 39.3 6.1
      vertex 90.6 42.3 23.6
      vertex 90.6 39.3 23.6
    endloop
  endfacet
  facet normal 1 0 0
    outer loop
      vertex 90.6 0 31.2
      vertex 90.6 39.3 23.6
      vertex 90.6 61.599999999999994 31.2
    endloop
  endfacet
  facet normal 0 0 1
    outer loop
      vertex 90.6 0 31.2
      vertex 90.6 61.599999999999994 31.2
      vertex 88.2 59.199999999999996 31.2
    endloop
  endfacet
  facet normal 0 1 0
    outer loop
      vertex 90.6 61.599999999999994 0
      vertex 64.8 61.599999999999994 18.2
      vertex 90.6 61.599999999999994 31.2
    endloop
  endfacet
  facet normal 1 0 0
    outer loop
      vertex 90.6 57.3 6.1
      vertex 90.6 61.599999999999994 31.2
      vertex 90.6 57.3 23.6
    endloop
  endfacet
  facet normal 1 0 0
    outer loop
      vertex 90.6 39.3 23.6
      vertex 90.6 42.3 23.6
      vertex 90.6 61.599999999999994 31.2
    endloop
  endfacet
  facet normal 1 0 0
    outer loop
      vertex 90.6 42.3 23.6
      vertex 90.6 57.3 23.6
      vertex 90.6 61.599999999999994 31.2
    endloop
  endfacet
  facet normal 0 0 1
    outer loop
      vertex 2.4 2.4 2.2
      vertex 3.123263308980677 3.769334998469478 2.2
      vertex 2.868911086754465 4.15 2.2
    endloop
  endfacet
  facet normal 0 0 1
    outer loop
      vertex 2.4 2.4 2.2
      vertex 2.868911086754465 4.15 2.2
      vertex 2.666421636210497 4.560607986722186 2.2
    endloop
  endfacet
  facet normal 0 0 1
    outer loop
      vertex 2.4 2.4 2.2
      vertex 4.15 2.868911086754465 2.2
      vertex 3.769334998469478 3.123263308980677 2.2
    endloop
  endfacet
  facet normal 0 0 1
    outer loop
      vertex 2.4 2.4 2.2
      vertex 4.560607986722186 2.666421636210497 2.2
      vertex 4.15 2.868911086754465 2.2
    endloop
  endfacet
  facet normal 0 0 1
    outer loop
      vertex 2.4 2.4 2.2
      vertex 4.994133342141177 2.5192596079882614 2.2
      vertex 4.560607986722186 2.666421636210497 2.2
    endloop
  endfacet
  facet normal 0 0 1
    outer loop
      vertex 2.4 2.4 2.2
      vertex 3.425126265847084 3.425126265847084 2.2
      vertex 3.123263308980677 3.769334998469478 2.2
    endloop
  endfacet
  facet normal 0 0 1
    outer loop
      vertex 2.4 2.4 2.2
      vertex 3.769334998469478 3.123263308980677 2.2
      vertex 3.425126265847084 3.425126265847084 2.2
    endloop
  endfacet
  facet normal 0 0 1
    outer loop
      vertex 2.4 2.4 2.2
      vertex 5.44315832722982 2.429942985191664 2.2
      vertex 4.994133342141177 2.5192596079882614 2.2
    endloop
  endfacet
  facet normal 0 0 1
    outer loop
      vertex 2.4 2.4 2.2
      vertex 5.9 2.4000000000000004 2.2
      vertex 5.44315832722982 2.429942985191664 2.2
    endloop
  endfacet
  facet normal 0 0 1
    outer loop
      vertex 2.4 2.4 2.2
      vertex 2.5192596079882614 4.994133342141177 2.2
      vertex 2.429942985191664 5.44315832722982 2.2
    endloop
  endfacet
  facet normal 0 0 1
    outer loop
      vertex 2.4 2.4 2.2
      vertex 2.666421636210497 4.560607986722186 2.2
      vertex 2.5192596079882614 4.994133342141177 2.2
    endloop
  endfacet
  facet normal 0 0 1
    outer loop
      vertex 2.4 2.4 2.2
      vertex 2.429942985191664 5.44315832722982 2.2
      vertex 2.4000000000000004 5.9 2.2
    endloop
  endfacet
  facet normal 0 0 1
    outer loop
      vertex 5.258982895557499 6.162947498168946 2.2
      vertex 5.9 6.95 2.2
      vertex 5.25 6.3 2.2
    endloop
  endfacet
  facet normal 0 0 1
    outer loop
      vertex 5.329926490863149 5.898182396016655 2.2
      vertex 6.301817603983345 6.870073509136851 2.2
      vertex 5.285777882396478 6.028240002642353 2.2
    endloop
  endfacet
  facet normal 0 0 1
    outer loop
      vertex 5.285777882396478 6.028240002642353 2.2
      vertex 6.037052501831054 6.941017104442501 2.2
      vertex 5.258982895557499 6.162947498168946 2.2
    endloop
  endfacet
  facet normal 0 0 1
    outer loop
      vertex 5.25 6.3 2.2
      vertex 5.9 6.95 2.2
      vertex 5.258982895557499 6.437052501831054 2.2
    endloop
  endfacet
  facet normal 0 0 1
    outer loop
      vertex 5.258982895557499 6.437052501831054 2.2
      vertex 5.762947498168947 6.941017104442501 2.2
      vertex 5.285777882396478 6.571759997357646 2.2
    endloop
  endfacet
  facet normal 0 0 1
    outer loop
      vertex 5.285777882396478 6.571759997357646 2.2
      vertex 5.628240002642354 6.914222117603522 2.2
      vertex 5.329926490863149 6.701817603983344 2.2
    endloop
  endfacet
  facet normal 0 0 1
    outer loop
      vertex 5.329926490863149 6.701817603983344 2.2
      vertex 5.498182396016656 6.870073509136851 2.2
      vertex 5.385496851648268 6.814503148351734 2.2
    endloop
  endfacet
  facet normal 0 0 1
    outer loop
      vertex 5.329926490863149 6.701817603983344 2.2
      vertex 5.628240002642354 6.914222117603522 2.2
      vertex 5.498182396016656 6.870073509136851 2.2
    endloop
  endfacet
  facet normal 0 0 1
    outer loop
      vertex 5.285777882396478 6.571759997357646 2.2
      vertex 5.762947498168947 6.941017104442501 2.2
      vertex 5.628240002642354 6.914222117603522 2.2
    endloop
  endfacet
  facet normal 0 0 1
    outer loop
      vertex 5.258982895557499 6.437052501831054 2.2
      vertex 5.9 6.95 2.2
      vertex 5.762947498168947 6.941017104442501 2.2
    endloop
  endfacet
  facet normal 0 0 1
    outer loop
      vertex 5.7749999999999995 5.39067332602634 2.2
      vertex 6.870073509136851 6.301817603983345 2.2
      vertex 5.660800499540843 5.4669789926942025 2.2
    endloop
  endfacet
  facet normal 0 0 1
    outer loop
      vertex 5.7749999999999995 5.39067332602634 2.2
      vertex 5.898182396016655 5.329926490863149 2.2
      vertex 6.870073509136851 6.301817603983345 2.2
    endloop
  endfacet
  facet normal 0 0 1
    outer loop
      vertex 6.028240002642353 5.285777882396478 2.2
      vertex 6.941017104442501 6.037052501831054 2.2
      vertex 5.898182396016655 5.329926490863149 2.2
    endloop
  endfacet
  facet normal 0 0 1
    outer loop
      vertex 6.162947498168946 5.258982895557499 2.2
      vertex 6.95 5.9 2.2
      vertex 6.028240002642353 5.285777882396478 2.2
    endloop
  endfacet
  facet normal 0 0 1
    outer loop
      vertex 6.162947498168946 5.258982895557499 2.2
      vertex 6.3 5.25 2.2
      vertex 6.95 5.9 2.2
    endloop
  endfacet
  facet normal 0 0 1
    outer loop
      vertex 6.3 5.25 2.2
      vertex 6.437052501831054 5.258982895557499 2.2
      vertex 6.95 5.9 2.2
    endloop
  endfacet
  facet normal 0 0 1
    outer loop
      vertex 6.437052501831054 5.258982895557499 2.2
      vertex 6.571759997357646 5.285777882396478 2.2
      vertex 6.941017104442501 5.762947498168947 2.2
    endloop
  endfacet
  facet normal 0 0 1
    outer loop
      vertex 6.028240002642353 5.285777882396478 2.2
      vertex 6.95 5.9 2.2
      vertex 6.941017104442501 6.037052501831054 2.2
    endloop
  endfacet
  facet normal 0 0 1
    outer loop
      vertex 6.701817603983344 5.329926490863149 2.2
      vertex 6.814503148351734 5.385496851648267 2.2
      vertex 6.870073509136851 5.498182396016656 2.2
    endloop
  endfacet
  facet normal 0 0 1
    outer loop
      vertex 6.571759997357646 5.285777882396478 2.2
      vertex 6.701817603983344 5.329926490863149 2.2
      vertex 6.914222117603522 5.628240002642354 2.2
    endloop
  endfacet
  facet normal 0 0 1
    outer loop
      vertex 6.701817603983344 5.329926490863149 2.2
      vertex 6.870073509136851 5.498182396016656 2.2
      vertex 6.914222117603522 5.628240002642354 2.2
    endloop
  endfacet
  facet normal 0 0 1
    outer loop
      vertex 6.571759997357646 5.285777882396478 2.2
      vertex 6.914222117603522 5.628240002642354 2.2
      vertex 6.941017104442501 5.762947498168947 2.2
    endloop
  endfacet
  facet normal 0 0 1
    outer loop
      vertex 6.437052501831054 5.258982895557499 2.2
      vertex 6.941017104442501 5.762947498168947 2.2
      vertex 6.95 5.9 2.2
    endloop
  endfacet
  facet normal 0 0 1
    outer loop
      vertex 5.660800499540843 5.4669789926942025 2.2
      vertex 6.733021007305798 6.539199500459157 2.2
      vertex 5.557537879754125 5.557537879754125 2.2
    endloop
  endfacet
  facet normal 0 0 1
    outer loop
      vertex 5.4669789926942025 5.660800499540843 2.2
      vertex 5.557537879754125 5.557537879754125 2.2
      vertex 6.642462120245876 6.642462120245876 2.2
    endloop
  endfacet
  facet normal 0 0 1
    outer loop
      vertex 5.39067332602634 5.7749999999999995 2.2
      vertex 5.4669789926942025 5.660800499540843 2.2
      vertex 6.539199500459157 6.733021007305798 2.2
    endloop
  endfacet
  facet normal 0 0 1
    outer loop
      vertex 5.39067332602634 5.7749999999999995 2.2
      vertex 6.301817603983345 6.870073509136851 2.2
      vertex 5.329926490863149 5.898182396016655 2.2
    endloop
  endfacet
  facet normal 0 0 1
    outer loop
      vertex 5.557537879754125 5.557537879754125 2.2
      vertex 6.733021007305798 6.539199500459157 2.2
      vertex 6.642462120245876 6.642462120245876 2.2
    endloop
  endfacet
  facet normal 0 0 1
    outer loop
      vertex 5.258982895557499 6.162947498168946 2.2
      vertex 6.037052501831054 6.941017104442501 2.2
      vertex 5.9 6.95 2.2
    endloop
  endfacet
  facet normal 0 0 1
    outer loop
      vertex 5.285777882396478 6.028240002642353 2.2
      vertex 6.171759997357647 6.914222117603522 2.2
      vertex 6.037052501831054 6.941017104442501 2.2
    endloop
  endfacet
  facet normal 0 0 1
    outer loop
      vertex 5.285777882396478 6.028240002642353 2.2
      vertex 6.301817603983345 6.870073509136851 2.2
      vertex 6.171759997357647 6.914222117603522 2.2
    endloop
  endfacet
  facet normal 0 0 1
    outer loop
      vertex 5.39067332602634 5.7749999999999995 2.2
      vertex 6.425000000000001 6.809326673973661 2.2
      vertex 6.301817603983345 6.870073509136851 2.2
    endloop
  endfacet
  facet normal 0 0 1
    outer loop
      vertex 5.39067332602634 5.7749999999999995 2.2
      vertex 6.539199500459157 6.733021007305798 2.2
      vertex 6.425000000000001 6.809326673973661 2.2
    endloop
  endfacet
  facet normal 0 0 1
    outer loop
      vertex 5.4669789926942025 5.660800499540843 2.2
      vertex 6.642462120245876 6.642462120245876 2.2
      vertex 6.539199500459157 6.733021007305798 2.2
    endloop
  endfacet
  facet normal 0 0 1
    outer loop
      vertex 5.898182396016655 5.329926490863149 2.2
      vertex 6.941017104442501 6.037052501831054 2.2
      vertex 6.914222117603522 6.171759997357647 2.2
    endloop
  endfacet
  facet normal 0 0 1
    outer loop
      vertex 5.898182396016655 5.329926490863149 2.2
      vertex 6.914222117603522 6.171759997357647 2.2
      vertex 6.870073509136851 6.301817603983345 2.2
    endloop
  endfacet
  facet normal 0 0 1
    outer loop
      vertex 5.660800499540843 5.4669789926942025 2.2
      vertex 6.870073509136851 6.301817603983345 2.2
      vertex 6.809326673973661 6.425000000000001 2.2
    endloop
  endfacet
  facet normal 0 0 1
    outer loop
      vertex 5.660800499540843 5.4669789926942025 2.2
      vertex 6.809326673973661 6.425000000000001 2.2
      vertex 6.733021007305798 6.539199500459157 2.2
    endloop
  endfacet
  facet normal 0 1 0
    outer loop
      vertex 2.4 2.4 2.2
      vertex 8.899999999999999 2.4 6.1
      vertex 17.9 2.4 6.1
    endloop
  endfacet
  facet normal 1 -1.2688263138573217e-16 2.6518469959618025e-15
    outer loop
      vertex 2.4 2.4 2.2
      vertex 2.4000000000000004 5.9 2.2
      vertex 2.4 23.3 3.2
    endloop
  endfacet
  facet normal 0 0 1
    outer loop
      vertex 20.8 18.8 2.2
      vertex 6.356841672770181 9.370057014808337 2.2
      vertex 6.805866657858823 9.28074039201174 2.2
    endloop
  endfacet
  facet normal 0 0 1
    outer loop
      vertex 20.8 18.8 2.2
      vertex 5.44315832722982 9.370057014808337 2.2
      vertex 5.9 9.4 2.2
    endloop
  endfacet
  facet normal 0 0 1
    outer loop
      vertex 20.8 18.8 2.2
      vertex 5.9 9.4 2.2
      vertex 6.356841672770181 9.370057014808337 2.2
    endloop
  endfacet
  facet normal -1.2688263138573214e-16 1 7.775627923382048e-16
    outer loop
      vertex 2.4 2.4 2.2
      vertex 26.299999999999997 2.4 6.1
      vertex 5.9 2.4000000000000004 2.2
    endloop
  endfacet
  facet normal 0 1 0
    outer loop
      vertex 2.4 2.4 2.2
      vertex 17.9 2.4 6.1
      vertex 26.299999999999997 2.4 6.1
    endloop
  endfacet
  facet normal 0 0 1
    outer loop
      vertex 23.3 18.8 2.2
      vertex 9.210359963005347 7.013200715890832 2.2
      vertex 9.28074039201174 6.805866657858823 2.2
    endloop
  endfacet
  facet normal 0 0 1
    outer loop
      vertex 23.3 18.8 2.2
      vertex 9.197777478867206 7.076457135307562 2.2
      vertex 9.210359963005347 7.013200715890832 2.2
    endloop
  endfacet
  facet normal 0 0 1
    outer loop
      vertex 23.3 18.8 2.2
      vertex 8.898076211353317 7.8 2.2
      vertex 9.071638597533859 7.44805029709527 2.2
    endloop
  endfacet
  facet normal 0 0 1
    outer loop
      vertex 23.3 18.8 2.2
      vertex 9.071638597533859 7.44805029709527 2.2
      vertex 9.197777478867206 7.076457135307562 2.2
    endloop
  endfacet
  facet normal 0 0 1
    outer loop
      vertex 31.3 18.8 2.2
      vertex 9.370057014808337 6.356841672770181 2.2
      vertex 9.4 5.9 2.2
    endloop
  endfacet
  facet normal 0 0 1
    outer loop
      vertex 28.8 18.8 2.2
      vertex 9.28074039201174 6.805866657858823 2.2
      vertex 9.370057014808337 6.356841672770181 2.2
    endloop
  endfacet
  facet normal 0 0 1
    outer loop
      vertex 20.8 18.8 2.2
      vertex 6.805866657858823 9.28074039201174 2.2
      vertex 7.013200715890833 9.210359963005347 2.2
    endloop
  endfacet
  facet normal 0 0 1
    outer loop
      vertex 20.8 18.8 2.2
      vertex 7.013200715890833 9.210359963005347 2.2
      vertex 7.076457135307562 9.197777478867206 2.2
    endloop
  endfacet
  facet normal 0 0 1
    outer loop
      vertex 20.8 18.8 2.2
      vertex 7.44805029709527 9.071638597533859 2.2
      vertex 7.8 8.898076211353317 2.2
    endloop
  endfacet
  facet normal 0 0 1
    outer loop
      vertex 20.8 18.8 2.2
      vertex 7.076457135307562 9.197777478867206 2.2
      vertex 7.44805029709527 9.071638597533859 2.2
    endloop
  endfacet
  facet normal 0 0 1
    outer loop
      vertex 20.8 18.8 2.2
      vertex 8.421320343559643 8.421320343559643 2.2
      vertex 8.680060020873706 8.126284287026161 2.2
    endloop
  endfacet
  facet normal 0 0 1
    outer loop
      vertex 20.8 18.8 2.2
      vertex 8.126284287026161 8.680060020873706 2.2
      vertex 8.421320343559643 8.421320343559643 2.2
    endloop
  endfacet
  facet normal 0 0 1
    outer loop
      vertex 20.8 18.8 2.2
      vertex 7.8 8.898076211353317 2.2
      vertex 8.126284287026161 8.680060020873706 2.2
    endloop
  endfacet
  facet normal 0 0 1
    outer loop
      vertex 20.8 18.8 2.2
      vertex 8.680060020873706 8.126284287026161 2.2
      vertex 8.898076211353317 7.8 2.2
    endloop
  endfacet
  facet normal 0 0 1
    outer loop
      vertex 36.8 18.8 2.2
      vertex 8.374873734152917 3.425126265847084 2.2
      vertex 8.030665001530522 3.123263308980677 2.2
    endloop
  endfacet
  facet normal 0 0 1
    outer loop
      vertex 36.8 18.8 2.2
      vertex 8.676736691019324 3.769334998469478 2.2
      vertex 8.374873734152917 3.425126265847084 2.2
    endloop
  endfacet
  facet normal 0 0 1
    outer loop
      vertex 36.8 18.8 2.2
      vertex 8.931088913245535 4.15 2.2
      vertex 8.676736691019324 3.769334998469478 2.2
    endloop
  endfacet
  facet normal 0 0 1
    outer loop
      vertex 36.8 18.8 2.2
      vertex 9.133578363789503 4.560607986722186 2.2
      vertex 8.931088913245535 4.15 2.2
    endloop
  endfacet
  facet normal 0 0 1
    outer loop
      vertex 36.8 18.8 2.2
      vertex 9.28074039201174 4.994133342141177 2.2
      vertex 9.133578363789503 4.560607986722186 2.2
    endloop
  endfacet
  facet normal 0 0 1
    outer loop
      vertex 36.8 18.8 2.2
      vertex 9.370057014808337 5.44315832722982 2.2
      vertex 9.28074039201174 4.994133342141177 2.2
    endloop
  endfacet
  facet normal 0 0 1
    outer loop
      vertex 36.8 18.8 2.2
      vertex 9.4 5.9 2.2
      vertex 9.370057014808337 5.44315832722982 2.2
    endloop
  endfacet
  facet normal 0 0 1
    outer loop
      vertex 20.8 18.8 2.2
      vertex 8.898076211353317 7.8 2.2
      vertex 23.3 18.8 2.2
    endloop
  endfacet
  facet normal 0 0 1
    outer loop
      vertex 23.3 18.8 2.2
      vertex 9.28074039201174 6.805866657858823 2.2
      vertex 28.8 18.8 2.2
    endloop
  endfacet
  facet normal 0 1 0
    outer loop
      vertex 2.4 2.4 2.2
      vertex 2.4 2.4 31.2
      vertex 8.899999999999999 2.4 6.1
    endloop
  endfacet
  facet normal 0 1 0
    outer loop
      vertex 17.9 2.4 6.1
      vertex 17.9 2.4 12.1
      vertex 26.299999999999997 2.4 6.1
    endloop
  endfacet
  facet normal 0 0 1
    outer loop
      vertex 2.4000000000000004 5.9 2.2
      vertex 2.429942985191664 6.356841672770181 2.2
      vertex 2.429942985191664 55.243158327229814 2.2
    endloop
  endfacet
  facet normal 0 0 1
    outer loop
      vertex 2.429942985191664 6.356841672770181 2.2
      vertex 2.5192596079882614 6.805866657858823 2.2
      vertex 2.429942985191664 55.243158327229814 2.2
    endloop
  endfacet
  facet normal 0 0 1
    outer loop
      vertex 2.5192596079882614 6.805866657858823 2.2
      vertex 2.666421636210497 7.239392013277815 2.2
      vertex 2.666421636210497 54.36060798672218 2.2
    endloop
  endfacet
  facet normal 0 0 1
    outer loop
      vertex 2.666421636210497 7.239392013277815 2.2
      vertex 2.868911086754465 7.65 2.2
      vertex 2.666421636210497 54.36060798672218 2.2
    endloop
  endfacet
  facet normal 0 0 1
    outer loop
      vertex 2.868911086754465 7.65 2.2
      vertex 3.123263308980677 8.030665001530522 2.2
      vertex 3.123263308980677 53.56933499846947 2.2
    endloop
  endfacet
  facet normal 1 0 0
    outer loop
      vertex 2.4 2.4 2.2
      vertex 2.4 23.3 3.2
      vertex 2.4 23.3 6.7
    endloop
  endfacet
  facet normal 0 0 1
    outer loop
      vertex 3.123263308980677 8.030665001530522 2.2
      vertex 3.425126265847084 8.374873734152917 2.2
      vertex 3.123263308980677 53.56933499846947 2.2
    endloop
  endfacet
  facet normal 0 0 1
    outer loop
      vertex 3.425126265847084 8.374873734152917 2.2
      vertex 3.769334998469478 8.676736691019324 2.2
      vertex 3.769334998469478 52.92326330898067 2.2
    endloop
  endfacet
  facet normal 0 0 1
    outer loop
      vertex 3.769334998469478 8.676736691019324 2.2
      vertex 4.15 8.931088913245535 2.2
      vertex 3.769334998469478 52.92326330898067 2.2
    endloop
  endfacet
  facet normal 0 0 1
    outer loop
      vertex 4.15 8.931088913245535 2.2
      vertex 4.560607986722186 9.133578363789503 2.2
      vertex 4.560607986722186 52.46642163621049 2.2
    endloop
  endfacet
  facet normal 0 0 1
    outer loop
      vertex 4.560607986722186 9.133578363789503 2.2
      vertex 4.994133342141177 9.28074039201174 2.2
      vertex 4.560607986722186 52.46642163621049 2.2
    endloop
  endfacet
  facet normal 0 0 1
    outer loop
      vertex 4.994133342141177 9.28074039201174 2.2
      vertex 5.44315832722982 9.370057014808337 2.2
      vertex 5.44315832722982 52.229942985191656 2.2
    endloop
  endfacet
  facet normal 1 0 4.440892098500626e-16
    outer loop
      vertex 2.4000000000000004 5.9 2.2
      vertex 2.4000000000000004 55.699999999999996 2.2
      vertex 2.4 23.3 3.2
    endloop
  endfacet
  facet normal 0 0 1
    outer loop
      vertex 20.8 18.8 2.2
      vertex 20.8 40.8 2.2
      vertex 5.44315832722982 9.370057014808337 2.2
    endloop
  endfacet
  facet normal 1 0 0
    outer loop
      vertex 2.4 2.4 2.2
      vertex 2.4 23.3 6.7
      vertex 2.4 59.199999999999996 31.2
    endloop
  endfacet
  facet normal 0 0 1
    outer loop
      vertex 5.9 2.4000000000000004 2.2
      vertex 64.3 3.3 2.2
      vertex 6.356841672770181 2.429942985191664 2.2
    endloop
  endfacet
  facet normal 0 0 1
    outer loop
      vertex 6.356841672770181 2.429942985191664 2.2
      vertex 63.908421423339846 3.325665415878569 2.2
      vertex 6.805866657858823 2.5192596079882614 2.2
    endloop
  endfacet
  facet normal 0 0 1
    outer loop
      vertex 6.805866657858823 2.5192596079882614 2.2
      vertex 63.52354286469244 3.4022225211327948 2.2
      vertex 7.239392013277815 2.666421636210497 2.2
    endloop
  endfacet
  facet normal 0 0 1
    outer loop
      vertex 7.239392013277815 2.666421636210497 2.2
      vertex 63.15194970290473 3.52836140246614 2.2
      vertex 7.65 2.868911086754465 2.2
    endloop
  endfacet
  facet normal 0 0 1
    outer loop
      vertex 7.65 2.868911086754465 2.2
      vertex 62.8 3.701923788646684 2.2
      vertex 8.030665001530522 3.123263308980677 2.2
    endloop
  endfacet
  facet normal 0 0 1
    outer loop
      vertex 28.8 18.8 2.2
      vertex 9.370057014808337 6.356841672770181 2.2
      vertex 31.3 18.8 2.2
    endloop
  endfacet
  facet normal 0 0 1
    outer loop
      vertex 31.3 18.8 2.2
      vertex 9.4 5.9 2.2
      vertex 36.8 18.8 2.2
    endloop
  endfacet
  facet normal 0 1 1.138690281666827e-16
    outer loop
      vertex 26.299999999999997 2.4 6.1
      vertex 84.69999999999999 2.4000000000000004 2.2
      vertex 5.9 2.4000000000000004 2.2
    endloop
  endfacet
  facet normal 0 0 1
    outer loop
      vertex 7.65 2.868911086754465 2.2
      vertex 63.15194970290473 3.52836140246614 2.2
      vertex 62.8 3.701923788646684 2.2
    endloop
  endfacet
  facet normal 0 0 1
    outer loop
      vertex 8.030665001530522 3.123263308980677 2.2
      vertex 62.473715712973835 3.919939979126294 2.2
      vertex 62.17867965644035 4.178679656440357 2.2
    endloop
  endfacet
  facet normal 0 0 1
    outer loop
      vertex 8.030665001530522 3.123263308980677 2.2
      vertex 62.8 3.701923788646684 2.2
      vertex 62.473715712973835 3.919939979126294 2.2
    endloop
  endfacet
  facet normal 0 0 1
    outer loop
      vertex 6.805866657858823 2.5192596079882614 2.2
      vertex 63.908421423339846 3.325665415878569 2.2
      vertex 63.52354286469244 3.4022225211327948 2.2
    endloop
  endfacet
  facet normal 0 0 1
    outer loop
      vertex 6.356841672770181 2.429942985191664 2.2
      vertex 64.3 3.3 2.2
      vertex 63.908421423339846 3.325665415878569 2.2
    endloop
  endfacet
  facet normal 0 0 1
    outer loop
      vertex 7.239392013277815 2.666421636210497 2.2
      vertex 63.52354286469244 3.4022225211327948 2.2
      vertex 63.15194970290473 3.52836140246614 2.2
    endloop
  endfacet
  facet normal 0 0 1
    outer loop
      vertex 8.030665001530522 3.123263308980677 2.2
      vertex 61.91993997912629 4.473715712973838 2.2
      vertex 61.70192378864668 4.8 2.2
    endloop
  endfacet
  facet normal 0 0 1
    outer loop
      vertex 8.030665001530522 3.123263308980677 2.2
      vertex 61.70192378864668 4.8 2.2
      vertex 61.52836140246614 5.15194970290473 2.2
    endloop
  endfacet
  facet normal 0 0 1
    outer loop
      vertex 8.030665001530522 3.123263308980677 2.2
      vertex 61.52836140246614 5.15194970290473 2.2
      vertex 61.40222252113279 5.523542864692438 2.2
    endloop
  endfacet
  facet normal 0 0 1
    outer loop
      vertex 8.030665001530522 3.123263308980677 2.2
      vertex 61.40222252113279 5.523542864692438 2.2
      vertex 61.32566541587857 5.9084214233398455 2.2
    endloop
  endfacet
  facet normal 0 0 1
    outer loop
      vertex 8.030665001530522 3.123263308980677 2.2
      vertex 62.17867965644035 4.178679656440357 2.2
      vertex 61.91993997912629 4.473715712973838 2.2
    endloop
  endfacet
  facet normal 0 0 1
    outer loop
      vertex 36.8 18.8 2.2
      vertex 8.030665001530522 3.123263308980677 2.2
      vertex 61.32566541587857 5.9084214233398455 2.2
    endloop
  endfacet
  facet normal 0 1 0
    outer loop
      vertex 17.9 2.4 12.1
      vertex 26.299999999999997 2.4 13.6
      vertex 26.299999999999997 2.4 6.1
    endloop
  endfacet
  facet normal 0 0 1
    outer loop
      vertex 23.3 18.8 2.2
      vertex 28.8 18.8 2.2
      vertex 28.8 40.8 2.2
    endloop
  endfacet
  facet normal 0 0 1
    outer loop
      vertex 31.3 18.8 2.2
      vertex 36.8 18.8 2.2
      vertex 36.8 40.8 2.2
    endloop
  endfacet
  facet normal 0 0 1
    outer loop
      vertex 39.3 18.8 2.2
      vertex 44.8 18.8 2.2
      vertex 44.8 40.8 2.2
    endloop
  endfacet
  facet normal 0 1 0
    outer loop
      vertex 8.899999999999999 2.4 6.1
      vertex 2.4 2.4 31.2
      vertex 8.899999999999999 2.4 12.1
    endloop
  endfacet
  facet normal 0 1 0
    outer loop
      vertex 8.899999999999999 2.4 12.1
      vertex 2.4 2.4 31.2
      vertex 17.9 2.4 12.1
    endloop
  endfacet
  facet normal 0 1 0
    outer loop
      vertex 17.9 2.4 12.1
      vertex 2.4 2.4 31.2
      vertex 26.299999999999997 2.4 13.6
    endloop
  endfacet
  facet normal 1 0 0
    outer loop
      vertex 2.4 2.4 2.2
      vertex 2.4 59.199999999999996 31.2
      vertex 2.4 2.4 31.2
    endloop
  endfacet
  facet normal 0 1 0
    outer loop
      vertex 26.299999999999997 2.4 13.6
      vertex 2.4 2.4 31.2
      vertex 43.3 2.4 13.6
    endloop
  endfacet
  facet normal 0 1 0
    outer loop
      vertex 43.3 2.4 13.6
      vertex 2.4 2.4 31.2
      vertex 52.3 2.4 13.1
    endloop
  endfacet
  facet normal 0 1 0
    outer loop
      vertex 2.4 2.4 31.2
      vertex 60.3 2.4 13.1
      vertex 52.3 2.4 13.1
    endloop
  endfacet
  facet normal 0 0 1
    outer loop
      vertex 2.868911086754465 7.65 2.2
      vertex 3.123263308980677 53.56933499846947 2.2
      vertex 2.868911086754465 53.949999999999996 2.2
    endloop
  endfacet
  facet normal 0 0 1
    outer loop
      vertex 3.425126265847084 8.374873734152917 2.2
      vertex 3.425126265847084 53.22512626584708 2.2
      vertex 3.123263308980677 53.56933499846947 2.2
    endloop
  endfacet
  facet normal 0 0 1
    outer loop
      vertex 3.425126265847084 8.374873734152917 2.2
      vertex 3.769334998469478 52.92326330898067 2.2
      vertex 3.425126265847084 53.22512626584708 2.2
    endloop
  endfacet
  facet normal 0 0 1
    outer loop
      vertex 4.15 8.931088913245535 2.2
      vertex 4.15 52.66891108675446 2.2
      vertex 3.769334998469478 52.92326330898067 2.2
    endloop
  endfacet
  facet normal 0 0 1
    outer loop
      vertex 4.15 8.931088913245535 2.2
      vertex 4.560607986722186 52.46642163621049 2.2
      vertex 4.15 52.66891108675446 2.2
    endloop
  endfacet
  facet normal 0 0 1
    outer loop
      vertex 4.994133342141177 9.28074039201174 2.2
      vertex 4.994133342141177 52.31925960798826 2.2
      vertex 4.560607986722186 52.46642163621049 2.2
    endloop
  endfacet
  facet normal 0 0 1
    outer loop
      vertex 4.994133342141177 9.28074039201174 2.2
      vertex 5.44315832722982 52.229942985191656 2.2
      vertex 4.994133342141177 52.31925960798826 2.2
    endloop
  endfacet
  facet normal 0 0 1
    outer loop
      vertex 5.44315832722982 52.229942985191656 2.2
      vertex 5.44315832722982 9.370057014808337 2.2
      vertex 5.9 52.199999999999996 2.2
    endloop
  endfacet
  facet normal 0 0 1
    outer loop
      vertex 5.9 52.199999999999996 2.2
      vertex 5.44315832722982 9.370057014808337 2.2
      vertex 6.356841672770181 52.229942985191656 2.2
    endloop
  endfacet
  facet normal 0 0 1
    outer loop
      vertex 6.356841672770181 52.229942985191656 2.2
      vertex 5.44315832722982 9.370057014808337 2.2
      vertex 6.805866657858823 52.31925960798826 2.2
    endloop
  endfacet
  facet normal 0 0 1
    outer loop
      vertex 7.013200715890855 52.389640036994656 2.2
      vertex 6.805866657858823 52.31925960798826 2.2
      vertex 5.44315832722982 9.370057014808337 2.2
    endloop
  endfacet
  facet normal 0 0 1
    outer loop
      vertex 7.013200715890855 52.389640036994656 2.2
      vertex 5.44315832722982 9.370057014808337 2.2
      vertex 7.076457135307562 52.40222252113279 2.2
    endloop
  endfacet
  facet normal 0 0 1
    outer loop
      vertex 7.076457135307562 52.40222252113279 2.2
      vertex 5.44315832722982 9.370057014808337 2.2
      vertex 7.44805029709527 52.52836140246614 2.2
    endloop
  endfacet
  facet normal 0 0 1
    outer loop
      vertex 7.44805029709527 52.52836140246614 2.2
      vertex 5.44315832722982 9.370057014808337 2.2
      vertex 7.8 52.70192378864668 2.2
    endloop
  endfacet
  facet normal 0 0 1
    outer loop
      vertex 2.4000000000000004 5.9 2.2
      vertex 2.429942985191664 55.243158327229814 2.2
      vertex 2.4000000000000004 55.699999999999996 2.2
    endloop
  endfacet
  facet normal 0 0 1
    outer loop
      vertex 2.5192596079882614 6.805866657858823 2.2
      vertex 2.666421636210497 54.36060798672218 2.2
      vertex 2.5192596079882614 54.79413334214117 2.2
    endloop
  endfacet
  facet normal 0 0 1
    outer loop
      vertex 2.868911086754465 7.65 2.2
      vertex 2.868911086754465 53.949999999999996 2.2
      vertex 2.666421636210497 54.36060798672218 2.2
    endloop
  endfacet
  facet normal 0 0 1
    outer loop
      vertex 2.5192596079882614 6.805866657858823 2.2
      vertex 2.5192596079882614 54.79413334214117 2.2
      vertex 2.429942985191664 55.243158327229814 2.2
    endloop
  endfacet
  facet normal 1 0 0
    outer loop
      vertex 2.4 23.3 3.2
      vertex 2.4 59.199999999999996 2.2
      vertex 2.4 38.3 3.2
    endloop
  endfacet
  facet normal 1 1.2688263138573217e-16 4.555086466747784e-15
    outer loop
      vertex 2.4000000000000004 55.699999999999996 2.2
      vertex 2.4 59.199999999999996 2.2
      vertex 2.4 23.3 3.2
    endloop
  endfacet
  facet normal 1 0 0
    outer loop
      vertex 2.4 38.3 3.2
      vertex 2.4 59.199999999999996 2.2
      vertex 2.4 38.3 6.7
    endloop
  endfacet
  facet normal 0 0 1
    outer loop
      vertex 20.8 40.8 2.2
      vertex 7.8 52.70192378864668 2.2
      vertex 5.44315832722982 9.370057014808337 2.2
    endloop
  endfacet
  facet normal 0 0 1
    outer loop
      vertex 20.8 40.8 2.2
      vertex 23.3 40.8 2.2
      vertex 8.898076211353317 53.8 2.2
    endloop
  endfacet
  facet normal 0 0 1
    outer loop
      vertex 23.3 40.8 2.2
      vertex 28.8 40.8 2.2
      vertex 9.197777478867206 54.52354286469244 2.2
    endloop
  endfacet
  facet normal 1 0 0
    outer loop
      vertex 2.4 23.3 6.7
      vertex 2.4 38.3 6.7
      vertex 2.4 59.199999999999996 31.2
    endloop
  endfacet
  facet normal 0 0 1
    outer loop
      vertex 2.4 59.199999999999996 2.2
      vertex 2.4000000000000004 55.699999999999996 2.2
      vertex 2.429942985191664 56.15684167277018 2.2
    endloop
  endfacet
  facet normal 0 0 1
    outer loop
      vertex 2.4 59.199999999999996 2.2
      vertex 2.429942985191664 56.15684167277018 2.2
      vertex 2.5192596079882614 56.60586665785882 2.2
    endloop
  endfacet
  facet normal 0 0 1
    outer loop
      vertex 2.4 59.199999999999996 2.2
      vertex 2.5192596079882614 56.60586665785882 2.2
      vertex 2.666421636210497 57.03939201327781 2.2
    endloop
  endfacet
  facet normal 0 0 1
    outer loop
      vertex 5.329926490863149 54.89818239601665 2.2
      vertex 5.385496851648267 54.78549685164827 2.2
      vertex 5.498182396016656 54.72992649086314 2.2
    endloop
  endfacet
  facet normal 0 0 1
    outer loop
      vertex 5.285777882396478 55.02824000264235 2.2
      vertex 5.498182396016656 54.72992649086314 2.2
      vertex 5.628240002642354 54.68577788239647 2.2
    endloop
  endfacet
  facet normal 0 0 1
    outer loop
      vertex 5.285777882396478 55.02824000264235 2.2
      vertex 5.628240002642354 54.68577788239647 2.2
      vertex 5.762947498168947 54.65898289555749 2.2
    endloop
  endfacet
  facet normal 0 0 1
    outer loop
      vertex 5.258982895557499 55.16294749816894 2.2
      vertex 5.762947498168947 54.65898289555749 2.2
      vertex 5.9 54.65 2.2
    endloop
  endfacet
  facet normal 0 0 1
    outer loop
      vertex 5.329926490863149 54.89818239601665 2.2
      vertex 5.498182396016656 54.72992649086314 2.2
      vertex 5.285777882396478 55.02824000264235 2.2
    endloop
  endfacet
  facet normal 0 0 1
    outer loop
      vertex 5.285777882396478 55.02824000264235 2.2
      vertex 5.762947498168947 54.65898289555749 2.2
      vertex 5.258982895557499 55.16294749816894 2.2
    endloop
  endfacet
  facet normal 0 0 1
    outer loop
      vertex 5.258982895557499 55.16294749816894 2.2
      vertex 5.9 54.65 2.2
      vertex 5.25 55.3 2.2
    endloop
  endfacet
  facet normal 0 0 1
    outer loop
      vertex 5.25 55.3 2.2
      vertex 5.9 54.65 2.2
      vertex 5.258982895557499 55.437052501831054 2.2
    endloop
  endfacet
  facet normal 0 0 1
    outer loop
      vertex 5.258982895557499 55.437052501831054 2.2
      vertex 6.171759997357647 54.68577788239647 2.2
      vertex 5.285777882396478 55.571759997357645 2.2
    endloop
  endfacet
  facet normal 0 0 1
    outer loop
      vertex 5.285777882396478 55.571759997357645 2.2
      vertex 6.171759997357647 54.68577788239647 2.2
      vertex 5.329926490863149 55.70181760398334 2.2
    endloop
  endfacet
  facet normal 0 0 1
    outer loop
      vertex 2.4 59.199999999999996 2.2
      vertex 2.666421636210497 57.03939201327781 2.2
      vertex 2.868911086754465 57.449999999999996 2.2
    endloop
  endfacet
  facet normal 0 0 1
    outer loop
      vertex 2.4 59.199999999999996 2.2
      vertex 2.868911086754465 57.449999999999996 2.2
      vertex 3.123263308980677 57.83066500153052 2.2
    endloop
  endfacet
  facet normal 0 0 1
    outer loop
      vertex 2.4 59.199999999999996 2.2
      vertex 3.123263308980677 57.83066500153052 2.2
      vertex 3.425126265847084 58.17487373415291 2.2
    endloop
  endfacet
  facet normal 0 0 1
    outer loop
      vertex 2.4 59.199999999999996 2.2
      vertex 3.425126265847084 58.17487373415291 2.2
      vertex 3.769334998469478 58.47673669101932 2.2
    endloop
  endfacet
  facet normal 0 0 1
    outer loop
      vertex 2.4 59.199999999999996 2.2
      vertex 3.769334998469478 58.47673669101932 2.2
      vertex 4.15 58.73108891324553 2.2
    endloop
  endfacet
  facet normal 0 0 1
    outer loop
      vertex 2.4 59.199999999999996 2.2
      vertex 4.15 58.73108891324553 2.2
      vertex 4.560607986722186 58.9335783637895 2.2
    endloop
  endfacet
  facet normal 0 0 1
    outer loop
      vertex 2.4 59.199999999999996 2.2
      vertex 4.560607986722186 58.9335783637895 2.2
      vertex 4.994133342141177 59.080740392011734 2.2
    endloop
  endfacet
  facet normal 0 0 1
    outer loop
      vertex 2.4 59.199999999999996 2.2
      vertex 4.994133342141177 59.080740392011734 2.2
      vertex 5.44315832722982 59.170057014808336 2.2
    endloop
  endfacet
  facet normal 0 0 1
    outer loop
      vertex 2.4 59.199999999999996 2.2
      vertex 5.44315832722982 59.170057014808336 2.2
      vertex 5.9 59.199999999999996 2.2
    endloop
  endfacet
  facet normal 0 0 1
    outer loop
      vertex 5.258982895557499 55.437052501831054 2.2
      vertex 5.9 54.65 2.2
      vertex 6.037052501831054 54.65898289555749 2.2
    endloop
  endfacet
  facet normal 0 0 1
    outer loop
      vertex 5.258982895557499 55.437052501831054 2.2
      vertex 6.037052501831054 54.65898289555749 2.2
      vertex 6.171759997357647 54.68577788239647 2.2
    endloop
  endfacet
  facet normal 0 0 1
    outer loop
      vertex 5.329926490863149 55.70181760398334 2.2
      vertex 6.171759997357647 54.68577788239647 2.2
      vertex 6.301817603983345 54.72992649086314 2.2
    endloop
  endfacet
  facet normal 0 0 1
    outer loop
      vertex 5.39067332602634 55.824999999999996 2.2
      vertex 6.301817603983345 54.72992649086314 2.2
      vertex 6.425000000000001 54.79067332602634 2.2
    endloop
  endfacet
  facet normal 0 0 1
    outer loop
      vertex 5.39067332602634 55.824999999999996 2.2
      vertex 6.425000000000001 54.79067332602634 2.2
      vertex 6.539199500459157 54.8669789926942 2.2
    endloop
  endfacet
  facet normal 0 0 1
    outer loop
      vertex 5.557537879754125 56.04246212024587 2.2
      vertex 6.539199500459157 54.8669789926942 2.2
      vertex 6.642462120245876 54.95753787975412 2.2
    endloop
  endfacet
  facet normal 0 0 1
    outer loop
      vertex 5.329926490863149 55.70181760398334 2.2
      vertex 6.301817603983345 54.72992649086314 2.2
      vertex 5.39067332602634 55.824999999999996 2.2
    endloop
  endfacet
  facet normal 0 0 1
    outer loop
      vertex 5.39067332602634 55.824999999999996 2.2
      vertex 6.539199500459157 54.8669789926942 2.2
      vertex 5.4669789926942025 55.939199500459154 2.2
    endloop
  endfacet
  facet normal 0 0 1
    outer loop
      vertex 5.4669789926942025 55.939199500459154 2.2
      vertex 6.539199500459157 54.8669789926942 2.2
      vertex 5.557537879754125 56.04246212024587 2.2
    endloop
  endfacet
  facet normal 0 0 1
    outer loop
      vertex 5.660800499540843 56.13302100730579 2.2
      vertex 5.557537879754125 56.04246212024587 2.2
      vertex 6.642462120245876 54.95753787975412 2.2
    endloop
  endfacet
  facet normal 0 0 1
    outer loop
      vertex 5.660800499540843 56.13302100730579 2.2
      vertex 6.642462120245876 54.95753787975412 2.2
      vertex 6.733021007305798 55.06080049954084 2.2
    endloop
  endfacet
  facet normal 0 0 1
    outer loop
      vertex 5.660800499540843 56.13302100730579 2.2
      vertex 6.733021007305798 55.06080049954084 2.2
      vertex 6.809326673973661 55.175 2.2
    endloop
  endfacet
  facet normal 0 0 1
    outer loop
      vertex 6.870073509136851 55.29818239601665 2.2
      vertex 5.898182396016655 56.27007350913685 2.2
      vertex 6.809326673973661 55.175 2.2
    endloop
  endfacet
  facet normal 0 0 1
    outer loop
      vertex 6.028240002642353 56.31422211760352 2.2
      vertex 6.870073509136851 55.29818239601665 2.2
      vertex 6.914222117603522 55.42824000264235 2.2
    endloop
  endfacet
  facet normal 0 0 1
    outer loop
      vertex 6.028240002642353 56.31422211760352 2.2
      vertex 6.914222117603522 55.42824000264235 2.2
      vertex 6.941017104442501 55.56294749816894 2.2
    endloop
  endfacet
  facet normal 0 0 1
    outer loop
      vertex 5.660800499540843 56.13302100730579 2.2
      vertex 6.809326673973661 55.175 2.2
      vertex 5.7749999999999995 56.209326673973656 2.2
    endloop
  endfacet
  facet normal 0 0 1
    outer loop
      vertex 5.7749999999999995 56.209326673973656 2.2
      vertex 6.809326673973661 55.175 2.2
      vertex 5.898182396016655 56.27007350913685 2.2
    endloop
  endfacet
  facet normal 0 0 1
    outer loop
      vertex 5.898182396016655 56.27007350913685 2.2
      vertex 6.870073509136851 55.29818239601665 2.2
      vertex 6.028240002642353 56.31422211760352 2.2
    endloop
  endfacet
  facet normal 0 0 1
    outer loop
      vertex 6.162947498168946 56.3410171044425 2.2
      vertex 6.941017104442501 55.56294749816894 2.2
      vertex 6.95 55.699999999999996 2.2
    endloop
  endfacet
  facet normal 0 0 1
    outer loop
      vertex 6.028240002642353 56.31422211760352 2.2
      vertex 6.941017104442501 55.56294749816894 2.2
      vertex 6.162947498168946 56.3410171044425 2.2
    endloop
  endfacet
  facet normal 0 0 1
    outer loop
      vertex 6.162947498168946 56.3410171044425 2.2
      vertex 6.95 55.699999999999996 2.2
      vertex 6.3 56.349999999999994 2.2
    endloop
  endfacet
  facet normal 0 0 1
    outer loop
      vertex 6.3 56.349999999999994 2.2
      vertex 6.941017104442501 55.83705250183105 2.2
      vertex 6.437052501831054 56.3410171044425 2.2
    endloop
  endfacet
  facet normal 0 0 1
    outer loop
      vertex 6.437052501831054 56.3410171044425 2.2
      vertex 6.914222117603522 55.971759997357644 2.2
      vertex 6.571759997357646 56.31422211760352 2.2
    endloop
  endfacet
  facet normal 0 0 1
    outer loop
      vertex 6.3 56.349999999999994 2.2
      vertex 6.95 55.699999999999996 2.2
      vertex 6.941017104442501 55.83705250183105 2.2
    endloop
  endfacet
  facet normal 0 0 1
    outer loop
      vertex 6.437052501831054 56.3410171044425 2.2
      vertex 6.941017104442501 55.83705250183105 2.2
      vertex 6.914222117603522 55.971759997357644 2.2
    endloop
  endfacet
  facet normal 0 0 1
    outer loop
      vertex 6.701817603983344 56.27007350913685 2.2
      vertex 6.571759997357646 56.31422211760352 2.2
      vertex 6.914222117603522 55.971759997357644 2.2
    endloop
  endfacet
  facet normal 0 0 1
    outer loop
      vertex 6.701817603983344 56.27007350913685 2.2
      vertex 6.914222117603522 55.971759997357644 2.2
      vertex 6.870073509136851 56.10181760398334 2.2
    endloop
  endfacet
  facet normal 0 0 1
    outer loop
      vertex 6.701817603983344 56.27007350913685 2.2
      vertex 6.870073509136851 56.10181760398334 2.2
      vertex 6.814503148351733 56.214503148351724 2.2
    endloop
  endfacet
  facet normal 0 0 1
    outer loop
      vertex 20.8 40.8 2.2
      vertex 8.126284287026161 52.91993997912629 2.2
      vertex 7.8 52.70192378864668 2.2
    endloop
  endfacet
  facet normal 0 0 1
    outer loop
      vertex 20.8 40.8 2.2
      vertex 8.421320343559643 53.17867965644035 2.2
      vertex 8.126284287026161 52.91993997912629 2.2
    endloop
  endfacet
  facet normal 0 0 1
    outer loop
      vertex 20.8 40.8 2.2
      vertex 8.680060020873706 53.473715712973835 2.2
      vertex 8.421320343559643 53.17867965644035 2.2
    endloop
  endfacet
  facet normal 0 0 1
    outer loop
      vertex 20.8 40.8 2.2
      vertex 8.898076211353317 53.8 2.2
      vertex 8.680060020873706 53.473715712973835 2.2
    endloop
  endfacet
  facet normal 0 0 1
    outer loop
      vertex 23.3 40.8 2.2
      vertex 9.071638597533859 54.15194970290473 2.2
      vertex 8.898076211353317 53.8 2.2
    endloop
  endfacet
  facet normal 0 0 1
    outer loop
      vertex 23.3 40.8 2.2
      vertex 9.197777478867206 54.52354286469244 2.2
      vertex 9.071638597533859 54.15194970290473 2.2
    endloop
  endfacet
  facet normal 0 0 1
    outer loop
      vertex 28.8 40.8 2.2
      vertex 9.210359963005345 54.586799284109155 2.2
      vertex 9.197777478867206 54.52354286469244 2.2
    endloop
  endfacet
  facet normal 0 0 1
    outer loop
      vertex 28.8 40.8 2.2
      vertex 9.28074039201174 54.79413334214117 2.2
      vertex 9.210359963005345 54.586799284109155 2.2
    endloop
  endfacet
  facet normal 0 0 1
    outer loop
      vertex 28.8 40.8 2.2
      vertex 9.370057014808337 55.243158327229814 2.2
      vertex 9.28074039201174 54.79413334214117 2.2
    endloop
  endfacet
  facet normal 0 0 1
    outer loop
      vertex 31.3 40.8 2.2
      vertex 9.4 55.699999999999996 2.2
      vertex 9.370057014808337 55.243158327229814 2.2
    endloop
  endfacet
  facet normal 0 0 1
    outer loop
      vertex 36.8 40.8 2.2
      vertex 8.931088913245535 57.449999999999996 2.2
      vertex 9.133578363789503 57.03939201327781 2.2
    endloop
  endfacet
  facet normal 0 0 1
    outer loop
      vertex 36.8 40.8 2.2
      vertex 9.370057014808337 56.15684167277018 2.2
      vertex 9.4 55.699999999999996 2.2
    endloop
  endfacet
  facet normal 0 0 1
    outer loop
      vertex 36.8 40.8 2.2
      vertex 9.28074039201174 56.60586665785882 2.2
      vertex 9.370057014808337 56.15684167277018 2.2
    endloop
  endfacet
  facet normal 0 0 1
    outer loop
      vertex 36.8 40.8 2.2
      vertex 9.133578363789503 57.03939201327781 2.2
      vertex 9.28074039201174 56.60586665785882 2.2
    endloop
  endfacet
  facet normal 0 0 1
    outer loop
      vertex 36.8 40.8 2.2
      vertex 8.676736691019324 57.83066500153052 2.2
      vertex 8.931088913245535 57.449999999999996 2.2
    endloop
  endfacet
  facet normal 0 -1 0
    outer loop
      vertex 22.8 59.199999999999996 8.2
      vertex 5.9 59.199999999999996 2.2
      vertex 24.8 59.199999999999996 8.2
    endloop
  endfacet
  facet normal 0 -1 0
    outer loop
      vertex 24.8 59.199999999999996 8.2
      vertex 5.9 59.199999999999996 2.2
      vertex 32.8 59.199999999999996 8.2
    endloop
  endfacet
  facet normal 1 0 0
    outer loop
      vertex 2.4 38.3 6.7
      vertex 2.4 59.199999999999996 2.2
      vertex 2.4 59.199999999999996 31.2
    endloop
  endfacet
  facet normal 0 -1 0
    outer loop
      vertex 2.4 59.199999999999996 2.2
      vertex 5.9 59.199999999999996 2.2
      vertex 2.4 59.199999999999996 31.2
    endloop
  endfacet
  facet normal 0 -1 0
    outer loop
      vertex 22.8 59.199999999999996 8.2
      vertex 5.9 59.199999999999996 31.2
      vertex 5.9 59.199999999999996 2.2
    endloop
  endfacet
  facet normal 0 0 1
    outer loop
      vertex 23.3 18.8 2.2
      vertex 28.8 40.8 2.2
      vertex 23.3 40.8 2.2
    endloop
  endfacet
  facet normal 0 0 1
    outer loop
      vertex 31.3 18.8 2.2
      vertex 36.8 40.8 2.2
      vertex 31.3 40.8 2.2
    endloop
  endfacet
  facet normal 0 0 1
    outer loop
      vertex 28.8 40.8 2.2
      vertex 31.3 40.8 2.2
      vertex 9.370057014808337 55.243158327229814 2.2
    endloop
  endfacet
  facet normal 0 0 1
    outer loop
      vertex 31.3 40.8 2.2
      vertex 36.8 40.8 2.2
      vertex 9.4 55.699999999999996 2.2
    endloop
  endfacet
  facet normal 0 0 1
    outer loop
      vertex 39.3 18.8 2.2
      vertex 44.8 40.8 2.2
      vertex 39.3 40.8 2.2
    endloop
  endfacet
  facet normal 0 0 1
    outer loop
      vertex 6.356841672770181 59.170057014808336 2.2
      vertex 82.56933499846947 58.47673669101932 2.2
      vertex 5.9 59.199999999999996 2.2
    endloop
  endfacet
  facet normal 0 0 1
    outer loop
      vertex 6.356841672770181 59.170057014808336 2.2
      vertex 6.805866657858823 59.080740392011734 2.2
      vertex 82.56933499846947 58.47673669101932 2.2
    endloop
  endfacet
  facet normal 0 0 1
    outer loop
      vertex 6.805866657858823 59.080740392011734 2.2
      vertex 7.239392013277815 58.9335783637895 2.2
      vertex 82.56933499846947 58.47673669101932 2.2
    endloop
  endfacet
  facet normal 0 0 1
    outer loop
      vertex 7.239392013277815 58.9335783637895 2.2
      vertex 7.65 58.73108891324553 2.2
      vertex 82.56933499846947 58.47673669101932 2.2
    endloop
  endfacet
  facet normal 0 0 1
    outer loop
      vertex 8.676736691019324 57.83066500153052 2.2
      vertex 82.56933499846947 58.47673669101932 2.2
      vertex 8.374873734152917 58.17487373415291 2.2
    endloop
  endfacet
  facet normal 0 0 1
    outer loop
      vertex 7.65 58.73108891324553 2.2
      vertex 8.030665001530522 58.47673669101932 2.2
      vertex 82.56933499846947 58.47673669101932 2.2
    endloop
  endfacet
  facet normal 0 0 1
    outer loop
      vertex 8.374873734152917 58.17487373415291 2.2
      vertex 82.56933499846947 58.47673669101932 2.2
      vertex 8.030665001530522 58.47673669101932 2.2
    endloop
  endfacet
  facet normal 0 -1 0
    outer loop
      vertex 32.8 59.199999999999996 8.2
      vertex 5.9 59.199999999999996 2.2
      vertex 34.8 59.199999999999996 8.2
    endloop
  endfacet
  facet normal 0 -1 0
    outer loop
      vertex 34.8 59.199999999999996 8.2
      vertex 5.9 59.199999999999996 2.2
      vertex 42.8 59.199999999999996 8.2
    endloop
  endfacet
  facet normal 0 -1 0
    outer loop
      vertex 42.8 59.199999999999996 8.2
      vertex 5.9 59.199999999999996 2.2
      vertex 44.8 59.199999999999996 8.2
    endloop
  endfacet
  facet normal 0 0 1
    outer loop
      vertex 36.8 40.8 2.2
      vertex 61.3 55.3 2.2
      vertex 8.676736691019324 57.83066500153052 2.2
    endloop
  endfacet
  facet normal 0 0 1
    outer loop
      vertex 8.676736691019324 57.83066500153052 2.2
      vertex 61.3 55.3 2.2
      vertex 61.32566541587857 55.69157857666015 2.2
    endloop
  endfacet
  facet normal 0 0 1
    outer loop
      vertex 8.676736691019324 57.83066500153052 2.2
      vertex 61.32566541587857 55.69157857666015 2.2
      vertex 61.40222252113279 56.07645713530756 2.2
    endloop
  endfacet
  facet normal 0 0 1
    outer loop
      vertex 8.676736691019324 57.83066500153052 2.2
      vertex 61.40222252113279 56.07645713530756 2.2
      vertex 61.52836140246614 56.448050297095264 2.2
    endloop
  endfacet
  facet normal 0 0 1
    outer loop
      vertex 8.676736691019324 57.83066500153052 2.2
      vertex 61.52836140246614 56.448050297095264 2.2
      vertex 61.70192378864668 56.8 2.2
    endloop
  endfacet
  facet normal 0 0 1
    outer loop
      vertex 8.676736691019324 57.83066500153052 2.2
      vertex 61.70192378864668 56.8 2.2
      vertex 61.91993997912629 57.12628428702616 2.2
    endloop
  endfacet
  facet normal 0 0 1
    outer loop
      vertex 8.676736691019324 57.83066500153052 2.2
      vertex 61.91993997912629 57.12628428702616 2.2
      vertex 62.17867965644035 57.42132034355964 2.2
    endloop
  endfacet
  facet normal 0 0 1
    outer loop
      vertex 8.676736691019324 57.83066500153052 2.2
      vertex 62.17867965644035 57.42132034355964 2.2
      vertex 62.473715712973835 57.680060020873704 2.2
    endloop
  endfacet
  facet normal 0 0 1
    outer loop
      vertex 8.676736691019324 57.83066500153052 2.2
      vertex 62.473715712973835 57.680060020873704 2.2
      vertex 62.8 57.89807621135331 2.2
    endloop
  endfacet
  facet normal 0 0 1
    outer loop
      vertex 8.676736691019324 57.83066500153052 2.2
      vertex 62.8 57.89807621135331 2.2
      vertex 63.15194970290473 58.071638597533855 2.2
    endloop
  endfacet
  facet normal 0 0 1
    outer loop
      vertex 8.676736691019324 57.83066500153052 2.2
      vertex 63.15194970290473 58.071638597533855 2.2
      vertex 63.52354286469244 58.1977774788672 2.2
    endloop
  endfacet
  facet normal 0 -1 0
    outer loop
      vertex 44.8 59.199999999999996 8.2
      vertex 5.9 59.199999999999996 2.2
      vertex 52.8 59.199999999999996 8.2
    endloop
  endfacet
  facet normal 0 -1 0
    outer loop
      vertex 52.8 59.199999999999996 8.2
      vertex 5.9 59.199999999999996 2.2
      vertex 54.8 59.199999999999996 8.2
    endloop
  endfacet
  facet normal 0 -1 0
    outer loop
      vertex 24.8 59.199999999999996 8.2
      vertex 32.8 59.199999999999996 8.2
      vertex 32.8 59.199999999999996 18.2
    endloop
  endfacet
  facet normal 0 -1 0
    outer loop
      vertex 24.8 59.199999999999996 8.2
      vertex 32.8 59.199999999999996 18.2
      vertex 24.8 59.199999999999996 18.2
    endloop
  endfacet
  facet normal 0 -1 0
    outer loop
      vertex 34.8 59.199999999999996 8.2
      vertex 42.8 59.199999999999996 8.2
      vertex 42.8 59.199999999999996 18.2
    endloop
  endfacet
  facet normal 0 -1 0
    outer loop
      vertex 34.8 59.199999999999996 8.2
      vertex 42.8 59.199999999999996 18.2
      vertex 34.8 59.199999999999996 18.2
    endloop
  endfacet
  facet normal 0 -1 0
    outer loop
      vertex 2.4 59.199999999999996 31.2
      vertex 5.9 59.199999999999996 2.2
      vertex 5.9 59.199999999999996 31.2
    endloop
  endfacet
  facet normal 0 -1 0
    outer loop
      vertex 22.8 59.199999999999996 8.2
      vertex 22.8 59.199999999999996 18.2
      vertex 5.9 59.199999999999996 31.2
    endloop
  endfacet
  facet normal 0 -1 0
    outer loop
      vertex 22.8 59.199999999999996 18.2
      vertex 24.8 59.199999999999996 18.2
      vertex 84.69999999999999 59.199999999999996 31.2
    endloop
  endfacet
  facet normal 0 -1 0
    outer loop
      vertex 22.8 59.199999999999996 18.2
      vertex 84.69999999999999 59.199999999999996 31.2
      vertex 5.9 59.199999999999996 31.2
    endloop
  endfacet
  facet normal 0 0 1
    outer loop
      vertex 5.9 2.4000000000000004 2.2
      vertex 84.2431583272298 2.429942985191664 2.2
      vertex 64.3 3.3 2.2
    endloop
  endfacet
  facet normal 0 1 0
    outer loop
      vertex 26.299999999999997 2.4 6.1
      vertex 43.3 2.4 6.1
      vertex 88.2 2.4 2.2
    endloop
  endfacet
  facet normal 0 0 1
    outer loop
      vertex 36.8 18.8 2.2
      vertex 61.32566541587857 5.9084214233398455 2.2
      vertex 61.3 6.3 2.2
    endloop
  endfacet
  facet normal 0 0 1
    outer loop
      vertex 36.8 18.8 2.2
      vertex 61.3 6.3 2.2
      vertex 61.32566541587857 6.691578576660154 2.2
    endloop
  endfacet
  facet normal 0 0 1
    outer loop
      vertex 36.8 18.8 2.2
      vertex 61.32566541587857 6.691578576660154 2.2
      vertex 61.40222252113279 7.076457135307562 2.2
    endloop
  endfacet
  facet normal 0 0 1
    outer loop
      vertex 36.8 18.8 2.2
      vertex 61.40222252113279 7.076457135307562 2.2
      vertex 61.52836140246614 7.44805029709527 2.2
    endloop
  endfacet
  facet normal 0 0 1
    outer loop
      vertex 36.8 18.8 2.2
      vertex 61.52836140246614 7.44805029709527 2.2
      vertex 61.70192378864668 7.8 2.2
    endloop
  endfacet
  facet normal 0 0 1
    outer loop
      vertex 36.8 18.8 2.2
      vertex 61.70192378864668 7.8 2.2
      vertex 61.91993997912629 8.126284287026161 2.2
    endloop
  endfacet
  facet normal 0 0 1
    outer loop
      vertex 36.8 18.8 2.2
      vertex 61.91993997912629 8.126284287026161 2.2
      vertex 62.17867965644035 8.421320343559643 2.2
    endloop
  endfacet
  facet normal 0 0 1
    outer loop
      vertex 36.8 18.8 2.2
      vertex 81.66891108675445 4.15 2.2
      vertex 39.3 18.8 2.2
    endloop
  endfacet
  facet normal 0 0 1
    outer loop
      vertex 36.8 18.8 2.2
      vertex 62.17867965644035 8.421320343559643 2.2
      vertex 62.473715712973835 8.680060020873706 2.2
    endloop
  endfacet
  facet normal 0 0 1
    outer loop
      vertex 36.8 18.8 2.2
      vertex 62.473715712973835 8.680060020873706 2.2
      vertex 62.8 8.898076211353317 2.2
    endloop
  endfacet
  facet normal 0 0 1
    outer loop
      vertex 36.8 18.8 2.2
      vertex 62.8 8.898076211353317 2.2
      vertex 63.15194970290473 9.071638597533859 2.2
    endloop
  endfacet
  facet normal 0 0 1
    outer loop
      vertex 36.8 18.8 2.2
      vertex 63.15194970290473 9.071638597533859 2.2
      vertex 63.52354286469244 9.197777478867206 2.2
    endloop
  endfacet
  facet normal 0 0 1
    outer loop
      vertex 36.8 18.8 2.2
      vertex 63.52354286469244 9.197777478867206 2.2
      vertex 63.908421423339846 9.27433458412143 2.2
    endloop
  endfacet
  facet normal 0 0 1
    outer loop
      vertex 36.8 18.8 2.2
      vertex 63.908421423339846 9.27433458412143 2.2
      vertex 64.3 9.3 2.2
    endloop
  endfacet
  facet normal 0 0 1
    outer loop
      vertex 36.8 18.8 2.2
      vertex 64.3 9.3 2.2
      vertex 64.69157857666015 9.27433458412143 2.2
    endloop
  endfacet
  facet normal 0 0 1
    outer loop
      vertex 36.8 18.8 2.2
      vertex 64.69157857666015 9.27433458412143 2.2
      vertex 65.07645713530756 9.197777478867206 2.2
    endloop
  endfacet
  facet normal 0 0 1
    outer loop
      vertex 36.8 18.8 2.2
      vertex 65.07645713530756 9.197777478867206 2.2
      vertex 65.44805029709526 9.071638597533859 2.2
    endloop
  endfacet
  facet normal 0 0 1
    outer loop
      vertex 39.3 18.8 2.2
      vertex 81.46642163621048 4.560607986722186 2.2
      vertex 44.8 18.8 2.2
    endloop
  endfacet
  facet normal 0 0 1
    outer loop
      vertex 5.9 2.4000000000000004 2.2
      vertex 84.69999999999999 2.4000000000000004 2.2
      vertex 84.2431583272298 2.429942985191664 2.2
    endloop
  endfacet
  facet normal 1.268826313857316e-16 1 2.0138550981478943e-15
    outer loop
      vertex 26.299999999999997 2.4 6.1
      vertex 88.2 2.4 2.2
      vertex 84.69999999999999 2.4000000000000004 2.2
    endloop
  endfacet
  facet normal 0 0 1
    outer loop
      vertex 63.66080049954084 5.4669789926942025 2.2
      vertex 63.775 5.39067332602634 2.2
      vertex 64.16294749816895 5.258982895557499 2.2
    endloop
  endfacet
  facet normal 0 0 1
    outer loop
      vertex 63.775 5.39067332602634 2.2
      vertex 63.89818239601665 5.329926490863149 2.2
      vertex 64.02824000264235 5.285777882396478 2.2
    endloop
  endfacet
  facet normal 0 0 1
    outer loop
      vertex 63.66080049954084 5.4669789926942025 2.2
      vertex 64.16294749816895 5.258982895557499 2.2
      vertex 64.3 5.25 2.2
    endloop
  endfacet
  facet normal 0 0 1
    outer loop
      vertex 63.775 5.39067332602634 2.2
      vertex 64.02824000264235 5.285777882396478 2.2
      vertex 64.16294749816895 5.258982895557499 2.2
    endloop
  endfacet
  facet normal 0 0 1
    outer loop
      vertex 63.4669789926942 5.660800499540843 2.2
      vertex 63.55753787975412 5.557537879754125 2.2
      vertex 64.70181760398334 5.329926490863149 2.2
    endloop
  endfacet
  facet normal 0 0 1
    outer loop
      vertex 63.66080049954084 5.4669789926942025 2.2
      vertex 64.70181760398334 5.329926490863149 2.2
      vertex 63.55753787975412 5.557537879754125 2.2
    endloop
  endfacet
  facet normal 0 0 1
    outer loop
      vertex 63.4669789926942 5.660800499540843 2.2
      vertex 64.70181760398334 5.329926490863149 2.2
      vertex 63.39067332602634 5.7749999999999995 2.2
    endloop
  endfacet
  facet normal 0 0 1
    outer loop
      vertex 63.329926490863144 5.898182396016655 2.2
      vertex 63.39067332602634 5.7749999999999995 2.2
      vertex 64.825 5.39067332602634 2.2
    endloop
  endfacet
  facet normal 0 0 1
    outer loop
      vertex 63.66080049954084 5.4669789926942025 2.2
      vertex 64.3 5.25 2.2
      vertex 64.43705250183105 5.258982895557499 2.2
    endloop
  endfacet
  facet normal 0 0 1
    outer loop
      vertex 63.66080049954084 5.4669789926942025 2.2
      vertex 64.43705250183105 5.258982895557499 2.2
      vertex 64.57175999735765 5.285777882396478 2.2
    endloop
  endfacet
  facet normal 0 0 1
    outer loop
      vertex 63.66080049954084 5.4669789926942025 2.2
      vertex 64.57175999735765 5.285777882396478 2.2
      vertex 64.70181760398334 5.329926490863149 2.2
    endloop
  endfacet
  facet normal 0 0 1
    outer loop
      vertex 63.39067332602634 5.7749999999999995 2.2
      vertex 64.70181760398334 5.329926490863149 2.2
      vertex 64.825 5.39067332602634 2.2
    endloop
  endfacet
  facet normal 0 0 1
    outer loop
      vertex 63.329926490863144 5.898182396016655 2.2
      vertex 64.825 5.39067332602634 2.2
      vertex 64.93919950045915 5.4669789926942025 2.2
    endloop
  endfacet
  facet normal 0 0 1
    outer loop
      vertex 64.93919950045915 5.4669789926942025 2.2
      vertex 65.04246212024587 5.557537879754125 2.2
      vertex 63.285777882396474 6.028240002642353 2.2
    endloop
  endfacet
  facet normal 0 0 1
    outer loop
      vertex 63.329926490863144 5.898182396016655 2.2
      vertex 64.93919950045915 5.4669789926942025 2.2
      vertex 63.285777882396474 6.028240002642353 2.2
    endloop
  endfacet
  facet normal 0 0 1
    outer loop
      vertex 65.04246212024587 5.557537879754125 2.2
      vertex 63.258982895557494 6.162947498168946 2.2
      vertex 63.285777882396474 6.028240002642353 2.2
    endloop
  endfacet
  facet normal 0 0 1
    outer loop
      vertex 65.04246212024587 5.557537879754125 2.2
      vertex 63.25 6.3 2.2
      vertex 63.258982895557494 6.162947498168946 2.2
    endloop
  endfacet
  facet normal 0 0 1
    outer loop
      vertex 63.25 6.3 2.2
      vertex 65.35 6.3 2.2
      vertex 63.258982895557494 6.437052501831054 2.2
    endloop
  endfacet
  facet normal 0 0 1
    outer loop
      vertex 63.258982895557494 6.437052501831054 2.2
      vertex 65.35 6.3 2.2
      vertex 63.285777882396474 6.571759997357646 2.2
    endloop
  endfacet
  facet normal 0 0 1
    outer loop
      vertex 63.285777882396474 6.571759997357646 2.2
      vertex 65.35 6.3 2.2
      vertex 63.329926490863144 6.701817603983344 2.2
    endloop
  endfacet
  facet normal 0 0 1
    outer loop
      vertex 63.329926490863144 6.701817603983344 2.2
      vertex 65.35 6.3 2.2
      vertex 63.39067332602634 6.825 2.2
    endloop
  endfacet
  facet normal 0 0 1
    outer loop
      vertex 63.39067332602634 6.825 2.2
      vertex 65.35 6.3 2.2
      vertex 63.4669789926942 6.939199500459156 2.2
    endloop
  endfacet
  facet normal 0 0 1
    outer loop
      vertex 65.04246212024587 5.557537879754125 2.2
      vertex 65.1330210073058 5.660800499540843 2.2
      vertex 63.25 6.3 2.2
    endloop
  endfacet
  facet normal 0 0 1
    outer loop
      vertex 65.1330210073058 5.660800499540843 2.2
      vertex 65.20932667397366 5.7749999999999995 2.2
      vertex 63.25 6.3 2.2
    endloop
  endfacet
  facet normal 0 0 1
    outer loop
      vertex 65.20932667397366 5.7749999999999995 2.2
      vertex 65.27007350913685 5.898182396016655 2.2
      vertex 63.25 6.3 2.2
    endloop
  endfacet
  facet normal 0 0 1
    outer loop
      vertex 65.27007350913685 5.898182396016655 2.2
      vertex 65.31422211760352 6.028240002642353 2.2
      vertex 63.25 6.3 2.2
    endloop
  endfacet
  facet normal 0 0 1
    outer loop
      vertex 63.25 6.3 2.2
      vertex 65.31422211760352 6.028240002642353 2.2
      vertex 65.3410171044425 6.162947498168946 2.2
    endloop
  endfacet
  facet normal 0 0 1
    outer loop
      vertex 63.25 6.3 2.2
      vertex 65.3410171044425 6.162947498168946 2.2
      vertex 65.35 6.3 2.2
    endloop
  endfacet
  facet normal 0 0 1
    outer loop
      vertex 63.4669789926942 6.939199500459156 2.2
      vertex 65.35 6.3 2.2
      vertex 63.55753787975412 7.042462120245875 2.2
    endloop
  endfacet
  facet normal 0 0 1
    outer loop
      vertex 63.55753787975412 7.042462120245875 2.2
      vertex 65.35 6.3 2.2
      vertex 63.66080049954084 7.133021007305797 2.2
    endloop
  endfacet
  facet normal 0 0 1
    outer loop
      vertex 63.66080049954084 7.133021007305797 2.2
      vertex 65.35 6.3 2.2
      vertex 63.775 7.20932667397366 2.2
    endloop
  endfacet
  facet normal 0 0 1
    outer loop
      vertex 63.775 7.20932667397366 2.2
      vertex 65.35 6.3 2.2
      vertex 63.89818239601665 7.270073509136851 2.2
    endloop
  endfacet
  facet normal 0 0 1
    outer loop
      vertex 63.89818239601665 7.270073509136851 2.2
      vertex 65.35 6.3 2.2
      vertex 64.02824000264235 7.314222117603522 2.2
    endloop
  endfacet
  facet normal 0 0 1
    outer loop
      vertex 64.02824000264235 7.314222117603522 2.2
      vertex 65.35 6.3 2.2
      vertex 64.16294749816895 7.341017104442501 2.2
    endloop
  endfacet
  facet normal 0 0 1
    outer loop
      vertex 65.35 6.3 2.2
      vertex 64.3 7.35 2.2
      vertex 64.16294749816895 7.341017104442501 2.2
    endloop
  endfacet
  facet normal 0 0 1
    outer loop
      vertex 65.35 6.3 2.2
      vertex 64.43705250183105 7.341017104442501 2.2
      vertex 64.3 7.35 2.2
    endloop
  endfacet
  facet normal 0 0 1
    outer loop
      vertex 65.35 6.3 2.2
      vertex 64.70181760398334 7.270073509136851 2.2
      vertex 64.57175999735765 7.314222117603522 2.2
    endloop
  endfacet
  facet normal 0 0 1
    outer loop
      vertex 65.35 6.3 2.2
      vertex 65.04246212024587 7.042462120245875 2.2
      vertex 64.93919950045915 7.133021007305797 2.2
    endloop
  endfacet
  facet normal 0 0 1
    outer loop
      vertex 65.35 6.3 2.2
      vertex 64.825 7.20932667397366 2.2
      vertex 64.70181760398334 7.270073509136851 2.2
    endloop
  endfacet
  facet normal 0 0 1
    outer loop
      vertex 65.35 6.3 2.2
      vertex 64.93919950045915 7.133021007305797 2.2
      vertex 64.825 7.20932667397366 2.2
    endloop
  endfacet
  facet normal 0 0 1
    outer loop
      vertex 65.35 6.3 2.2
      vertex 64.57175999735765 7.314222117603522 2.2
      vertex 64.43705250183105 7.341017104442501 2.2
    endloop
  endfacet
  facet normal 0 0 1
    outer loop
      vertex 65.35 6.3 2.2
      vertex 65.3410171044425 6.437052501831054 2.2
      vertex 65.31422211760352 6.571759997357646 2.2
    endloop
  endfacet
  facet normal 0 0 1
    outer loop
      vertex 65.35 6.3 2.2
      vertex 65.27007350913685 6.701817603983344 2.2
      vertex 65.20932667397366 6.825 2.2
    endloop
  endfacet
  facet normal 0 0 1
    outer loop
      vertex 65.35 6.3 2.2
      vertex 65.20932667397366 6.825 2.2
      vertex 65.1330210073058 6.939199500459156 2.2
    endloop
  endfacet
  facet normal 0 0 1
    outer loop
      vertex 65.35 6.3 2.2
      vertex 65.31422211760352 6.571759997357646 2.2
      vertex 65.27007350913685 6.701817603983344 2.2
    endloop
  endfacet
  facet normal 0 0 1
    outer loop
      vertex 65.35 6.3 2.2
      vertex 65.1330210073058 6.939199500459156 2.2
      vertex 65.04246212024587 7.042462120245875 2.2
    endloop
  endfacet
  facet normal 0 1 0
    outer loop
      vertex 43.3 2.4 6.1
      vertex 52.3 2.4 6.1
      vertex 88.2 2.4 2.2
    endloop
  endfacet
  facet normal 0 1 0
    outer loop
      vertex 52.3 2.4 6.1
      vertex 60.3 2.4 6.1
      vertex 88.2 2.4 2.2
    endloop
  endfacet
  facet normal 0 0 1
    outer loop
      vertex 36.8 18.8 2.2
      vertex 65.44805029709526 9.071638597533859 2.2
      vertex 81.66891108675445 4.15 2.2
    endloop
  endfacet
  facet normal 0 0 1
    outer loop
      vertex 44.8 18.8 2.2
      vertex 81.31925960798824 4.994133342141177 2.2
      vertex 47.3 18.8 2.2
    endloop
  endfacet
  facet normal 0 0 1
    outer loop
      vertex 47.3 18.8 2.2
      vertex 81.31925960798824 4.994133342141177 2.2
      vertex 52.8 18.8 2.2
    endloop
  endfacet
  facet normal 0 0 1
    outer loop
      vertex 39.3 18.8 2.2
      vertex 81.66891108675445 4.15 2.2
      vertex 81.46642163621048 4.560607986722186 2.2
    endloop
  endfacet
  facet normal 0 0 1
    outer loop
      vertex 52.8 18.8 2.2
      vertex 81.22994298519166 5.44315832722982 2.2
      vertex 55.3 18.8 2.2
    endloop
  endfacet
  facet normal 0 0 1
    outer loop
      vertex 55.3 18.8 2.2
      vertex 81.22994298519166 5.44315832722982 2.2
      vertex 60.8 18.8 2.2
    endloop
  endfacet
  facet normal 0 1 0
    outer loop
      vertex 43.3 2.4 6.1
      vertex 43.3 2.4 13.6
      vertex 52.3 2.4 6.1
    endloop
  endfacet
  facet normal 0 1 0
    outer loop
      vertex 43.3 2.4 13.6
      vertex 52.3 2.4 13.1
      vertex 52.3 2.4 6.1
    endloop
  endfacet
  facet normal 0 0 1
    outer loop
      vertex 47.3 18.8 2.2
      vertex 52.8 18.8 2.2
      vertex 52.8 40.8 2.2
    endloop
  endfacet
  facet normal 0 0 1
    outer loop
      vertex 55.3 18.8 2.2
      vertex 60.8 18.8 2.2
      vertex 55.3 40.8 2.2
    endloop
  endfacet
  facet normal 0 0 1
    outer loop
      vertex 64.3 3.3 2.2
      vertex 84.2431583272298 2.429942985191664 2.2
      vertex 64.69157857666015 3.325665415878569 2.2
    endloop
  endfacet
  facet normal 0 0 1
    outer loop
      vertex 64.69157857666015 3.325665415878569 2.2
      vertex 83.79413334214117 2.5192596079882614 2.2
      vertex 65.07645713530756 3.4022225211327948 2.2
    endloop
  endfacet
  facet normal 0 0 1
    outer loop
      vertex 65.07645713530756 3.4022225211327948 2.2
      vertex 83.36060798672217 2.666421636210497 2.2
      vertex 65.44805029709526 3.52836140246614 2.2
    endloop
  endfacet
  facet normal 0 0 1
    outer loop
      vertex 65.44805029709526 3.52836140246614 2.2
      vertex 82.94999999999999 2.868911086754465 2.2
      vertex 65.8 3.701923788646684 2.2
    endloop
  endfacet
  facet normal 0 0 1
    outer loop
      vertex 65.8 3.701923788646684 2.2
      vertex 82.56933499846947 3.123263308980677 2.2
      vertex 66.12628428702615 3.919939979126294 2.2
    endloop
  endfacet
  facet normal 0 0 1
    outer loop
      vertex 66.12628428702615 3.919939979126294 2.2
      vertex 82.22512626584707 3.425126265847084 2.2
      vertex 66.42132034355964 4.178679656440357 2.2
    endloop
  endfacet
  facet normal 0 0 1
    outer loop
      vertex 66.42132034355964 4.178679656440357 2.2
      vertex 81.92326330898067 3.769334998469478 2.2
      vertex 66.6800600208737 4.473715712973838 2.2
    endloop
  endfacet
  facet normal 0 0 1
    outer loop
      vertex 66.6800600208737 4.473715712973838 2.2
      vertex 81.66891108675445 4.15 2.2
      vertex 66.89807621135331 4.8 2.2
    endloop
  endfacet
  facet normal 0 0 1
    outer loop
      vertex 67.07163859753386 5.15194970290473 2.2
      vertex 66.89807621135331 4.8 2.2
      vertex 81.66891108675445 4.15 2.2
    endloop
  endfacet
  facet normal 0 0 1
    outer loop
      vertex 67.07163859753386 5.15194970290473 2.2
      vertex 81.66891108675445 4.15 2.2
      vertex 67.19777747886721 5.523542864692438 2.2
    endloop
  endfacet
  facet normal 0 0 1
    outer loop
      vertex 67.19777747886721 5.523542864692438 2.2
      vertex 81.66891108675445 4.15 2.2
      vertex 67.27433458412143 5.9084214233398455 2.2
    endloop
  endfacet
  facet normal 0 0 1
    outer loop
      vertex 67.27433458412143 5.9084214233398455 2.2
      vertex 81.66891108675445 4.15 2.2
      vertex 67.3 6.3 2.2
    endloop
  endfacet
  facet normal 0 0 1
    outer loop
      vertex 67.27433458412143 6.691578576660154 2.2
      vertex 67.3 6.3 2.2
      vertex 81.66891108675445 4.15 2.2
    endloop
  endfacet
  facet normal 0 0 1
    outer loop
      vertex 67.27433458412143 6.691578576660154 2.2
      vertex 81.66891108675445 4.15 2.2
      vertex 67.19777747886721 7.076457135307562 2.2
    endloop
  endfacet
  facet normal 0 0 1
    outer loop
      vertex 67.19777747886721 7.076457135307562 2.2
      vertex 81.66891108675445 4.15 2.2
      vertex 67.07163859753386 7.44805029709527 2.2
    endloop
  endfacet
  facet normal 0 0 1
    outer loop
      vertex 66.89807621135331 7.8 2.2
      vertex 81.66891108675445 4.15 2.2
      vertex 66.6800600208737 8.126284287026161 2.2
    endloop
  endfacet
  facet normal 0 0 1
    outer loop
      vertex 67.07163859753386 7.44805029709527 2.2
      vertex 81.66891108675445 4.15 2.2
      vertex 66.89807621135331 7.8 2.2
    endloop
  endfacet
  facet normal 0 0 1
    outer loop
      vertex 66.12628428702615 8.680060020873706 2.2
      vertex 66.42132034355964 8.421320343559643 2.2
      vertex 81.66891108675445 4.15 2.2
    endloop
  endfacet
  facet normal 0 0 1
    outer loop
      vertex 65.44805029709526 9.071638597533859 2.2
      vertex 65.8 8.898076211353317 2.2
      vertex 81.66891108675445 4.15 2.2
    endloop
  endfacet
  facet normal 0 0 1
    outer loop
      vertex 66.12628428702615 8.680060020873706 2.2
      vertex 81.66891108675445 4.15 2.2
      vertex 65.8 8.898076211353317 2.2
    endloop
  endfacet
  facet normal 0 0 1
    outer loop
      vertex 66.42132034355964 8.421320343559643 2.2
      vertex 66.6800600208737 8.126284287026161 2.2
      vertex 81.66891108675445 4.15 2.2
    endloop
  endfacet
  facet normal 0 0 1
    outer loop
      vertex 65.07645713530756 3.4022225211327948 2.2
      vertex 83.79413334214117 2.5192596079882614 2.2
      vertex 83.36060798672217 2.666421636210497 2.2
    endloop
  endfacet
  facet normal 0 0 1
    outer loop
      vertex 64.69157857666015 3.325665415878569 2.2
      vertex 84.2431583272298 2.429942985191664 2.2
      vertex 83.79413334214117 2.5192596079882614 2.2
    endloop
  endfacet
  facet normal 0 0 1
    outer loop
      vertex 65.8 3.701923788646684 2.2
      vertex 82.94999999999999 2.868911086754465 2.2
      vertex 82.56933499846947 3.123263308980677 2.2
    endloop
  endfacet
  facet normal 0 0 1
    outer loop
      vertex 66.12628428702615 3.919939979126294 2.2
      vertex 82.56933499846947 3.123263308980677 2.2
      vertex 82.22512626584707 3.425126265847084 2.2
    endloop
  endfacet
  facet normal 0 0 1
    outer loop
      vertex 66.42132034355964 4.178679656440357 2.2
      vertex 82.22512626584707 3.425126265847084 2.2
      vertex 81.92326330898067 3.769334998469478 2.2
    endloop
  endfacet
  facet normal 0 0 1
    outer loop
      vertex 65.44805029709526 3.52836140246614 2.2
      vertex 83.36060798672217 2.666421636210497 2.2
      vertex 82.94999999999999 2.868911086754465 2.2
    endloop
  endfacet
  facet normal 0 0 1
    outer loop
      vertex 66.6800600208737 4.473715712973838 2.2
      vertex 81.92326330898067 3.769334998469478 2.2
      vertex 81.66891108675445 4.15 2.2
    endloop
  endfacet
  facet normal 0 1 0
    outer loop
      vertex 60.3 2.4 6.1
      vertex 60.3 2.4 13.1
      vertex 88.2 2.4 2.2
    endloop
  endfacet
  facet normal 0 0 1
    outer loop
      vertex 44.8 18.8 2.2
      vertex 81.46642163621048 4.560607986722186 2.2
      vertex 81.31925960798824 4.994133342141177 2.2
    endloop
  endfacet
  facet normal 0 0 1
    outer loop
      vertex 52.8 18.8 2.2
      vertex 81.31925960798824 4.994133342141177 2.2
      vertex 81.22994298519166 5.44315832722982 2.2
    endloop
  endfacet
  facet normal 0 0 1
    outer loop
      vertex 60.8 18.8 2.2
      vertex 81.22994298519166 6.356841672770181 2.2
      vertex 63.3 18.8 2.2
    endloop
  endfacet
  facet normal 0 0 1
    outer loop
      vertex 60.8 18.8 2.2
      vertex 81.22994298519166 5.44315832722982 2.2
      vertex 81.19999999999999 5.9 2.2
    endloop
  endfacet
  facet normal 0 0 1
    outer loop
      vertex 60.8 18.8 2.2
      vertex 81.19999999999999 5.9 2.2
      vertex 81.22994298519166 6.356841672770181 2.2
    endloop
  endfacet
  facet normal 0 0 1
    outer loop
      vertex 63.3 18.8 2.2
      vertex 81.22994298519166 6.356841672770181 2.2
      vertex 81.31925960798824 6.805866657858823 2.2
    endloop
  endfacet
  facet normal 0 0 1
    outer loop
      vertex 63.3 18.8 2.2
      vertex 81.31925960798824 6.805866657858823 2.2
      vertex 81.46642163621048 7.239392013277815 2.2
    endloop
  endfacet
  facet normal 0 0 1
    outer loop
      vertex 63.3 18.8 2.2
      vertex 81.46642163621048 7.239392013277815 2.2
      vertex 81.66891108675445 7.65 2.2
    endloop
  endfacet
  facet normal 0 0 1
    outer loop
      vertex 63.3 18.8 2.2
      vertex 81.66891108675445 7.65 2.2
      vertex 81.92326330898067 8.030665001530522 2.2
    endloop
  endfacet
  facet normal 0 0 1
    outer loop
      vertex 84.06080049954083 5.066978992694203 2.2
      vertex 84.29818239601664 4.929926490863149 2.2
      vertex 83.95753787975411 5.157537879754125 2.2
    endloop
  endfacet
  facet normal 0 0 1
    outer loop
      vertex 84.06080049954083 5.066978992694203 2.2
      vertex 84.17499999999998 4.990673326026339 2.2
      vertex 84.29818239601664 4.929926490863149 2.2
    endloop
  endfacet
  facet normal 0 0 1
    outer loop
      vertex 83.95753787975411 5.157537879754125 2.2
      vertex 84.29818239601664 4.929926490863149 2.2
      vertex 83.86697899269419 5.260800499540844 2.2
    endloop
  endfacet
  facet normal 0 0 1
    outer loop
      vertex 83.79067332602632 5.375 2.2
      vertex 84.29818239601664 4.929926490863149 2.2
      vertex 83.72992649086314 5.498182396016656 2.2
    endloop
  endfacet
  facet normal 0 0 1
    outer loop
      vertex 83.79067332602632 5.375 2.2
      vertex 83.86697899269419 5.260800499540844 2.2
      vertex 84.29818239601664 4.929926490863149 2.2
    endloop
  endfacet
  facet normal 0 0 1
    outer loop
      vertex 83.65898289555749 5.762947498168947 2.2
      vertex 84.29818239601664 4.929926490863149 2.2
      vertex 83.64999999999999 5.9 2.2
    endloop
  endfacet
  facet normal 0 0 1
    outer loop
      vertex 83.64999999999999 5.9 2.2
      vertex 84.29818239601664 4.929926490863149 2.2
      vertex 83.65898289555749 6.037052501831054 2.2
    endloop
  endfacet
  facet normal 0 0 1
    outer loop
      vertex 83.72992649086314 5.498182396016656 2.2
      vertex 84.29818239601664 4.929926490863149 2.2
      vertex 83.68577788239647 5.628240002642354 2.2
    endloop
  endfacet
  facet normal 0 0 1
    outer loop
      vertex 83.65898289555749 5.762947498168947 2.2
      vertex 83.68577788239647 5.628240002642354 2.2
      vertex 84.29818239601664 4.929926490863149 2.2
    endloop
  endfacet
  facet normal 0 0 1
    outer loop
      vertex 83.65898289555749 6.037052501831054 2.2
      vertex 84.29818239601664 4.929926490863149 2.2
      vertex 83.68577788239647 6.171759997357647 2.2
    endloop
  endfacet
  facet normal 0 0 1
    outer loop
      vertex 84.42824000264234 4.885777882396479 2.2
      vertex 84.97175999735764 6.914222117603522 2.2
      vertex 84.29818239601664 4.929926490863149 2.2
    endloop
  endfacet
  facet normal 0 0 1
    outer loop
      vertex 84.56294749816894 4.858982895557499 2.2
      vertex 84.69999999999999 4.8500000000000005 2.2
      vertex 85.10181760398333 6.870073509136851 2.2
    endloop
  endfacet
  facet normal 0 0 1
    outer loop
      vertex 84.69999999999999 4.8500000000000005 2.2
      vertex 84.83705250183104 4.858982895557499 2.2
      vertex 85.10181760398333 6.870073509136851 2.2
    endloop
  endfacet
  facet normal 0 0 1
    outer loop
      vertex 84.42824000264234 4.885777882396479 2.2
      vertex 84.56294749816894 4.858982895557499 2.2
      vertex 84.97175999735764 6.914222117603522 2.2
    endloop
  endfacet
  facet normal 0 0 1
    outer loop
      vertex 83.68577788239647 6.171759997357647 2.2
      vertex 84.29818239601664 4.929926490863149 2.2
      vertex 83.72992649086314 6.301817603983345 2.2
    endloop
  endfacet
  facet normal 0 0 1
    outer loop
      vertex 83.72992649086314 6.301817603983345 2.2
      vertex 84.29818239601664 4.929926490863149 2.2
      vertex 83.79067332602632 6.425000000000001 2.2
    endloop
  endfacet
  facet normal 0 0 1
    outer loop
      vertex 83.79067332602632 6.425000000000001 2.2
      vertex 84.29818239601664 4.929926490863149 2.2
      vertex 83.86697899269419 6.539199500459157 2.2
    endloop
  endfacet
  facet normal 0 0 1
    outer loop
      vertex 83.86697899269419 6.539199500459157 2.2
      vertex 84.29818239601664 4.929926490863149 2.2
      vertex 83.95753787975411 6.642462120245876 2.2
    endloop
  endfacet
  facet normal 0 0 1
    outer loop
      vertex 83.95753787975411 6.642462120245876 2.2
      vertex 84.29818239601664 4.929926490863149 2.2
      vertex 84.06080049954083 6.733021007305798 2.2
    endloop
  endfacet
  facet normal 0 0 1
    outer loop
      vertex 84.06080049954083 6.733021007305798 2.2
      vertex 84.29818239601664 4.929926490863149 2.2
      vertex 84.17499999999998 6.809326673973661 2.2
    endloop
  endfacet
  facet normal 0 0 1
    outer loop
      vertex 84.17499999999998 6.809326673973661 2.2
      vertex 84.29818239601664 4.929926490863149 2.2
      vertex 84.29818239601664 6.870073509136851 2.2
    endloop
  endfacet
  facet normal 0 0 1
    outer loop
      vertex 84.29818239601664 6.870073509136851 2.2
      vertex 84.29818239601664 4.929926490863149 2.2
      vertex 84.42824000264234 6.914222117603522 2.2
    endloop
  endfacet
  facet normal 0 0 1
    outer loop
      vertex 84.56294749816894 4.858982895557499 2.2
      vertex 85.10181760398333 6.870073509136851 2.2
      vertex 84.97175999735764 6.914222117603522 2.2
    endloop
  endfacet
  facet normal 0 0 1
    outer loop
      vertex 84.42824000264234 6.914222117603522 2.2
      vertex 84.29818239601664 4.929926490863149 2.2
      vertex 84.56294749816894 6.941017104442501 2.2
    endloop
  endfacet
  facet normal 0 0 1
    outer loop
      vertex 84.56294749816894 6.941017104442501 2.2
      vertex 84.29818239601664 4.929926490863149 2.2
      vertex 84.69999999999999 6.95 2.2
    endloop
  endfacet
  facet normal 0 0 1
    outer loop
      vertex 84.69999999999999 6.95 2.2
      vertex 84.29818239601664 4.929926490863149 2.2
      vertex 84.83705250183104 6.941017104442501 2.2
    endloop
  endfacet
  facet normal 0 0 1
    outer loop
      vertex 84.83705250183104 6.941017104442501 2.2
      vertex 84.29818239601664 4.929926490863149 2.2
      vertex 84.97175999735764 6.914222117603522 2.2
    endloop
  endfacet
  facet normal 0 0 1
    outer loop
      vertex 88.2 2.4 2.2
      vertex 85.15684167277017 2.429942985191664 2.2
      vertex 84.69999999999999 2.4000000000000004 2.2
    endloop
  endfacet
  facet normal 0 0 1
    outer loop
      vertex 88.2 2.4 2.2
      vertex 85.60586665785881 2.5192596079882614 2.2
      vertex 85.15684167277017 2.429942985191664 2.2
    endloop
  endfacet
  facet normal 0 0 1
    outer loop
      vertex 88.2 2.4 2.2
      vertex 86.0393920132778 2.666421636210497 2.2
      vertex 85.60586665785881 2.5192596079882614 2.2
    endloop
  endfacet
  facet normal 0 0 1
    outer loop
      vertex 88.2 2.4 2.2
      vertex 86.44999999999999 2.868911086754465 2.2
      vertex 86.0393920132778 2.666421636210497 2.2
    endloop
  endfacet
  facet normal 0 0 1
    outer loop
      vertex 88.2 2.4 2.2
      vertex 86.8306650015305 3.123263308980677 2.2
      vertex 86.44999999999999 2.868911086754465 2.2
    endloop
  endfacet
  facet normal 0 0 1
    outer loop
      vertex 88.2 2.4 2.2
      vertex 87.17487373415291 3.425126265847084 2.2
      vertex 86.8306650015305 3.123263308980677 2.2
    endloop
  endfacet
  facet normal 0 0 1
    outer loop
      vertex 88.2 2.4 2.2
      vertex 87.47673669101931 3.769334998469478 2.2
      vertex 87.17487373415291 3.425126265847084 2.2
    endloop
  endfacet
  facet normal 0 0 1
    outer loop
      vertex 88.2 2.4 2.2
      vertex 87.73108891324553 4.15 2.2
      vertex 87.47673669101931 3.769334998469478 2.2
    endloop
  endfacet
  facet normal 0 0 1
    outer loop
      vertex 88.2 2.4 2.2
      vertex 87.9335783637895 4.560607986722186 2.2
      vertex 87.73108891324553 4.15 2.2
    endloop
  endfacet
  facet normal 0 0 1
    outer loop
      vertex 85.33919950045915 5.066978992694203 2.2
      vertex 85.44246212024586 5.157537879754125 2.2
      vertex 85.60932667397365 5.375 2.2
    endloop
  endfacet
  facet normal 0 0 1
    outer loop
      vertex 85.44246212024586 5.157537879754125 2.2
      vertex 85.53302100730579 5.260800499540844 2.2
      vertex 85.60932667397365 5.375 2.2
    endloop
  endfacet
  facet normal 0 0 1
    outer loop
      vertex 84.97175999735764 4.885777882396479 2.2
      vertex 85.10181760398333 4.929926490863149 2.2
      vertex 85.60932667397365 6.425000000000001 2.2
    endloop
  endfacet
  facet normal 0 0 1
    outer loop
      vertex 84.83705250183104 4.858982895557499 2.2
      vertex 84.97175999735764 4.885777882396479 2.2
      vertex 85.10181760398333 6.870073509136851 2.2
    endloop
  endfacet
  facet normal 0 0 1
    outer loop
      vertex 85.10181760398333 4.929926490863149 2.2
      vertex 85.225 4.990673326026339 2.2
      vertex 85.60932667397365 6.425000000000001 2.2
    endloop
  endfacet
  facet normal 0 0 1
    outer loop
      vertex 85.225 4.990673326026339 2.2
      vertex 85.33919950045915 5.066978992694203 2.2
      vertex 85.60932667397365 6.425000000000001 2.2
    endloop
  endfacet
  facet normal 0 0 1
    outer loop
      vertex 85.33919950045915 5.066978992694203 2.2
      vertex 85.60932667397365 5.375 2.2
      vertex 85.67007350913684 5.498182396016656 2.2
    endloop
  endfacet
  facet normal 0 0 1
    outer loop
      vertex 85.33919950045915 5.066978992694203 2.2
      vertex 85.67007350913684 5.498182396016656 2.2
      vertex 85.71422211760351 5.628240002642354 2.2
    endloop
  endfacet
  facet normal 0 0 1
    outer loop
      vertex 85.33919950045915 5.066978992694203 2.2
      vertex 85.71422211760351 5.628240002642354 2.2
      vertex 85.74101710444249 5.762947498168947 2.2
    endloop
  endfacet
  facet normal 0 0 1
    outer loop
      vertex 85.33919950045915 5.066978992694203 2.2
      vertex 85.74101710444249 5.762947498168947 2.2
      vertex 85.74999999999999 5.9 2.2
    endloop
  endfacet
  facet normal 0 0 1
    outer loop
      vertex 85.33919950045915 5.066978992694203 2.2
      vertex 85.74999999999999 5.9 2.2
      vertex 85.74101710444249 6.037052501831054 2.2
    endloop
  endfacet
  facet normal 0 0 1
    outer loop
      vertex 85.33919950045915 5.066978992694203 2.2
      vertex 85.74101710444249 6.037052501831054 2.2
      vertex 85.71422211760351 6.171759997357647 2.2
    endloop
  endfacet
  facet normal 0 0 1
    outer loop
      vertex 84.97175999735764 4.885777882396479 2.2
      vertex 85.225 6.809326673973661 2.2
      vertex 85.10181760398333 6.870073509136851 2.2
    endloop
  endfacet
  facet normal 0 0 1
    outer loop
      vertex 84.97175999735764 4.885777882396479 2.2
      vertex 85.44246212024586 6.642462120245876 2.2
      vertex 85.33919950045915 6.733021007305798 2.2
    endloop
  endfacet
  facet normal 0 0 1
    outer loop
      vertex 84.97175999735764 4.885777882396479 2.2
      vertex 85.33919950045915 6.733021007305798 2.2
      vertex 85.225 6.809326673973661 2.2
    endloop
  endfacet
  facet normal 0 0 1
    outer loop
      vertex 84.97175999735764 4.885777882396479 2.2
      vertex 85.60932667397365 6.425000000000001 2.2
      vertex 85.53302100730579 6.539199500459157 2.2
    endloop
  endfacet
  facet normal 0 0 1
    outer loop
      vertex 85.33919950045915 5.066978992694203 2.2
      vertex 85.71422211760351 6.171759997357647 2.2
      vertex 85.67007350913684 6.301817603983345 2.2
    endloop
  endfacet
  facet normal 0 0 1
    outer loop
      vertex 85.33919950045915 5.066978992694203 2.2
      vertex 85.67007350913684 6.301817603983345 2.2
      vertex 85.60932667397365 6.425000000000001 2.2
    endloop
  endfacet
  facet normal 0 0 1
    outer loop
      vertex 84.97175999735764 4.885777882396479 2.2
      vertex 85.53302100730579 6.539199500459157 2.2
      vertex 85.44246212024586 6.642462120245876 2.2
    endloop
  endfacet
  facet normal 0 0 1
    outer loop
      vertex 88.2 2.4 2.2
      vertex 88.08074039201173 4.994133342141177 2.2
      vertex 87.9335783637895 4.560607986722186 2.2
    endloop
  endfacet
  facet normal 0 0 1
    outer loop
      vertex 88.2 2.4 2.2
      vertex 88.17005701480832 5.44315832722982 2.2
      vertex 88.08074039201173 4.994133342141177 2.2
    endloop
  endfacet
  facet normal 0 0 1
    outer loop
      vertex 88.2 2.4 2.2
      vertex 88.19999999999999 5.9 2.2
      vertex 88.17005701480832 5.44315832722982 2.2
    endloop
  endfacet
  facet normal -1 -4.060244204343429e-15 2.2799832839774644e-14
    outer loop
      vertex 88.2 2.4 2.2
      vertex 88.2 24.3 6.1
      vertex 88.19999999999999 5.9 2.2
    endloop
  endfacet
  facet normal -1 0 0
    outer loop
      vertex 88.2 2.4 2.2
      vertex 88.2 5.050000000000001 6.1
      vertex 88.2 21.05 6.1
    endloop
  endfacet
  facet normal 0 1 0
    outer loop
      vertex 60.3 2.4 13.1
      vertex 88.2 2.4 31.2
      vertex 88.2 2.4 2.2
    endloop
  endfacet
  facet normal -1 0 0
    outer loop
      vertex 88.2 2.4 2.2
      vertex 88.2 5.050000000000001 21.1
      vertex 88.2 5.050000000000001 6.1
    endloop
  endfacet
  facet normal 0 0 1
    outer loop
      vertex 63.3 18.8 2.2
      vertex 81.92326330898067 8.030665001530522 2.2
      vertex 84.2431583272298 52.229942985191656 2.2
    endloop
  endfacet
  facet normal 0 0 1
    outer loop
      vertex 81.92326330898067 8.030665001530522 2.2
      vertex 82.22512626584707 8.374873734152917 2.2
      vertex 84.2431583272298 52.229942985191656 2.2
    endloop
  endfacet
  facet normal 0 0 1
    outer loop
      vertex 82.22512626584707 8.374873734152917 2.2
      vertex 82.56933499846947 8.676736691019324 2.2
      vertex 84.2431583272298 52.229942985191656 2.2
    endloop
  endfacet
  facet normal 0 0 1
    outer loop
      vertex 87.73108891324553 7.65 2.2
      vertex 87.47673669101931 53.56933499846947 2.2
      vertex 87.47673669101931 8.030665001530522 2.2
    endloop
  endfacet
  facet normal 0 0 1
    outer loop
      vertex 88.08074039201173 6.805866657858823 2.2
      vertex 87.9335783637895 54.36060798672218 2.2
      vertex 87.9335783637895 7.239392013277815 2.2
    endloop
  endfacet
  facet normal 0 0 1
    outer loop
      vertex 87.9335783637895 7.239392013277815 2.2
      vertex 87.9335783637895 54.36060798672218 2.2
      vertex 87.73108891324553 7.65 2.2
    endloop
  endfacet
  facet normal 0 0 1
    outer loop
      vertex 88.19999999999999 5.9 2.2
      vertex 88.19999999999999 55.699999999999996 2.2
      vertex 88.17005701480832 6.356841672770181 2.2
    endloop
  endfacet
  facet normal 0 0 1
    outer loop
      vertex 88.17005701480832 6.356841672770181 2.2
      vertex 88.17005701480832 55.243158327229814 2.2
      vertex 88.08074039201173 6.805866657858823 2.2
    endloop
  endfacet
  facet normal -1 0 0
    outer loop
      vertex 88.2 2.4 2.2
      vertex 88.2 21.05 6.1
      vertex 88.2 24.3 6.1
    endloop
  endfacet
  facet normal 0 0 1
    outer loop
      vertex 82.56933499846947 8.676736691019324 2.2
      vertex 82.94999999999999 8.931088913245535 2.2
      vertex 84.2431583272298 52.229942985191656 2.2
    endloop
  endfacet
  facet normal 0 0 1
    outer loop
      vertex 82.94999999999999 8.931088913245535 2.2
      vertex 83.36060798672217 9.133578363789503 2.2
      vertex 84.2431583272298 52.229942985191656 2.2
    endloop
  endfacet
  facet normal 0 0 1
    outer loop
      vertex 83.36060798672217 9.133578363789503 2.2
      vertex 83.79413334214117 9.28074039201174 2.2
      vertex 84.2431583272298 52.229942985191656 2.2
    endloop
  endfacet
  facet normal 0 0 1
    outer loop
      vertex 83.79413334214117 9.28074039201174 2.2
      vertex 84.2431583272298 9.370057014808337 2.2
      vertex 84.2431583272298 52.229942985191656 2.2
    endloop
  endfacet
  facet normal 0 0 1
    outer loop
      vertex 84.2431583272298 9.370057014808337 2.2
      vertex 84.69999999999999 9.4 2.2
      vertex 84.2431583272298 52.229942985191656 2.2
    endloop
  endfacet
  facet normal 0 0 1
    outer loop
      vertex 84.69999999999999 9.4 2.2
      vertex 85.15684167277017 9.370057014808337 2.2
      vertex 85.15684167277017 52.229942985191656 2.2
    endloop
  endfacet
  facet normal 0 0 1
    outer loop
      vertex 85.15684167277017 9.370057014808337 2.2
      vertex 85.60586665785881 9.28074039201174 2.2
      vertex 85.15684167277017 52.229942985191656 2.2
    endloop
  endfacet
  facet normal 0 0 1
    outer loop
      vertex 86.0393920132778 9.133578363789503 2.2
      vertex 86.44999999999999 8.931088913245535 2.2
      vertex 86.0393920132778 52.46642163621049 2.2
    endloop
  endfacet
  facet normal 0 0 1
    outer loop
      vertex 85.60586665785881 9.28074039201174 2.2
      vertex 86.0393920132778 9.133578363789503 2.2
      vertex 86.0393920132778 52.46642163621049 2.2
    endloop
  endfacet
  facet normal 0 0 1
    outer loop
      vertex 86.44999999999999 8.931088913245535 2.2
      vertex 86.8306650015305 8.676736691019324 2.2
      vertex 86.8306650015305 52.92326330898067 2.2
    endloop
  endfacet
  facet normal 0 0 1
    outer loop
      vertex 87.17487373415291 8.374873734152917 2.2
      vertex 86.8306650015305 52.92326330898067 2.2
      vertex 86.8306650015305 8.676736691019324 2.2
    endloop
  endfacet
  facet normal 0 0 1
    outer loop
      vertex 87.17487373415291 8.374873734152917 2.2
      vertex 87.47673669101931 8.030665001530522 2.2
      vertex 87.47673669101931 53.56933499846947 2.2
    endloop
  endfacet
  facet normal -1 0 3.643808901333848e-15
    outer loop
      vertex 88.2 24.3 6.1
      vertex 88.19999999999999 55.699999999999996 2.2
      vertex 88.19999999999999 5.9 2.2
    endloop
  endfacet
  facet normal -1 0 0
    outer loop
      vertex 88.2 21.05 6.1
      vertex 88.2 21.05 21.1
      vertex 88.2 24.3 6.1
    endloop
  endfacet
  facet normal 0 1 0
    outer loop
      vertex 2.4 2.4 31.2
      vertex 88.2 2.4 31.2
      vertex 60.3 2.4 13.1
    endloop
  endfacet
  facet normal -1 0 0
    outer loop
      vertex 88.2 2.4 2.2
      vertex 88.2 2.4 31.2
      vertex 88.2 5.050000000000001 21.1
    endloop
  endfacet
  facet normal -1 0 0
    outer loop
      vertex 88.2 5.050000000000001 21.1
      vertex 88.2 2.4 31.2
      vertex 88.2 21.05 21.1
    endloop
  endfacet
  facet normal -1 0 0
    outer loop
      vertex 88.2 24.3 6.1
      vertex 88.2 21.05 21.1
      vertex 88.2 24.3 23.6
    endloop
  endfacet
  facet normal -1 0 0
    outer loop
      vertex 88.2 2.4 31.2
      vertex 88.2 24.3 23.6
      vertex 88.2 21.05 21.1
    endloop
  endfacet
  facet normal -1 0 0
    outer loop
      vertex 88.2 2.4 31.2
      vertex 88.2 39.3 23.6
      vertex 88.2 24.3 23.6
    endloop
  endfacet
  facet normal 0 0 1
    outer loop
      vertex 47.3 18.8 2.2
      vertex 52.8 40.8 2.2
      vertex 47.3 40.8 2.2
    endloop
  endfacet
  facet normal 0 0 1
    outer loop
      vertex 36.8 40.8 2.2
      vertex 39.3 40.8 2.2
      vertex 81.31925960798824 56.60586665785882 2.2
    endloop
  endfacet
  facet normal 0 0 1
    outer loop
      vertex 39.3 40.8 2.2
      vertex 44.8 40.8 2.2
      vertex 81.31925960798824 56.60586665785882 2.2
    endloop
  endfacet
  facet normal 0 0 1
    outer loop
      vertex 60.8 18.8 2.2
      vertex 60.8 40.8 2.2
      vertex 55.3 40.8 2.2
    endloop
  endfacet
  facet normal 0 0 1
    outer loop
      vertex 44.8 40.8 2.2
      vertex 47.3 40.8 2.2
      vertex 81.22994298519166 56.15684167277018 2.2
    endloop
  endfacet
  facet normal 0 0 1
    outer loop
      vertex 47.3 40.8 2.2
      vertex 52.8 40.8 2.2
      vertex 81.19999999999999 55.699999999999996 2.2
    endloop
  endfacet
  facet normal 0 0 1
    outer loop
      vertex 52.8 40.8 2.2
      vertex 55.3 40.8 2.2
      vertex 81.22994298519166 55.243158327229814 2.2
    endloop
  endfacet
  facet normal 0 0 1
    outer loop
      vertex 55.3 40.8 2.2
      vertex 60.8 40.8 2.2
      vertex 81.22994298519166 55.243158327229814 2.2
    endloop
  endfacet
  facet normal 0 0 1
    outer loop
      vertex 36.8 40.8 2.2
      vertex 62.17867965644035 53.17867965644035 2.2
      vertex 61.91993997912629 53.473715712973835 2.2
    endloop
  endfacet
  facet normal 0 0 1
    outer loop
      vertex 36.8 40.8 2.2
      vertex 61.91993997912629 53.473715712973835 2.2
      vertex 61.70192378864668 53.8 2.2
    endloop
  endfacet
  facet normal 0 0 1
    outer loop
      vertex 36.8 40.8 2.2
      vertex 61.70192378864668 53.8 2.2
      vertex 61.52836140246614 54.15194970290473 2.2
    endloop
  endfacet
  facet normal 0 0 1
    outer loop
      vertex 36.8 40.8 2.2
      vertex 61.52836140246614 54.15194970290473 2.2
      vertex 61.40222252113279 54.52354286469244 2.2
    endloop
  endfacet
  facet normal 0 0 1
    outer loop
      vertex 36.8 40.8 2.2
      vertex 63.52354286469244 52.40222252113279 2.2
      vertex 63.15194970290473 52.52836140246614 2.2
    endloop
  endfacet
  facet normal 0 0 1
    outer loop
      vertex 36.8 40.8 2.2
      vertex 62.8 52.70192378864668 2.2
      vertex 62.473715712973835 52.91993997912629 2.2
    endloop
  endfacet
  facet normal 0 0 1
    outer loop
      vertex 36.8 40.8 2.2
      vertex 62.473715712973835 52.91993997912629 2.2
      vertex 62.17867965644035 53.17867965644035 2.2
    endloop
  endfacet
  facet normal 0 0 1
    outer loop
      vertex 36.8 40.8 2.2
      vertex 63.15194970290473 52.52836140246614 2.2
      vertex 62.8 52.70192378864668 2.2
    endloop
  endfacet
  facet normal 0 0 1
    outer loop
      vertex 36.8 40.8 2.2
      vertex 63.908421423339846 52.32566541587857 2.2
      vertex 63.52354286469244 52.40222252113279 2.2
    endloop
  endfacet
  facet normal 0 0 1
    outer loop
      vertex 36.8 40.8 2.2
      vertex 64.3 52.3 2.2
      vertex 63.908421423339846 52.32566541587857 2.2
    endloop
  endfacet
  facet normal 0 0 1
    outer loop
      vertex 36.8 40.8 2.2
      vertex 64.69157857666015 52.32566541587857 2.2
      vertex 64.3 52.3 2.2
    endloop
  endfacet
  facet normal 0 0 1
    outer loop
      vertex 36.8 40.8 2.2
      vertex 65.07645713530756 52.40222252113279 2.2
      vertex 64.69157857666015 52.32566541587857 2.2
    endloop
  endfacet
  facet normal 0 0 1
    outer loop
      vertex 36.8 40.8 2.2
      vertex 65.44805029709526 52.52836140246614 2.2
      vertex 65.07645713530756 52.40222252113279 2.2
    endloop
  endfacet
  facet normal 0 0 1
    outer loop
      vertex 36.8 40.8 2.2
      vertex 61.40222252113279 54.52354286469244 2.2
      vertex 61.32566541587857 54.908421423339846 2.2
    endloop
  endfacet
  facet normal 0 0 1
    outer loop
      vertex 36.8 40.8 2.2
      vertex 61.32566541587857 54.908421423339846 2.2
      vertex 61.3 55.3 2.2
    endloop
  endfacet
  facet normal 0 0 1
    outer loop
      vertex 8.676736691019324 57.83066500153052 2.2
      vertex 63.52354286469244 58.1977774788672 2.2
      vertex 63.908421423339846 58.274334584121426 2.2
    endloop
  endfacet
  facet normal 0 0 1
    outer loop
      vertex 8.676736691019324 57.83066500153052 2.2
      vertex 63.908421423339846 58.274334584121426 2.2
      vertex 64.3 58.3 2.2
    endloop
  endfacet
  facet normal 0 0 1
    outer loop
      vertex 8.676736691019324 57.83066500153052 2.2
      vertex 64.3 58.3 2.2
      vertex 82.56933499846947 58.47673669101932 2.2
    endloop
  endfacet
  facet normal 0 -1 0
    outer loop
      vertex 54.8 59.199999999999996 8.2
      vertex 5.9 59.199999999999996 2.2
      vertex 84.69999999999999 59.199999999999996 2.2
    endloop
  endfacet
  facet normal 0 0 1
    outer loop
      vertex 36.8 40.8 2.2
      vertex 81.31925960798824 56.60586665785882 2.2
      vertex 65.44805029709526 52.52836140246614 2.2
    endloop
  endfacet
  facet normal 0 0 1
    outer loop
      vertex 82.56933499846947 58.47673669101932 2.2
      vertex 82.94999999999999 58.73108891324553 2.2
      vertex 5.9 59.199999999999996 2.2
    endloop
  endfacet
  facet normal 0 0 1
    outer loop
      vertex 82.94999999999999 58.73108891324553 2.2
      vertex 83.36060798672217 58.9335783637895 2.2
      vertex 5.9 59.199999999999996 2.2
    endloop
  endfacet
  facet normal 0 0 1
    outer loop
      vertex 83.36060798672217 58.9335783637895 2.2
      vertex 83.79413334214117 59.080740392011734 2.2
      vertex 5.9 59.199999999999996 2.2
    endloop
  endfacet
  facet normal 0 0 1
    outer loop
      vertex 83.79413334214117 59.080740392011734 2.2
      vertex 84.2431583272298 59.170057014808336 2.2
      vertex 5.9 59.199999999999996 2.2
    endloop
  endfacet
  facet normal 0 0 1
    outer loop
      vertex 84.2431583272298 59.170057014808336 2.2
      vertex 84.69999999999999 59.199999999999996 2.2
      vertex 5.9 59.199999999999996 2.2
    endloop
  endfacet
  facet normal 0 0 1
    outer loop
      vertex 63.66080049954084 54.4669789926942 2.2
      vertex 63.775 54.39067332602634 2.2
      vertex 64.16294749816895 54.258982895557494 2.2
    endloop
  endfacet
  facet normal 0 0 1
    outer loop
      vertex 63.89818239601665 54.329926490863144 2.2
      vertex 64.02824000264235 54.285777882396474 2.2
      vertex 63.775 54.39067332602634 2.2
    endloop
  endfacet
  facet normal 0 0 1
    outer loop
      vertex 63.775 54.39067332602634 2.2
      vertex 64.02824000264235 54.285777882396474 2.2
      vertex 64.16294749816895 54.258982895557494 2.2
    endloop
  endfacet
  facet normal 0 0 1
    outer loop
      vertex 63.66080049954084 54.4669789926942 2.2
      vertex 64.16294749816895 54.258982895557494 2.2
      vertex 64.3 54.25 2.2
    endloop
  endfacet
  facet normal 0 0 1
    outer loop
      vertex 63.66080049954084 54.4669789926942 2.2
      vertex 64.3 54.25 2.2
      vertex 64.43705250183105 54.258982895557494 2.2
    endloop
  endfacet
  facet normal 0 0 1
    outer loop
      vertex 63.66080049954084 54.4669789926942 2.2
      vertex 64.43705250183105 54.258982895557494 2.2
      vertex 64.57175999735765 54.285777882396474 2.2
    endloop
  endfacet
  facet normal 0 0 1
    outer loop
      vertex 63.55753787975412 54.55753787975412 2.2
      vertex 63.66080049954084 54.4669789926942 2.2
      vertex 64.57175999735765 54.285777882396474 2.2
    endloop
  endfacet
  facet normal 0 0 1
    outer loop
      vertex 63.55753787975412 54.55753787975412 2.2
      vertex 64.825 54.39067332602634 2.2
      vertex 63.4669789926942 54.66080049954084 2.2
    endloop
  endfacet
  facet normal 0 0 1
    outer loop
      vertex 63.4669789926942 54.66080049954084 2.2
      vertex 64.825 54.39067332602634 2.2
      vertex 63.39067332602634 54.775 2.2
    endloop
  endfacet
  facet normal 0 0 1
    outer loop
      vertex 63.39067332602634 54.775 2.2
      vertex 64.825 54.39067332602634 2.2
      vertex 63.329926490863144 54.89818239601665 2.2
    endloop
  endfacet
  facet normal 0 0 1
    outer loop
      vertex 63.329926490863144 54.89818239601665 2.2
      vertex 64.93919950045915 54.4669789926942 2.2
      vertex 63.285777882396474 55.02824000264235 2.2
    endloop
  endfacet
  facet normal 0 0 1
    outer loop
      vertex 63.55753787975412 54.55753787975412 2.2
      vertex 64.57175999735765 54.285777882396474 2.2
      vertex 64.70181760398334 54.329926490863144 2.2
    endloop
  endfacet
  facet normal 0 0 1
    outer loop
      vertex 63.55753787975412 54.55753787975412 2.2
      vertex 64.70181760398334 54.329926490863144 2.2
      vertex 64.825 54.39067332602634 2.2
    endloop
  endfacet
  facet normal 0 0 1
    outer loop
      vertex 63.329926490863144 54.89818239601665 2.2
      vertex 64.825 54.39067332602634 2.2
      vertex 64.93919950045915 54.4669789926942 2.2
    endloop
  endfacet
  facet normal 0 0 1
    outer loop
      vertex 63.285777882396474 55.02824000264235 2.2
      vertex 64.93919950045915 54.4669789926942 2.2
      vertex 65.04246212024587 54.55753787975412 2.2
    endloop
  endfacet
  facet normal 0 0 1
    outer loop
      vertex 63.285777882396474 55.02824000264235 2.2
      vertex 65.04246212024587 54.55753787975412 2.2
      vertex 65.1330210073058 54.66080049954084 2.2
    endloop
  endfacet
  facet normal 0 0 1
    outer loop
      vertex 63.285777882396474 55.02824000264235 2.2
      vertex 65.1330210073058 54.66080049954084 2.2
      vertex 65.20932667397366 54.775 2.2
    endloop
  endfacet
  facet normal 0 0 1
    outer loop
      vertex 63.285777882396474 55.02824000264235 2.2
      vertex 65.20932667397366 54.775 2.2
      vertex 63.258982895557494 55.16294749816894 2.2
    endloop
  endfacet
  facet normal 0 0 1
    outer loop
      vertex 63.258982895557494 55.16294749816894 2.2
      vertex 65.27007350913685 54.89818239601665 2.2
      vertex 63.25 55.3 2.2
    endloop
  endfacet
  facet normal 0 0 1
    outer loop
      vertex 63.25 55.3 2.2
      vertex 65.35 55.3 2.2
      vertex 63.258982895557494 55.437052501831054 2.2
    endloop
  endfacet
  facet normal 0 0 1
    outer loop
      vertex 63.258982895557494 55.437052501831054 2.2
      vertex 65.35 55.3 2.2
      vertex 63.285777882396474 55.571759997357645 2.2
    endloop
  endfacet
  facet normal 0 0 1
    outer loop
      vertex 63.285777882396474 55.571759997357645 2.2
      vertex 65.35 55.3 2.2
      vertex 63.329926490863144 55.70181760398334 2.2
    endloop
  endfacet
  facet normal 0 0 1
    outer loop
      vertex 65.35 55.3 2.2
      vertex 63.39067332602634 55.824999999999996 2.2
      vertex 63.329926490863144 55.70181760398334 2.2
    endloop
  endfacet
  facet normal 0 0 1
    outer loop
      vertex 65.35 55.3 2.2
      vertex 63.4669789926942 55.939199500459154 2.2
      vertex 63.39067332602634 55.824999999999996 2.2
    endloop
  endfacet
  facet normal 0 0 1
    outer loop
      vertex 65.35 55.3 2.2
      vertex 63.55753787975412 56.04246212024587 2.2
      vertex 63.4669789926942 55.939199500459154 2.2
    endloop
  endfacet
  facet normal 0 0 1
    outer loop
      vertex 63.258982895557494 55.16294749816894 2.2
      vertex 65.20932667397366 54.775 2.2
      vertex 65.27007350913685 54.89818239601665 2.2
    endloop
  endfacet
  facet normal 0 0 1
    outer loop
      vertex 63.25 55.3 2.2
      vertex 65.27007350913685 54.89818239601665 2.2
      vertex 65.31422211760352 55.02824000264235 2.2
    endloop
  endfacet
  facet normal 0 0 1
    outer loop
      vertex 63.25 55.3 2.2
      vertex 65.31422211760352 55.02824000264235 2.2
      vertex 65.3410171044425 55.16294749816894 2.2
    endloop
  endfacet
  facet normal 0 0 1
    outer loop
      vertex 63.25 55.3 2.2
      vertex 65.3410171044425 55.16294749816894 2.2
      vertex 65.35 55.3 2.2
    endloop
  endfacet
  facet normal 0 0 1
    outer loop
      vertex 65.35 55.3 2.2
      vertex 63.66080049954084 56.13302100730579 2.2
      vertex 63.55753787975412 56.04246212024587 2.2
    endloop
  endfacet
  facet normal 0 0 1
    outer loop
      vertex 65.35 55.3 2.2
      vertex 63.775 56.209326673973656 2.2
      vertex 63.66080049954084 56.13302100730579 2.2
    endloop
  endfacet
  facet normal 0 0 1
    outer loop
      vertex 65.35 55.3 2.2
      vertex 63.89818239601665 56.27007350913685 2.2
      vertex 63.775 56.209326673973656 2.2
    endloop
  endfacet
  facet normal 0 0 1
    outer loop
      vertex 65.35 55.3 2.2
      vertex 64.02824000264235 56.31422211760352 2.2
      vertex 63.89818239601665 56.27007350913685 2.2
    endloop
  endfacet
  facet normal 0 0 1
    outer loop
      vertex 65.35 55.3 2.2
      vertex 64.16294749816895 56.3410171044425 2.2
      vertex 64.02824000264235 56.31422211760352 2.2
    endloop
  endfacet
  facet normal 0 0 1
    outer loop
      vertex 65.35 55.3 2.2
      vertex 64.3 56.349999999999994 2.2
      vertex 64.16294749816895 56.3410171044425 2.2
    endloop
  endfacet
  facet normal 0 0 1
    outer loop
      vertex 65.35 55.3 2.2
      vertex 64.43705250183105 56.3410171044425 2.2
      vertex 64.3 56.349999999999994 2.2
    endloop
  endfacet
  facet normal 0 0 1
    outer loop
      vertex 65.35 55.3 2.2
      vertex 64.57175999735765 56.31422211760352 2.2
      vertex 64.43705250183105 56.3410171044425 2.2
    endloop
  endfacet
  facet normal 0 0 1
    outer loop
      vertex 65.35 55.3 2.2
      vertex 64.70181760398334 56.27007350913685 2.2
      vertex 64.57175999735765 56.31422211760352 2.2
    endloop
  endfacet
  facet normal 0 0 1
    outer loop
      vertex 65.35 55.3 2.2
      vertex 64.825 56.209326673973656 2.2
      vertex 64.70181760398334 56.27007350913685 2.2
    endloop
  endfacet
  facet normal 0 0 1
    outer loop
      vertex 65.35 55.3 2.2
      vertex 65.04246212024587 56.04246212024587 2.2
      vertex 64.93919950045915 56.13302100730579 2.2
    endloop
  endfacet
  facet normal 0 0 1
    outer loop
      vertex 65.35 55.3 2.2
      vertex 64.93919950045915 56.13302100730579 2.2
      vertex 64.825 56.209326673973656 2.2
    endloop
  endfacet
  facet normal 0 0 1
    outer loop
      vertex 65.35 55.3 2.2
      vertex 65.3410171044425 55.437052501831054 2.2
      vertex 65.31422211760352 55.571759997357645 2.2
    endloop
  endfacet
  facet normal 0 0 1
    outer loop
      vertex 65.35 55.3 2.2
      vertex 65.31422211760352 55.571759997357645 2.2
      vertex 65.27007350913685 55.70181760398334 2.2
    endloop
  endfacet
  facet normal 0 0 1
    outer loop
      vertex 65.35 55.3 2.2
      vertex 65.27007350913685 55.70181760398334 2.2
      vertex 65.20932667397366 55.824999999999996 2.2
    endloop
  endfacet
  facet normal 0 0 1
    outer loop
      vertex 65.35 55.3 2.2
      vertex 65.20932667397366 55.824999999999996 2.2
      vertex 65.1330210073058 55.939199500459154 2.2
    endloop
  endfacet
  facet normal 0 0 1
    outer loop
      vertex 65.35 55.3 2.2
      vertex 65.1330210073058 55.939199500459154 2.2
      vertex 65.04246212024587 56.04246212024587 2.2
    endloop
  endfacet
  facet normal 0 -1 0
    outer loop
      vertex 54.8 59.199999999999996 8.2
      vertex 84.69999999999999 59.199999999999996 2.2
      vertex 62.8 59.199999999999996 8.2
    endloop
  endfacet
  facet normal 0 -1 0
    outer loop
      vertex 44.8 59.199999999999996 8.2
      vertex 52.8 59.199999999999996 8.2
      vertex 52.8 59.199999999999996 18.2
    endloop
  endfacet
  facet normal 0 -1 0
    outer loop
      vertex 44.8 59.199999999999996 8.2
      vertex 52.8 59.199999999999996 18.2
      vertex 44.8 59.199999999999996 18.2
    endloop
  endfacet
  facet normal 0 -1 0
    outer loop
      vertex 54.8 59.199999999999996 8.2
      vertex 62.8 59.199999999999996 8.2
      vertex 62.8 59.199999999999996 18.2
    endloop
  endfacet
  facet normal 0 -1 0
    outer loop
      vertex 54.8 59.199999999999996 8.2
      vertex 62.8 59.199999999999996 18.2
      vertex 54.8 59.199999999999996 18.2
    endloop
  endfacet
  facet normal 0 0 1
    outer loop
      vertex 63.3 18.8 2.2
      vertex 84.2431583272298 52.229942985191656 2.2
      vertex 63.3 40.8 2.2
    endloop
  endfacet
  facet normal 0 0 1
    outer loop
      vertex 60.8 40.8 2.2
      vertex 63.3 40.8 2.2
      vertex 81.46642163621048 54.36060798672218 2.2
    endloop
  endfacet
  facet normal 0 0 1
    outer loop
      vertex 84.69999999999999 9.4 2.2
      vertex 84.69999999999999 52.199999999999996 2.2
      vertex 84.2431583272298 52.229942985191656 2.2
    endloop
  endfacet
  facet normal 0 0 1
    outer loop
      vertex 84.69999999999999 9.4 2.2
      vertex 85.15684167277017 52.229942985191656 2.2
      vertex 84.69999999999999 52.199999999999996 2.2
    endloop
  endfacet
  facet normal 0 0 1
    outer loop
      vertex 85.60586665785881 9.28074039201174 2.2
      vertex 85.60586665785881 52.31925960798826 2.2
      vertex 85.15684167277017 52.229942985191656 2.2
    endloop
  endfacet
  facet normal 0 0 1
    outer loop
      vertex 85.60586665785881 9.28074039201174 2.2
      vertex 86.0393920132778 52.46642163621049 2.2
      vertex 85.60586665785881 52.31925960798826 2.2
    endloop
  endfacet
  facet normal 0 0 1
    outer loop
      vertex 86.44999999999999 8.931088913245535 2.2
      vertex 86.44999999999999 52.66891108675446 2.2
      vertex 86.0393920132778 52.46642163621049 2.2
    endloop
  endfacet
  facet normal 0 0 1
    outer loop
      vertex 86.44999999999999 8.931088913245535 2.2
      vertex 86.8306650015305 52.92326330898067 2.2
      vertex 86.44999999999999 52.66891108675446 2.2
    endloop
  endfacet
  facet normal 0 0 1
    outer loop
      vertex 87.17487373415291 8.374873734152917 2.2
      vertex 87.17487373415291 53.22512626584708 2.2
      vertex 86.8306650015305 52.92326330898067 2.2
    endloop
  endfacet
  facet normal 0 0 1
    outer loop
      vertex 87.17487373415291 8.374873734152917 2.2
      vertex 87.47673669101931 53.56933499846947 2.2
      vertex 87.17487373415291 53.22512626584708 2.2
    endloop
  endfacet
  facet normal 0 0 1
    outer loop
      vertex 87.73108891324553 7.65 2.2
      vertex 87.73108891324553 53.949999999999996 2.2
      vertex 87.47673669101931 53.56933499846947 2.2
    endloop
  endfacet
  facet normal 0 0 1
    outer loop
      vertex 87.73108891324553 7.65 2.2
      vertex 87.9335783637895 54.36060798672218 2.2
      vertex 87.73108891324553 53.949999999999996 2.2
    endloop
  endfacet
  facet normal 0 0 1
    outer loop
      vertex 88.08074039201173 6.805866657858823 2.2
      vertex 88.08074039201173 54.79413334214117 2.2
      vertex 87.9335783637895 54.36060798672218 2.2
    endloop
  endfacet
  facet normal 0 0 1
    outer loop
      vertex 88.08074039201173 6.805866657858823 2.2
      vertex 88.17005701480832 55.243158327229814 2.2
      vertex 88.08074039201173 54.79413334214117 2.2
    endloop
  endfacet
  facet normal 0 0 1
    outer loop
      vertex 88.17005701480832 6.356841672770181 2.2
      vertex 88.19999999999999 55.699999999999996 2.2
      vertex 88.17005701480832 55.243158327229814 2.2
    endloop
  endfacet
  facet normal -1 0 0
    outer loop
      vertex 88.2 24.3 6.1
      vertex 88.2 39.3 6.1
      vertex 88.2 59.199999999999996 2.2
    endloop
  endfacet
  facet normal -1 0 0
    outer loop
      vertex 88.2 39.3 6.1
      vertex 88.2 39.3 23.6
      vertex 88.2 42.3 6.1
    endloop
  endfacet
  facet normal 0 0 1
    outer loop
      vertex 44.8 40.8 2.2
      vertex 81.22994298519166 56.15684167277018 2.2
      vertex 81.31925960798824 56.60586665785882 2.2
    endloop
  endfacet
  facet normal 0 0 1
    outer loop
      vertex 47.3 40.8 2.2
      vertex 81.19999999999999 55.699999999999996 2.2
      vertex 81.22994298519166 56.15684167277018 2.2
    endloop
  endfacet
  facet normal 0 0 1
    outer loop
      vertex 52.8 40.8 2.2
      vertex 81.22994298519166 55.243158327229814 2.2
      vertex 81.19999999999999 55.699999999999996 2.2
    endloop
  endfacet
  facet normal 0 0 1
    outer loop
      vertex 60.8 40.8 2.2
      vertex 81.46642163621048 54.36060798672218 2.2
      vertex 81.31925960798824 54.79413334214117 2.2
    endloop
  endfacet
  facet normal 0 0 1
    outer loop
      vertex 63.3 40.8 2.2
      vertex 82.56933499846947 52.92326330898067 2.2
      vertex 82.22512626584707 53.22512626584708 2.2
    endloop
  endfacet
  facet normal 0 0 1
    outer loop
      vertex 63.3 40.8 2.2
      vertex 82.94999999999999 52.66891108675446 2.2
      vertex 82.56933499846947 52.92326330898067 2.2
    endloop
  endfacet
  facet normal 0 0 1
    outer loop
      vertex 63.3 40.8 2.2
      vertex 81.92326330898067 53.56933499846947 2.2
      vertex 81.66891108675445 53.949999999999996 2.2
    endloop
  endfacet
  facet normal 0 0 1
    outer loop
      vertex 63.3 40.8 2.2
      vertex 81.66891108675445 53.949999999999996 2.2
      vertex 81.46642163621048 54.36060798672218 2.2
    endloop
  endfacet
  facet normal 0 0 1
    outer loop
      vertex 63.3 40.8 2.2
      vertex 82.22512626584707 53.22512626584708 2.2
      vertex 81.92326330898067 53.56933499846947 2.2
    endloop
  endfacet
  facet normal 0 0 1
    outer loop
      vertex 63.3 40.8 2.2
      vertex 83.79413334214117 52.31925960798826 2.2
      vertex 83.36060798672217 52.46642163621049 2.2
    endloop
  endfacet
  facet normal 0 0 1
    outer loop
      vertex 63.3 40.8 2.2
      vertex 84.2431583272298 52.229942985191656 2.2
      vertex 83.79413334214117 52.31925960798826 2.2
    endloop
  endfacet
  facet normal 0 0 1
    outer loop
      vertex 63.3 40.8 2.2
      vertex 83.36060798672217 52.46642163621049 2.2
      vertex 82.94999999999999 52.66891108675446 2.2
    endloop
  endfacet
  facet normal 0 0 1
    outer loop
      vertex 60.8 40.8 2.2
      vertex 81.31925960798824 54.79413334214117 2.2
      vertex 81.22994298519166 55.243158327229814 2.2
    endloop
  endfacet
  facet normal 0 0 1
    outer loop
      vertex 65.44805029709526 52.52836140246614 2.2
      vertex 81.31925960798824 56.60586665785882 2.2
      vertex 65.8 52.70192378864668 2.2
    endloop
  endfacet
  facet normal 0 0 1
    outer loop
      vertex 65.8 52.70192378864668 2.2
      vertex 81.31925960798824 56.60586665785882 2.2
      vertex 66.12628428702615 52.91993997912629 2.2
    endloop
  endfacet
  facet normal 0 0 1
    outer loop
      vertex 66.12628428702615 52.91993997912629 2.2
      vertex 81.31925960798824 56.60586665785882 2.2
      vertex 66.42132034355964 53.17867965644035 2.2
    endloop
  endfacet
  facet normal 0 0 1
    outer loop
      vertex 66.42132034355964 53.17867965644035 2.2
      vertex 81.31925960798824 56.60586665785882 2.2
      vertex 66.6800600208737 53.473715712973835 2.2
    endloop
  endfacet
  facet normal 0 0 1
    outer loop
      vertex 66.6800600208737 53.473715712973835 2.2
      vertex 81.31925960798824 56.60586665785882 2.2
      vertex 66.89807621135331 53.8 2.2
    endloop
  endfacet
  facet normal 0 0 1
    outer loop
      vertex 67.07163859753386 54.15194970290473 2.2
      vertex 66.89807621135331 53.8 2.2
      vertex 81.31925960798824 56.60586665785882 2.2
    endloop
  endfacet
  facet normal 0 0 1
    outer loop
      vertex 67.07163859753386 54.15194970290473 2.2
      vertex 81.31925960798824 56.60586665785882 2.2
      vertex 67.19777747886721 54.52354286469244 2.2
    endloop
  endfacet
  facet normal 0 0 1
    outer loop
      vertex 67.19777747886721 54.52354286469244 2.2
      vertex 81.31925960798824 56.60586665785882 2.2
      vertex 67.27433458412143 54.908421423339846 2.2
    endloop
  endfacet
  facet normal 0 0 1
    outer loop
      vertex 67.27433458412143 54.908421423339846 2.2
      vertex 81.31925960798824 56.60586665785882 2.2
      vertex 67.3 55.3 2.2
    endloop
  endfacet
  facet normal 0 0 1
    outer loop
      vertex 67.3 55.3 2.2
      vertex 81.31925960798824 56.60586665785882 2.2
      vertex 67.27433458412143 55.69157857666015 2.2
    endloop
  endfacet
  facet normal 0 0 1
    outer loop
      vertex 67.27433458412143 55.69157857666015 2.2
      vertex 81.31925960798824 56.60586665785882 2.2
      vertex 67.19777747886721 56.07645713530756 2.2
    endloop
  endfacet
  facet normal 0 0 1
    outer loop
      vertex 67.07163859753386 56.448050297095264 2.2
      vertex 81.46642163621048 57.03939201327781 2.2
      vertex 66.89807621135331 56.8 2.2
    endloop
  endfacet
  facet normal 0 0 1
    outer loop
      vertex 67.19777747886721 56.07645713530756 2.2
      vertex 81.31925960798824 56.60586665785882 2.2
      vertex 67.07163859753386 56.448050297095264 2.2
    endloop
  endfacet
  facet normal 0 0 1
    outer loop
      vertex 66.89807621135331 56.8 2.2
      vertex 81.66891108675445 57.449999999999996 2.2
      vertex 66.6800600208737 57.12628428702616 2.2
    endloop
  endfacet
  facet normal 0 0 1
    outer loop
      vertex 66.42132034355964 57.42132034355964 2.2
      vertex 66.6800600208737 57.12628428702616 2.2
      vertex 81.92326330898067 57.83066500153052 2.2
    endloop
  endfacet
  facet normal 0 0 1
    outer loop
      vertex 64.3 58.3 2.2
      vertex 64.69157857666015 58.274334584121426 2.2
      vertex 82.56933499846947 58.47673669101932 2.2
    endloop
  endfacet
  facet normal 0 0 1
    outer loop
      vertex 64.69157857666015 58.274334584121426 2.2
      vertex 65.07645713530756 58.1977774788672 2.2
      vertex 82.56933499846947 58.47673669101932 2.2
    endloop
  endfacet
  facet normal 0 0 1
    outer loop
      vertex 65.8 57.89807621135331 2.2
      vertex 82.56933499846947 58.47673669101932 2.2
      vertex 65.44805029709526 58.071638597533855 2.2
    endloop
  endfacet
  facet normal 0 0 1
    outer loop
      vertex 65.07645713530756 58.1977774788672 2.2
      vertex 65.44805029709526 58.071638597533855 2.2
      vertex 82.56933499846947 58.47673669101932 2.2
    endloop
  endfacet
  facet normal 0 0 1
    outer loop
      vertex 66.42132034355964 57.42132034355964 2.2
      vertex 82.22512626584707 58.17487373415291 2.2
      vertex 66.12628428702615 57.680060020873704 2.2
    endloop
  endfacet
  facet normal 0 0 1
    outer loop
      vertex 65.8 57.89807621135331 2.2
      vertex 66.12628428702615 57.680060020873704 2.2
      vertex 82.56933499846947 58.47673669101932 2.2
    endloop
  endfacet
  facet normal 0 0 1
    outer loop
      vertex 67.07163859753386 56.448050297095264 2.2
      vertex 81.31925960798824 56.60586665785882 2.2
      vertex 81.46642163621048 57.03939201327781 2.2
    endloop
  endfacet
  facet normal 0 0 1
    outer loop
      vertex 66.89807621135331 56.8 2.2
      vertex 81.46642163621048 57.03939201327781 2.2
      vertex 81.66891108675445 57.449999999999996 2.2
    endloop
  endfacet
  facet normal 0 0 1
    outer loop
      vertex 66.6800600208737 57.12628428702616 2.2
      vertex 81.66891108675445 57.449999999999996 2.2
      vertex 81.92326330898067 57.83066500153052 2.2
    endloop
  endfacet
  facet normal 0 0 1
    outer loop
      vertex 66.42132034355964 57.42132034355964 2.2
      vertex 81.92326330898067 57.83066500153052 2.2
      vertex 82.22512626584707 58.17487373415291 2.2
    endloop
  endfacet
  facet normal 0 0 1
    outer loop
      vertex 66.12628428702615 57.680060020873704 2.2
      vertex 82.22512626584707 58.17487373415291 2.2
      vertex 82.56933499846947 58.47673669101932 2.2
    endloop
  endfacet
  facet normal 0 -1 0
    outer loop
      vertex 62.8 59.199999999999996 8.2
      vertex 84.69999999999999 59.199999999999996 2.2
      vertex 64.8 59.199999999999996 8.2
    endloop
  endfacet
  facet normal -1 4.0602442043434294e-15 3.633398018758607e-14
    outer loop
      vertex 88.2 59.199999999999996 2.2
      vertex 88.19999999999999 55.699999999999996 2.2
      vertex 88.2 24.3 6.1
    endloop
  endfacet
  facet normal -1 0 0
    outer loop
      vertex 88.2 39.3 6.1
      vertex 88.2 42.3 6.1
      vertex 88.2 59.199999999999996 2.2
    endloop
  endfacet
  facet normal -1 0 0
    outer loop
      vertex 88.2 42.3 6.1
      vertex 88.2 57.3 6.1
      vertex 88.2 59.199999999999996 2.2
    endloop
  endfacet
  facet normal 0 0 1
    outer loop
      vertex 84.29818239601664 54.72992649086314 2.2
      vertex 84.69999999999999 54.65 2.2
      vertex 84.17499999999998 54.79067332602634 2.2
    endloop
  endfacet
  facet normal 0 0 1
    outer loop
      vertex 84.06080049954083 54.8669789926942 2.2
      vertex 84.17499999999998 54.79067332602634 2.2
      vertex 84.97175999735764 54.68577788239647 2.2
    endloop
  endfacet
  facet normal 0 0 1
    outer loop
      vertex 83.95753787975411 54.95753787975412 2.2
      vertex 84.06080049954083 54.8669789926942 2.2
      vertex 85.10181760398333 54.72992649086314 2.2
    endloop
  endfacet
  facet normal 0 0 1
    outer loop
      vertex 84.29818239601664 54.72992649086314 2.2
      vertex 84.42824000264234 54.68577788239647 2.2
      vertex 84.69999999999999 54.65 2.2
    endloop
  endfacet
  facet normal 0 0 1
    outer loop
      vertex 84.42824000264234 54.68577788239647 2.2
      vertex 84.56294749816894 54.65898289555749 2.2
      vertex 84.69999999999999 54.65 2.2
    endloop
  endfacet
  facet normal 0 0 1
    outer loop
      vertex 84.69999999999999 54.65 2.2
      vertex 84.83705250183104 54.65898289555749 2.2
      vertex 84.17499999999998 54.79067332602634 2.2
    endloop
  endfacet
  facet normal 0 0 1
    outer loop
      vertex 84.83705250183104 54.65898289555749 2.2
      vertex 84.97175999735764 54.68577788239647 2.2
      vertex 84.17499999999998 54.79067332602634 2.2
    endloop
  endfacet
  facet normal 0 0 1
    outer loop
      vertex 84.06080049954083 54.8669789926942 2.2
      vertex 84.97175999735764 54.68577788239647 2.2
      vertex 85.10181760398333 54.72992649086314 2.2
    endloop
  endfacet
  facet normal 0 0 1
    outer loop
      vertex 83.86697899269419 55.06080049954084 2.2
      vertex 85.10181760398333 54.72992649086314 2.2
      vertex 85.225 54.79067332602634 2.2
    endloop
  endfacet
  facet normal 0 0 1
    outer loop
      vertex 83.95753787975411 54.95753787975412 2.2
      vertex 85.10181760398333 54.72992649086314 2.2
      vertex 83.86697899269419 55.06080049954084 2.2
    endloop
  endfacet
  facet normal 0 0 1
    outer loop
      vertex 83.79067332602632 55.175 2.2
      vertex 83.86697899269419 55.06080049954084 2.2
      vertex 85.225 54.79067332602634 2.2
    endloop
  endfacet
  facet normal 0 0 1
    outer loop
      vertex 83.79067332602632 55.175 2.2
      vertex 85.33919950045915 54.8669789926942 2.2
      vertex 83.72992649086314 55.29818239601665 2.2
    endloop
  endfacet
  facet normal 0 0 1
    outer loop
      vertex 83.72992649086314 55.29818239601665 2.2
      vertex 85.44246212024586 54.95753787975412 2.2
      vertex 83.68577788239647 55.42824000264235 2.2
    endloop
  endfacet
  facet normal 0 0 1
    outer loop
      vertex 83.79067332602632 55.175 2.2
      vertex 85.225 54.79067332602634 2.2
      vertex 85.33919950045915 54.8669789926942 2.2
    endloop
  endfacet
  facet normal 0 0 1
    outer loop
      vertex 83.72992649086314 55.29818239601665 2.2
      vertex 85.33919950045915 54.8669789926942 2.2
      vertex 85.44246212024586 54.95753787975412 2.2
    endloop
  endfacet
  facet normal 0 0 1
    outer loop
      vertex 83.68577788239647 55.42824000264235 2.2
      vertex 85.44246212024586 54.95753787975412 2.2
      vertex 85.53302100730579 55.06080049954084 2.2
    endloop
  endfacet
  facet normal 0 0 1
    outer loop
      vertex 85.53302100730579 55.06080049954084 2.2
      vertex 85.60932667397365 55.175 2.2
      vertex 83.64999999999999 55.699999999999996 2.2
    endloop
  endfacet
  facet normal 0 0 1
    outer loop
      vertex 83.68577788239647 55.42824000264235 2.2
      vertex 85.53302100730579 55.06080049954084 2.2
      vertex 83.65898289555749 55.56294749816894 2.2
    endloop
  endfacet
  facet normal 0 0 1
    outer loop
      vertex 83.65898289555749 55.56294749816894 2.2
      vertex 85.53302100730579 55.06080049954084 2.2
      vertex 83.64999999999999 55.699999999999996 2.2
    endloop
  endfacet
  facet normal 0 0 1
    outer loop
      vertex 85.60932667397365 55.175 2.2
      vertex 83.65898289555749 55.83705250183105 2.2
      vertex 83.64999999999999 55.699999999999996 2.2
    endloop
  endfacet
  facet normal 0 0 1
    outer loop
      vertex 85.74101710444249 55.56294749816894 2.2
      vertex 83.68577788239647 55.971759997357644 2.2
      vertex 83.65898289555749 55.83705250183105 2.2
    endloop
  endfacet
  facet normal 0 0 1
    outer loop
      vertex 83.68577788239647 55.971759997357644 2.2
      vertex 84.69999999999999 56.74999999999999 2.2
      vertex 83.72992649086314 56.10181760398334 2.2
    endloop
  endfacet
  facet normal 0 0 1
    outer loop
      vertex 83.72992649086314 56.10181760398334 2.2
      vertex 84.56294749816894 56.7410171044425 2.2
      vertex 83.79067332602632 56.224999999999994 2.2
    endloop
  endfacet
  facet normal 0 0 1
    outer loop
      vertex 83.79067332602632 56.224999999999994 2.2
      vertex 84.56294749816894 56.7410171044425 2.2
      vertex 83.86697899269419 56.33919950045915 2.2
    endloop
  endfacet
  facet normal 0 0 1
    outer loop
      vertex 83.86697899269419 56.33919950045915 2.2
      vertex 84.42824000264234 56.71422211760352 2.2
      vertex 83.95753787975411 56.44246212024587 2.2
    endloop
  endfacet
  facet normal 0 0 1
    outer loop
      vertex 83.95753787975411 56.44246212024587 2.2
      vertex 84.42824000264234 56.71422211760352 2.2
      vertex 84.06080049954083 56.53302100730579 2.2
    endloop
  endfacet
  facet normal 0 0 1
    outer loop
      vertex 84.06080049954083 56.53302100730579 2.2
      vertex 84.29818239601664 56.67007350913685 2.2
      vertex 84.17499999999998 56.609326673973655 2.2
    endloop
  endfacet
  facet normal 0 0 1
    outer loop
      vertex 85.53302100730579 56.33919950045915 2.2
      vertex 85.44246212024586 56.44246212024587 2.2
      vertex 83.68577788239647 55.971759997357644 2.2
    endloop
  endfacet
  facet normal 0 0 1
    outer loop
      vertex 83.72992649086314 56.10181760398334 2.2
      vertex 84.69999999999999 56.74999999999999 2.2
      vertex 84.56294749816894 56.7410171044425 2.2
    endloop
  endfacet
  facet normal 0 0 1
    outer loop
      vertex 83.68577788239647 55.971759997357644 2.2
      vertex 84.83705250183104 56.7410171044425 2.2
      vertex 84.69999999999999 56.74999999999999 2.2
    endloop
  endfacet
  facet normal 0 0 1
    outer loop
      vertex 83.68577788239647 55.971759997357644 2.2
      vertex 84.97175999735764 56.71422211760352 2.2
      vertex 84.83705250183104 56.7410171044425 2.2
    endloop
  endfacet
  facet normal 0 0 1
    outer loop
      vertex 83.86697899269419 56.33919950045915 2.2
      vertex 84.56294749816894 56.7410171044425 2.2
      vertex 84.42824000264234 56.71422211760352 2.2
    endloop
  endfacet
  facet normal 0 0 1
    outer loop
      vertex 84.06080049954083 56.53302100730579 2.2
      vertex 84.42824000264234 56.71422211760352 2.2
      vertex 84.29818239601664 56.67007350913685 2.2
    endloop
  endfacet
  facet normal 0 0 1
    outer loop
      vertex 85.10181760398333 56.67007350913685 2.2
      vertex 83.68577788239647 55.971759997357644 2.2
      vertex 85.225 56.609326673973655 2.2
    endloop
  endfacet
  facet normal 0 0 1
    outer loop
      vertex 85.225 56.609326673973655 2.2
      vertex 83.68577788239647 55.971759997357644 2.2
      vertex 85.33919950045915 56.53302100730579 2.2
    endloop
  endfacet
  facet normal 0 0 1
    outer loop
      vertex 84.97175999735764 56.71422211760352 2.2
      vertex 83.68577788239647 55.971759997357644 2.2
      vertex 85.10181760398333 56.67007350913685 2.2
    endloop
  endfacet
  facet normal 0 0 1
    outer loop
      vertex 85.44246212024586 56.44246212024587 2.2
      vertex 85.33919950045915 56.53302100730579 2.2
      vertex 83.68577788239647 55.971759997357644 2.2
    endloop
  endfacet
  facet normal 0 0 1
    outer loop
      vertex 85.60932667397365 55.175 2.2
      vertex 85.67007350913684 55.29818239601665 2.2
      vertex 83.65898289555749 55.83705250183105 2.2
    endloop
  endfacet
  facet normal 0 0 1
    outer loop
      vertex 85.67007350913684 55.29818239601665 2.2
      vertex 85.71422211760351 55.42824000264235 2.2
      vertex 83.65898289555749 55.83705250183105 2.2
    endloop
  endfacet
  facet normal 0 0 1
    outer loop
      vertex 85.71422211760351 55.42824000264235 2.2
      vertex 85.74101710444249 55.56294749816894 2.2
      vertex 83.65898289555749 55.83705250183105 2.2
    endloop
  endfacet
  facet normal 0 0 1
    outer loop
      vertex 85.74101710444249 55.56294749816894 2.2
      vertex 85.74999999999999 55.699999999999996 2.2
      vertex 83.68577788239647 55.971759997357644 2.2
    endloop
  endfacet
  facet normal 0 0 1
    outer loop
      vertex 85.74999999999999 55.699999999999996 2.2
      vertex 85.74101710444249 55.83705250183105 2.2
      vertex 83.68577788239647 55.971759997357644 2.2
    endloop
  endfacet
  facet normal 0 0 1
    outer loop
      vertex 85.74101710444249 55.83705250183105 2.2
      vertex 85.71422211760351 55.971759997357644 2.2
      vertex 83.68577788239647 55.971759997357644 2.2
    endloop
  endfacet
  facet normal 0 0 1
    outer loop
      vertex 85.71422211760351 55.971759997357644 2.2
      vertex 85.67007350913684 56.10181760398334 2.2
      vertex 83.68577788239647 55.971759997357644 2.2
    endloop
  endfacet
  facet normal 0 0 1
    outer loop
      vertex 85.67007350913684 56.10181760398334 2.2
      vertex 85.60932667397365 56.224999999999994 2.2
      vertex 83.68577788239647 55.971759997357644 2.2
    endloop
  endfacet
  facet normal 0 0 1
    outer loop
      vertex 85.53302100730579 56.33919950045915 2.2
      vertex 83.68577788239647 55.971759997357644 2.2
      vertex 85.60932667397365 56.224999999999994 2.2
    endloop
  endfacet
  facet normal 0 0 1
    outer loop
      vertex 88.2 59.199999999999996 2.2
      vertex 88.17005701480832 56.15684167277018 2.2
      vertex 88.19999999999999 55.699999999999996 2.2
    endloop
  endfacet
  facet normal 0 0 1
    outer loop
      vertex 88.2 59.199999999999996 2.2
      vertex 87.9335783637895 57.03939201327781 2.2
      vertex 88.08074039201173 56.60586665785882 2.2
    endloop
  endfacet
  facet normal 0 0 1
    outer loop
      vertex 88.2 59.199999999999996 2.2
      vertex 88.08074039201173 56.60586665785882 2.2
      vertex 88.17005701480832 56.15684167277018 2.2
    endloop
  endfacet
  facet normal 0 0 1
    outer loop
      vertex 88.2 59.199999999999996 2.2
      vertex 84.69999999999999 59.199999999999996 2.2
      vertex 85.15684167277017 59.170057014808336 2.2
    endloop
  endfacet
  facet normal 0 0 1
    outer loop
      vertex 88.2 59.199999999999996 2.2
      vertex 85.15684167277017 59.170057014808336 2.2
      vertex 85.60586665785881 59.080740392011734 2.2
    endloop
  endfacet
  facet normal 0 0 1
    outer loop
      vertex 88.2 59.199999999999996 2.2
      vertex 86.8306650015305 58.47673669101932 2.2
      vertex 87.17487373415291 58.17487373415291 2.2
    endloop
  endfacet
  facet normal 0 0 1
    outer loop
      vertex 88.2 59.199999999999996 2.2
      vertex 87.17487373415291 58.17487373415291 2.2
      vertex 87.47673669101931 57.83066500153052 2.2
    endloop
  endfacet
  facet normal 0 0 1
    outer loop
      vertex 88.2 59.199999999999996 2.2
      vertex 85.60586665785881 59.080740392011734 2.2
      vertex 86.0393920132778 58.9335783637895 2.2
    endloop
  endfacet
  facet normal 0 0 1
    outer loop
      vertex 88.2 59.199999999999996 2.2
      vertex 86.0393920132778 58.9335783637895 2.2
      vertex 86.44999999999999 58.73108891324553 2.2
    endloop
  endfacet
  facet normal 0 0 1
    outer loop
      vertex 88.2 59.199999999999996 2.2
      vertex 86.44999999999999 58.73108891324553 2.2
      vertex 86.8306650015305 58.47673669101932 2.2
    endloop
  endfacet
  facet normal 0 0 1
    outer loop
      vertex 88.2 59.199999999999996 2.2
      vertex 87.73108891324553 57.449999999999996 2.2
      vertex 87.9335783637895 57.03939201327781 2.2
    endloop
  endfacet
  facet normal 0 0 1
    outer loop
      vertex 88.2 59.199999999999996 2.2
      vertex 87.47673669101931 57.83066500153052 2.2
      vertex 87.73108891324553 57.449999999999996 2.2
    endloop
  endfacet
  facet normal 0 -1 0
    outer loop
      vertex 64.8 59.199999999999996 8.2
      vertex 84.69999999999999 59.199999999999996 2.2
      vertex 84.69999999999999 59.199999999999996 31.2
    endloop
  endfacet
  facet normal 0 -1 0
    outer loop
      vertex 88.2 59.199999999999996 2.2
      vertex 84.69999999999999 59.199999999999996 31.2
      vertex 84.69999999999999 59.199999999999996 2.2
    endloop
  endfacet
  facet normal -1 0 0
    outer loop
      vertex 88.2 59.199999999999996 2.2
      vertex 88.2 57.3 6.1
      vertex 88.2 59.199999999999996 31.2
    endloop
  endfacet
  facet normal 0 -1 0
    outer loop
      vertex 24.8 59.199999999999996 18.2
      vertex 32.8 59.199999999999996 18.2
      vertex 84.69999999999999 59.199999999999996 31.2
    endloop
  endfacet
  facet normal 0 -1 0
    outer loop
      vertex 32.8 59.199999999999996 18.2
      vertex 34.8 59.199999999999996 18.2
      vertex 84.69999999999999 59.199999999999996 31.2
    endloop
  endfacet
  facet normal 0 -1 0
    outer loop
      vertex 34.8 59.199999999999996 18.2
      vertex 42.8 59.199999999999996 18.2
      vertex 84.69999999999999 59.199999999999996 31.2
    endloop
  endfacet
  facet normal 0 -1 0
    outer loop
      vertex 42.8 59.199999999999996 18.2
      vertex 44.8 59.199999999999996 18.2
      vertex 84.69999999999999 59.199999999999996 31.2
    endloop
  endfacet
  facet normal 0 -1 0
    outer loop
      vertex 44.8 59.199999999999996 18.2
      vertex 52.8 59.199999999999996 18.2
      vertex 84.69999999999999 59.199999999999996 31.2
    endloop
  endfacet
  facet normal 0 -1 0
    outer loop
      vertex 52.8 59.199999999999996 18.2
      vertex 54.8 59.199999999999996 18.2
      vertex 84.69999999999999 59.199999999999996 31.2
    endloop
  endfacet
  facet normal 0 -1 0
    outer loop
      vertex 54.8 59.199999999999996 18.2
      vertex 62.8 59.199999999999996 18.2
      vertex 84.69999999999999 59.199999999999996 31.2
    endloop
  endfacet
  facet normal -1 0 0
    outer loop
      vertex 88.2 42.3 6.1
      vertex 88.2 39.3 23.6
      vertex 88.2 42.3 23.6
    endloop
  endfacet
  facet normal -1 0 0
    outer loop
      vertex 88.2 2.4 31.2
      vertex 88.2 59.199999999999996 31.2
      vertex 88.2 39.3 23.6
    endloop
  endfacet
  facet normal 0 -1 0
    outer loop
      vertex 64.8 59.199999999999996 8.2
      vertex 84.69999999999999 59.199999999999996 31.2
      vertex 64.8 59.199999999999996 18.2
    endloop
  endfacet
  facet normal 0 -1 0
    outer loop
      vertex 62.8 59.199999999999996 18.2
      vertex 64.8 59.199999999999996 18.2
      vertex 84.69999999999999 59.199999999999996 31.2
    endloop
  endfacet
  facet normal -1 0 0
    outer loop
      vertex 88.2 57.3 6.1
      vertex 88.2 57.3 23.6
      vertex 88.2 59.199999999999996 31.2
    endloop
  endfacet
  facet normal 0 -1 0
    outer loop
      vertex 88.2 59.199999999999996 2.2
      vertex 88.2 59.199999999999996 31.2
      vertex 84.69999999999999 59.199999999999996 31.2
    endloop
  endfacet
  facet normal -1 0 0
    outer loop
      vertex 88.2 39.3 23.6
      vertex 88.2 59.199999999999996 31.2
      vertex 88.2 42.3 23.6
    endloop
  endfacet
  facet normal -1 0 0
    outer loop
      vertex 88.2 42.3 23.6
      vertex 88.2 59.199999999999996 31.2
      vertex 88.2 57.3 23.6
    endloop
  endfacet
  facet normal 0 0 1
    outer loop
      vertex 88.2 5.050000000000001 6.1
      vertex 90.6 5.050000000000001 6.1
      vertex 88.2 21.05 6.1
    endloop
  endfacet
  facet normal 0 1 0
    outer loop
      vertex 88.2 5.050000000000001 6.1
      vertex 90.6 5.050000000000001 21.1
      vertex 90.6 5.050000000000001 6.1
    endloop
  endfacet
  facet normal 0 0 1
    outer loop
      vertex 90.6 5.050000000000001 6.1
      vertex 90.6 21.05 6.1
      vertex 88.2 21.05 6.1
    endloop
  endfacet
  facet normal 0 -1 0
    outer loop
      vertex 88.2 21.05 6.1
      vertex 90.6 21.05 6.1
      vertex 88.2 21.05 21.1
    endloop
  endfacet
  facet normal 0 1 0
    outer loop
      vertex 88.2 5.050000000000001 6.1
      vertex 88.2 5.050000000000001 21.1
      vertex 90.6 5.050000000000001 21.1
    endloop
  endfacet
  facet normal 0 0 -1
    outer loop
      vertex 88.2 5.050000000000001 21.1
      vertex 90.6 21.05 21.1
      vertex 90.6 5.050000000000001 21.1
    endloop
  endfacet
  facet normal 0 -1 0
    outer loop
      vertex 90.6 21.05 6.1
      vertex 90.6 21.05 21.1
      vertex 88.2 21.05 21.1
    endloop
  endfacet
  facet normal 0 0 -1
    outer loop
      vertex 88.2 5.050000000000001 21.1
      vertex 88.2 21.05 21.1
      vertex 90.6 21.05 21.1
    endloop
  endfacet
  facet normal 0 0 1
    outer loop
      vertex 8.899999999999999 0 6.1
      vertex 17.9 2.4 6.1
      vertex 8.899999999999999 2.4 6.1
    endloop
  endfacet
  facet normal 0 0 1
    outer loop
      vertex 8.899999999999999 0 6.1
      vertex 17.9 0 6.1
      vertex 17.9 2.4 6.1
    endloop
  endfacet
  facet normal 1 0 0
    outer loop
      vertex 8.899999999999999 0 6.1
      vertex 8.899999999999999 2.4 6.1
      vertex 8.899999999999999 0 12.1
    endloop
  endfacet
  facet normal 1 0 0
    outer loop
      vertex 8.899999999999999 2.4 6.1
      vertex 8.899999999999999 2.4 12.1
      vertex 8.899999999999999 0 12.1
    endloop
  endfacet
  facet normal -1 0 0
    outer loop
      vertex 17.9 0 6.1
      vertex 17.9 2.4 12.1
      vertex 17.9 2.4 6.1
    endloop
  endfacet
  facet normal -1 0 0
    outer loop
      vertex 17.9 0 6.1
      vertex 17.9 0 12.1
      vertex 17.9 2.4 12.1
    endloop
  endfacet
  facet normal 0 0 -1
    outer loop
      vertex 8.899999999999999 0 12.1
      vertex 8.899999999999999 2.4 12.1
      vertex 17.9 0 12.1
    endloop
  endfacet
  facet normal 0 0 -1
    outer loop
      vertex 8.899999999999999 2.4 12.1
      vertex 17.9 2.4 12.1
      vertex 17.9 0 12.1
    endloop
  endfacet
  facet normal 0 0 1
    outer loop
      vertex 26.299999999999997 0 6.1
      vertex 43.3 2.4 6.1
      vertex 26.299999999999997 2.4 6.1
    endloop
  endfacet
  facet normal 0 0 1
    outer loop
      vertex 26.299999999999997 0 6.1
      vertex 43.3 0 6.1
      vertex 43.3 2.4 6.1
    endloop
  endfacet
  facet normal 1 0 0
    outer loop
      vertex 26.299999999999997 0 6.1
      vertex 26.299999999999997 2.4 6.1
      vertex 26.299999999999997 0 13.6
    endloop
  endfacet
  facet normal 1 0 0
    outer loop
      vertex 26.299999999999997 2.4 6.1
      vertex 26.299999999999997 2.4 13.6
      vertex 26.299999999999997 0 13.6
    endloop
  endfacet
  facet normal 0 0 -1
    outer loop
      vertex 26.299999999999997 0 13.6
      vertex 26.299999999999997 2.4 13.6
      vertex 43.3 0 13.6
    endloop
  endfacet
  facet normal -1 0 0
    outer loop
      vertex 43.3 0 6.1
      vertex 43.3 2.4 13.6
      vertex 43.3 2.4 6.1
    endloop
  endfacet
  facet normal -1 0 0
    outer loop
      vertex 43.3 0 6.1
      vertex 43.3 0 13.6
      vertex 43.3 2.4 13.6
    endloop
  endfacet
  facet normal 0 0 -1
    outer loop
      vertex 26.299999999999997 2.4 13.6
      vertex 43.3 2.4 13.6
      vertex 43.3 0 13.6
    endloop
  endfacet
  facet normal 0 0 1
    outer loop
      vertex 52.3 0 6.1
      vertex 60.3 2.4 6.1
      vertex 52.3 2.4 6.1
    endloop
  endfacet
  facet normal 0 0 1
    outer loop
      vertex 52.3 0 6.1
      vertex 60.3 0 6.1
      vertex 60.3 2.4 6.1
    endloop
  endfacet
  facet normal 1 0 0
    outer loop
      vertex 52.3 0 6.1
      vertex 52.3 2.4 6.1
      vertex 52.3 0 13.1
    endloop
  endfacet
  facet normal 1 0 0
    outer loop
      vertex 52.3 2.4 6.1
      vertex 52.3 2.4 13.1
      vertex 52.3 0 13.1
    endloop
  endfacet
  facet normal 0 0 -1
    outer loop
      vertex 52.3 0 13.1
      vertex 52.3 2.4 13.1
      vertex 60.3 0 13.1
    endloop
  endfacet
  facet normal -1 0 0
    outer loop
      vertex 60.3 0 6.1
      vertex 60.3 2.4 13.1
      vertex 60.3 2.4 6.1
    endloop
  endfacet
  facet normal -1 0 0
    outer loop
      vertex 60.3 0 6.1
      vertex 60.3 0 13.1
      vertex 60.3 2.4 13.1
    endloop
  endfacet
  facet normal 0 0 -1
    outer loop
      vertex 52.3 2.4 13.1
      vertex 60.3 2.4 13.1
      vertex 60.3 0 13.1
    endloop
  endfacet
  facet normal 0 0 1
    outer loop
      vertex 0 23.3 3.2
      vertex 2.4 23.3 3.2
      vertex 0 38.3 3.2
    endloop
  endfacet
  facet normal 0 1 0
    outer loop
      vertex 0 23.3 3.2
      vertex 2.4 23.3 6.7
      vertex 2.4 23.3 3.2
    endloop
  endfacet
  facet normal 0 1 0
    outer loop
      vertex 0 23.3 3.2
      vertex 0 23.3 6.7
      vertex 2.4 23.3 6.7
    endloop
  endfacet
  facet normal 0 0 -1
    outer loop
      vertex 0 23.3 6.7
      vertex 2.4 38.3 6.7
      vertex 2.4 23.3 6.7
    endloop
  endfacet
  facet normal 0 0 1
    outer loop
      vertex 2.4 23.3 3.2
      vertex 2.4 38.3 3.2
      vertex 0 38.3 3.2
    endloop
  endfacet
  facet normal 0 0 -1
    outer loop
      vertex 0 23.3 6.7
      vertex 0 38.3 6.7
      vertex 2.4 38.3 6.7
    endloop
  endfacet
  facet normal 0 -1 0
    outer loop
      vertex 0 38.3 3.2
      vertex 2.4 38.3 3.2
      vertex 0 38.3 6.7
    endloop
  endfacet
  facet normal 0 -1 0
    outer loop
      vertex 2.4 38.3 3.2
      vertex 2.4 38.3 6.7
      vertex 0 38.3 6.7
    endloop
  endfacet
  facet normal -0.7518398074789827 -0.659345815100063 0
    outer loop
      vertex 61.91993997912629 53.473715712973835 5.2
      vertex 61.91993997912629 53.473715712973835 2.2
      vertex 62.17867965644035 53.17867965644035 2.2
    endloop
  endfacet
  facet normal -0.8314696123025467 -0.5555702330196001 0
    outer loop
      vertex 61.70192378864668 53.8 5.2
      vertex 61.70192378864668 53.8 2.2
      vertex 61.91993997912629 53.473715712973835 2.2
    endloop
  endfacet
  facet normal -0.5555702330196001 -0.8314696123025467 0
    outer loop
      vertex 62.8 52.70192378864668 5.2
      vertex 62.473715712973835 52.91993997912629 2.2
      vertex 62.8 52.70192378864668 2.2
    endloop
  endfacet
  facet normal -0.3214394653031663 -0.946930129495104 0
    outer loop
      vertex 63.52354286469244 52.40222252113279 5.2
      vertex 63.15194970290473 52.52836140246614 2.2
      vertex 63.52354286469244 52.40222252113279 2.2
    endloop
  endfacet
  facet normal -0.4422886902189947 -0.8968727415326916 0
    outer loop
      vertex 63.15194970290473 52.52836140246614 5.2
      vertex 62.8 52.70192378864668 2.2
      vertex 63.15194970290473 52.52836140246614 2.2
    endloop
  endfacet
  facet normal -0.659345815100063 -0.7518398074789827 0
    outer loop
      vertex 62.473715712973835 52.91993997912629 5.2
      vertex 62.17867965644035 53.17867965644035 2.2
      vertex 62.473715712973835 52.91993997912629 2.2
    endloop
  endfacet
  facet normal -0.19509032201612275 -0.9807852804032315 0
    outer loop
      vertex 63.908421423339846 52.32566541587857 5.2
      vertex 63.52354286469244 52.40222252113279 2.2
      vertex 63.908421423339846 52.32566541587857 2.2
    endloop
  endfacet
  facet normal -0.0654031292301486 -0.9978589232386031 0
    outer loop
      vertex 64.3 52.3 5.2
      vertex 63.908421423339846 52.32566541587857 2.2
      vertex 64.3 52.3 2.2
    endloop
  endfacet
  facet normal 0.0654031292301486 -0.9978589232386031 0
    outer loop
      vertex 64.69157857666015 52.32566541587857 5.2
      vertex 64.3 52.3 2.2
      vertex 64.69157857666015 52.32566541587857 2.2
    endloop
  endfacet
  facet normal 0.19509032201611928 -0.9807852804032322 0
    outer loop
      vertex 65.07645713530756 52.40222252113279 5.2
      vertex 64.69157857666015 52.32566541587857 2.2
      vertex 65.07645713530756 52.40222252113279 2.2
    endloop
  endfacet
  facet normal 0.3214394653031718 -0.9469301294951021 0
    outer loop
      vertex 65.44805029709526 52.52836140246614 5.2
      vertex 65.07645713530756 52.40222252113279 2.2
      vertex 65.44805029709526 52.52836140246614 2.2
    endloop
  endfacet
  facet normal 0.4422886902189947 -0.8968727415326916 0
    outer loop
      vertex 65.8 52.70192378864668 5.2
      vertex 65.44805029709526 52.52836140246614 2.2
      vertex 65.8 52.70192378864668 2.2
    endloop
  endfacet
  facet normal 0.5555702330196085 -0.8314696123025411 0
    outer loop
      vertex 66.12628428702615 52.91993997912629 5.2
      vertex 65.8 52.70192378864668 2.2
      vertex 66.12628428702615 52.91993997912629 2.2
    endloop
  endfacet
  facet normal 0.6593458151000539 -0.7518398074789905 0
    outer loop
      vertex 66.42132034355964 53.17867965644035 5.2
      vertex 66.12628428702615 52.91993997912629 2.2
      vertex 66.42132034355964 53.17867965644035 2.2
    endloop
  endfacet
  facet normal 0.7518398074789916 -0.6593458151000527 0
    outer loop
      vertex 66.42132034355964 53.17867965644035 5.2
      vertex 66.42132034355964 53.17867965644035 2.2
      vertex 66.6800600208737 53.473715712973835 2.2
    endloop
  endfacet
  facet normal 0.8314696123025384 -0.5555702330196126 0
    outer loop
      vertex 66.6800600208737 53.473715712973835 5.2
      vertex 66.6800600208737 53.473715712973835 2.2
      vertex 66.89807621135331 53.8 2.2
    endloop
  endfacet
  facet normal -0.659345815100063 -0.7518398074789827 8.538536568043881e-20
    outer loop
      vertex 62.473715712973835 52.91993997912629 5.2
      vertex 62.17867965644035 53.17867965644035 5.2
      vertex 62.17867965644035 53.17867965644035 2.2
    endloop
  endfacet
  facet normal -0.7518398074789827 -0.659345815100063 8.538536568043881e-20
    outer loop
      vertex 61.91993997912629 53.473715712973835 5.2
      vertex 62.17867965644035 53.17867965644035 2.2
      vertex 62.17867965644035 53.17867965644035 5.2
    endloop
  endfacet
  facet normal -0.8314696123025467 -0.5555702330196001 -2.8055579587332882e-18
    outer loop
      vertex 61.70192378864668 53.8 5.2
      vertex 61.91993997912629 53.473715712973835 2.2
      vertex 61.91993997912629 53.473715712973835 5.2
    endloop
  endfacet
  facet normal -0.5555702330196001 -0.8314696123025467 0
    outer loop
      vertex 62.473715712973835 52.91993997912629 5.2
      vertex 62.473715712973835 52.91993997912629 2.2
      vertex 62.8 52.70192378864668 5.2
    endloop
  endfacet
  facet normal -0.4422886902189947 -0.8968727415326916 2.0306433611153428e-18
    outer loop
      vertex 63.15194970290473 52.52836140246614 5.2
      vertex 62.8 52.70192378864668 5.2
      vertex 62.8 52.70192378864668 2.2
    endloop
  endfacet
  facet normal -0.19509032201612275 -0.9807852804032315 0
    outer loop
      vertex 63.52354286469244 52.40222252113279 5.2
      vertex 63.52354286469244 52.40222252113279 2.2
      vertex 63.908421423339846 52.32566541587857 5.2
    endloop
  endfacet
  facet normal -0.3214394653031663 -0.946930129495104 0
    outer loop
      vertex 63.15194970290473 52.52836140246614 5.2
      vertex 63.15194970290473 52.52836140246614 2.2
      vertex 63.52354286469244 52.40222252113279 5.2
    endloop
  endfacet
  facet normal -0.0654031292301486 -0.9978589232386031 0
    outer loop
      vertex 63.908421423339846 52.32566541587857 5.2
      vertex 63.908421423339846 52.32566541587857 2.2
      vertex 64.3 52.3 5.2
    endloop
  endfacet
  facet normal 0.0654031292301486 -0.9978589232386031 0
    outer loop
      vertex 64.3 52.3 5.2
      vertex 64.3 52.3 2.2
      vertex 64.69157857666015 52.32566541587857 5.2
    endloop
  endfacet
  facet normal 0.19509032201611928 -0.9807852804032322 0
    outer loop
      vertex 64.69157857666015 52.32566541587857 5.2
      vertex 64.69157857666015 52.32566541587857 2.2
      vertex 65.07645713530756 52.40222252113279 5.2
    endloop
  endfacet
  facet normal 0 0 1
    outer loop
      vertex 63.15194970290473 52.52836140246614 5.2
      vertex 63.52354286469244 52.40222252113279 5.2
      vertex 63.329926490863144 54.89818239601665 5.2
    endloop
  endfacet
  facet normal 0 0 1
    outer loop
      vertex 63.52354286469244 52.40222252113279 5.2
      vertex 63.908421423339846 52.32566541587857 5.2
      vertex 63.66080049954084 54.4669789926942 5.2
    endloop
  endfacet
  facet normal 0 0 1
    outer loop
      vertex 63.52354286469244 52.40222252113279 5.2
      vertex 63.55753787975412 54.55753787975412 5.2
      vertex 63.4669789926942 54.66080049954084 5.2
    endloop
  endfacet
  facet normal 0 0 1
    outer loop
      vertex 63.52354286469244 52.40222252113279 5.2
      vertex 63.66080049954084 54.4669789926942 5.2
      vertex 63.55753787975412 54.55753787975412 5.2
    endloop
  endfacet
  facet normal 0 0 1
    outer loop
      vertex 63.908421423339846 52.32566541587857 5.2
      vertex 64.3 52.3 5.2
      vertex 64.16294749816895 54.258982895557494 5.2
    endloop
  endfacet
  facet normal 0 0 1
    outer loop
      vertex 63.908421423339846 52.32566541587857 5.2
      vertex 64.02824000264235 54.285777882396474 5.2
      vertex 63.89818239601665 54.329926490863144 5.2
    endloop
  endfacet
  facet normal 0 0 1
    outer loop
      vertex 63.908421423339846 52.32566541587857 5.2
      vertex 64.16294749816895 54.258982895557494 5.2
      vertex 64.02824000264235 54.285777882396474 5.2
    endloop
  endfacet
  facet normal 0 0 1
    outer loop
      vertex 63.908421423339846 52.32566541587857 5.2
      vertex 63.775 54.39067332602634 5.2
      vertex 63.66080049954084 54.4669789926942 5.2
    endloop
  endfacet
  facet normal 0 0 1
    outer loop
      vertex 63.908421423339846 52.32566541587857 5.2
      vertex 63.89818239601665 54.329926490863144 5.2
      vertex 63.775 54.39067332602634 5.2
    endloop
  endfacet
  facet normal 0 0 1
    outer loop
      vertex 64.3 52.3 5.2
      vertex 64.3 54.25 5.2
      vertex 64.16294749816895 54.258982895557494 5.2
    endloop
  endfacet
  facet normal 0 0 1
    outer loop
      vertex 64.3 52.3 5.2
      vertex 64.43705250183105 54.258982895557494 5.2
      vertex 64.3 54.25 5.2
    endloop
  endfacet
  facet normal 0 0 1
    outer loop
      vertex 64.3 52.3 5.2
      vertex 64.69157857666015 52.32566541587857 5.2
      vertex 64.43705250183105 54.258982895557494 5.2
    endloop
  endfacet
  facet normal 0 0 1
    outer loop
      vertex 64.69157857666015 52.32566541587857 5.2
      vertex 65.07645713530756 52.40222252113279 5.2
      vertex 64.57175999735765 54.285777882396474 5.2
    endloop
  endfacet
  facet normal 0 0 1
    outer loop
      vertex 64.69157857666015 52.32566541587857 5.2
      vertex 64.57175999735765 54.285777882396474 5.2
      vertex 64.43705250183105 54.258982895557494 5.2
    endloop
  endfacet
  facet normal 0 0 1
    outer loop
      vertex 65.07645713530756 52.40222252113279 5.2
      vertex 64.70181760398334 54.329926490863144 5.2
      vertex 64.57175999735765 54.285777882396474 5.2
    endloop
  endfacet
  facet normal 0 0 1
    outer loop
      vertex 65.07645713530756 52.40222252113279 5.2
      vertex 64.825 54.39067332602634 5.2
      vertex 64.70181760398334 54.329926490863144 5.2
    endloop
  endfacet
  facet normal 0 0 1
    outer loop
      vertex 65.07645713530756 52.40222252113279 5.2
      vertex 64.93919950045915 54.4669789926942 5.2
      vertex 64.825 54.39067332602634 5.2
    endloop
  endfacet
  facet normal 0 0 1
    outer loop
      vertex 65.07645713530756 52.40222252113279 5.2
      vertex 65.04246212024587 54.55753787975412 5.2
      vertex 64.93919950045915 54.4669789926942 5.2
    endloop
  endfacet
  facet normal 0.3214394653031718 -0.9469301294951021 0
    outer loop
      vertex 65.07645713530756 52.40222252113279 5.2
      vertex 65.07645713530756 52.40222252113279 2.2
      vertex 65.44805029709526 52.52836140246614 5.2
    endloop
  endfacet
  facet normal 0.4422886902189947 -0.8968727415326916 0
    outer loop
      vertex 65.44805029709526 52.52836140246614 5.2
      vertex 65.44805029709526 52.52836140246614 2.2
      vertex 65.8 52.70192378864668 5.2
    endloop
  endfacet
  facet normal 0.5555702330196085 -0.8314696123025411 0
    outer loop
      vertex 65.8 52.70192378864668 5.2
      vertex 65.8 52.70192378864668 2.2
      vertex 66.12628428702615 52.91993997912629 5.2
    endloop
  endfacet
  facet normal 0.6593458151000539 -0.7518398074789905 0
    outer loop
      vertex 66.12628428702615 52.91993997912629 5.2
      vertex 66.12628428702615 52.91993997912629 2.2
      vertex 66.42132034355964 53.17867965644035 5.2
    endloop
  endfacet
  facet normal 0.7518398074789916 -0.6593458151000527 -7.745373997183148e-19
    outer loop
      vertex 66.42132034355964 53.17867965644035 5.2
      vertex 66.6800600208737 53.473715712973835 2.2
      vertex 66.6800600208737 53.473715712973835 5.2
    endloop
  endfacet
  facet normal 0.8314696123025384 -0.5555702330196126 3.484029985834894e-18
    outer loop
      vertex 66.6800600208737 53.473715712973835 5.2
      vertex 66.89807621135331 53.8 2.2
      vertex 66.89807621135331 53.8 5.2
    endloop
  endfacet
  facet normal 0 0 1
    outer loop
      vertex 65.07645713530756 52.40222252113279 5.2
      vertex 65.44805029709526 52.52836140246614 5.2
      vertex 65.04246212024587 54.55753787975412 5.2
    endloop
  endfacet
  facet normal -0.946930129495104 -0.3214394653031663 0
    outer loop
      vertex 61.40222252113279 54.52354286469244 5.2
      vertex 61.40222252113279 54.52354286469244 2.2
      vertex 61.52836140246614 54.15194970290473 2.2
    endloop
  endfacet
  facet normal -0.9807852804032315 -0.19509032201612275 0
    outer loop
      vertex 61.32566541587857 54.908421423339846 5.2
      vertex 61.32566541587857 54.908421423339846 2.2
      vertex 61.40222252113279 54.52354286469244 2.2
    endloop
  endfacet
  facet normal -0.8968727415326916 -0.4422886902189947 0
    outer loop
      vertex 61.52836140246614 54.15194970290473 5.2
      vertex 61.52836140246614 54.15194970290473 2.2
      vertex 61.70192378864668 53.8 2.2
    endloop
  endfacet
  facet normal -0.9978589232386031 -0.0654031292301486 0
    outer loop
      vertex 61.3 55.3 5.2
      vertex 61.3 55.3 2.2
      vertex 61.32566541587857 54.908421423339846 2.2
    endloop
  endfacet
  facet normal -0.9978589232386031 0.0654031292301486 0
    outer loop
      vertex 61.32566541587857 55.69157857666015 5.2
      vertex 61.32566541587857 55.69157857666015 2.2
      vertex 61.3 55.3 2.2
    endloop
  endfacet
  facet normal -0.9807852804032315 0.19509032201612275 0
    outer loop
      vertex 61.40222252113279 56.07645713530756 5.2
      vertex 61.40222252113279 56.07645713530756 2.2
      vertex 61.32566541587857 55.69157857666015 2.2
    endloop
  endfacet
  facet normal -0.946930129495104 0.3214394653031663 0
    outer loop
      vertex 61.52836140246614 56.448050297095264 5.2
      vertex 61.52836140246614 56.448050297095264 2.2
      vertex 61.40222252113279 56.07645713530756 2.2
    endloop
  endfacet
  facet normal -0.8968727415326916 0.4422886902189947 0
    outer loop
      vertex 61.70192378864668 56.8 5.2
      vertex 61.70192378864668 56.8 2.2
      vertex 61.52836140246614 56.448050297095264 2.2
    endloop
  endfacet
  facet normal -0.8314696123025467 0.5555702330196001 0
    outer loop
      vertex 61.91993997912629 57.12628428702616 5.2
      vertex 61.91993997912629 57.12628428702616 2.2
      vertex 61.70192378864668 56.8 2.2
    endloop
  endfacet
  facet normal -0.7518398074789827 0.659345815100063 0
    outer loop
      vertex 62.17867965644035 57.42132034355964 5.2
      vertex 62.17867965644035 57.42132034355964 2.2
      vertex 61.91993997912629 57.12628428702616 2.2
    endloop
  endfacet
  facet normal -0.659345815100063 0.7518398074789827 0
    outer loop
      vertex 62.17867965644035 57.42132034355964 5.2
      vertex 62.473715712973835 57.680060020873704 2.2
      vertex 62.17867965644035 57.42132034355964 2.2
    endloop
  endfacet
  facet normal 0.8968727415326844 -0.4422886902190092 0
    outer loop
      vertex 66.89807621135331 53.8 5.2
      vertex 66.89807621135331 53.8 2.2
      vertex 67.07163859753386 54.15194970290473 2.2
    endloop
  endfacet
  facet normal 0.946930129495104 -0.3214394653031663 0
    outer loop
      vertex 67.07163859753386 54.15194970290473 5.2
      vertex 67.07163859753386 54.15194970290473 2.2
      vertex 67.19777747886721 54.52354286469244 2.2
    endloop
  endfacet
  facet normal 0.9807852804032315 -0.19509032201612275 0
    outer loop
      vertex 67.19777747886721 54.52354286469244 5.2
      vertex 67.19777747886721 54.52354286469244 2.2
      vertex 67.27433458412143 54.908421423339846 2.2
    endloop
  endfacet
  facet normal 0.9978589232386043 -0.06540312923013057 0
    outer loop
      vertex 67.27433458412143 54.908421423339846 5.2
      vertex 67.27433458412143 54.908421423339846 2.2
      vertex 67.3 55.3 2.2
    endloop
  endfacet
  facet normal 0.9978589232386043 0.06540312923013057 0
    outer loop
      vertex 67.3 55.3 5.2
      vertex 67.3 55.3 2.2
      vertex 67.27433458412143 55.69157857666015 2.2
    endloop
  endfacet
  facet normal 0.9807852804032315 0.19509032201612275 0
    outer loop
      vertex 67.27433458412143 55.69157857666015 5.2
      vertex 67.27433458412143 55.69157857666015 2.2
      vertex 67.19777747886721 56.07645713530756 2.2
    endloop
  endfacet
  facet normal 0.6593458151000539 0.7518398074789905 0
    outer loop
      vertex 66.12628428702615 57.680060020873704 5.2
      vertex 66.42132034355964 57.42132034355964 2.2
      vertex 66.12628428702615 57.680060020873704 2.2
    endloop
  endfacet
  facet normal 0.946930129495104 0.3214394653031663 0
    outer loop
      vertex 67.19777747886721 56.07645713530756 5.2
      vertex 67.19777747886721 56.07645713530756 2.2
      vertex 67.07163859753386 56.448050297095264 2.2
    endloop
  endfacet
  facet normal 0.8968727415326844 0.4422886902190092 0
    outer loop
      vertex 67.07163859753386 56.448050297095264 5.2
      vertex 67.07163859753386 56.448050297095264 2.2
      vertex 66.89807621135331 56.8 2.2
    endloop
  endfacet
  facet normal 0.8314696123025384 0.5555702330196126 0
    outer loop
      vertex 66.89807621135331 56.8 5.2
      vertex 66.89807621135331 56.8 2.2
      vertex 66.6800600208737 57.12628428702616 2.2
    endloop
  endfacet
  facet normal 0.7518398074789916 0.6593458151000527 0
    outer loop
      vertex 66.6800600208737 57.12628428702616 5.2
      vertex 66.6800600208737 57.12628428702616 2.2
      vertex 66.42132034355964 57.42132034355964 2.2
    endloop
  endfacet
  facet normal -0.5555702330196001 0.8314696123025467 0
    outer loop
      vertex 62.473715712973835 57.680060020873704 5.2
      vertex 62.8 57.89807621135331 2.2
      vertex 62.473715712973835 57.680060020873704 2.2
    endloop
  endfacet
  facet normal -0.4422886902189947 0.8968727415326916 0
    outer loop
      vertex 62.8 57.89807621135331 5.2
      vertex 63.15194970290473 58.071638597533855 2.2
      vertex 62.8 57.89807621135331 2.2
    endloop
  endfacet
  facet normal -0.3214394653031663 0.946930129495104 0
    outer loop
      vertex 63.15194970290473 58.071638597533855 5.2
      vertex 63.52354286469244 58.1977774788672 2.2
      vertex 63.15194970290473 58.071638597533855 2.2
    endloop
  endfacet
  facet normal -0.19509032201612275 0.9807852804032315 0
    outer loop
      vertex 63.52354286469244 58.1977774788672 5.2
      vertex 63.908421423339846 58.274334584121426 2.2
      vertex 63.52354286469244 58.1977774788672 2.2
    endloop
  endfacet
  facet normal -0.0654031292301486 0.9978589232386031 0
    outer loop
      vertex 63.908421423339846 58.274334584121426 5.2
      vertex 64.3 58.3 2.2
      vertex 63.908421423339846 58.274334584121426 2.2
    endloop
  endfacet
  facet normal 0.0654031292301486 0.9978589232386031 0
    outer loop
      vertex 64.3 58.3 5.2
      vertex 64.69157857666015 58.274334584121426 2.2
      vertex 64.3 58.3 2.2
    endloop
  endfacet
  facet normal 0.19509032201611928 0.9807852804032322 0
    outer loop
      vertex 64.69157857666015 58.274334584121426 5.2
      vertex 65.07645713530756 58.1977774788672 2.2
      vertex 64.69157857666015 58.274334584121426 2.2
    endloop
  endfacet
  facet normal 0.3214394653031718 0.9469301294951021 0
    outer loop
      vertex 65.07645713530756 58.1977774788672 5.2
      vertex 65.44805029709526 58.071638597533855 2.2
      vertex 65.07645713530756 58.1977774788672 2.2
    endloop
  endfacet
  facet normal 0.4422886902189947 0.8968727415326916 0
    outer loop
      vertex 65.44805029709526 58.071638597533855 5.2
      vertex 65.8 57.89807621135331 2.2
      vertex 65.44805029709526 58.071638597533855 2.2
    endloop
  endfacet
  facet normal 0.5555702330196085 0.8314696123025411 0
    outer loop
      vertex 65.8 57.89807621135331 5.2
      vertex 66.12628428702615 57.680060020873704 2.2
      vertex 65.8 57.89807621135331 2.2
    endloop
  endfacet
  facet normal -0.946930129495104 -0.3214394653031663 0
    outer loop
      vertex 61.52836140246614 54.15194970290473 5.2
      vertex 61.40222252113279 54.52354286469244 5.2
      vertex 61.52836140246614 54.15194970290473 2.2
    endloop
  endfacet
  facet normal -0.9807852804032315 -0.19509032201612275 1.9071440476008694e-19
    outer loop
      vertex 61.32566541587857 54.908421423339846 5.2
      vertex 61.40222252113279 54.52354286469244 2.2
      vertex 61.40222252113279 54.52354286469244 5.2
    endloop
  endfacet
  facet normal -0.8968727415326916 -0.4422886902189947 0
    outer loop
      vertex 61.70192378864668 53.8 5.2
      vertex 61.52836140246614 54.15194970290473 5.2
      vertex 61.70192378864668 53.8 2.2
    endloop
  endfacet
  facet normal -0.9978589232386031 -0.0654031292301486 0
    outer loop
      vertex 61.32566541587857 54.908421423339846 5.2
      vertex 61.3 55.3 5.2
      vertex 61.32566541587857 54.908421423339846 2.2
    endloop
  endfacet
  facet normal -0.9978589232386031 0.0654031292301486 0
    outer loop
      vertex 61.3 55.3 5.2
      vertex 61.32566541587857 55.69157857666015 5.2
      vertex 61.3 55.3 2.2
    endloop
  endfacet
  facet normal -0.9807852804032315 0.19509032201612275 0
    outer loop
      vertex 61.32566541587857 55.69157857666015 5.2
      vertex 61.40222252113279 56.07645713530756 5.2
      vertex 61.32566541587857 55.69157857666015 2.2
    endloop
  endfacet
  facet normal 0 0 1
    outer loop
      vertex 61.70192378864668 53.8 5.2
      vertex 61.52836140246614 56.448050297095264 5.2
      vertex 61.52836140246614 54.15194970290473 5.2
    endloop
  endfacet
  facet normal 0 0 1
    outer loop
      vertex 61.70192378864668 53.8 5.2
      vertex 61.91993997912629 53.473715712973835 5.2
      vertex 61.70192378864668 56.8 5.2
    endloop
  endfacet
  facet normal 0 0 1
    outer loop
      vertex 61.91993997912629 53.473715712973835 5.2
      vertex 62.17867965644035 53.17867965644035 5.2
      vertex 61.91993997912629 57.12628428702616 5.2
    endloop
  endfacet
  facet normal 0 0 1
    outer loop
      vertex 62.473715712973835 52.91993997912629 5.2
      vertex 62.17867965644035 57.42132034355964 5.2
      vertex 62.17867965644035 53.17867965644035 5.2
    endloop
  endfacet
  facet normal 0 0 1
    outer loop
      vertex 61.32566541587857 54.908421423339846 5.2
      vertex 61.40222252113279 54.52354286469244 5.2
      vertex 61.32566541587857 55.69157857666015 5.2
    endloop
  endfacet
  facet normal 0 0 1
    outer loop
      vertex 61.52836140246614 54.15194970290473 5.2
      vertex 61.40222252113279 56.07645713530756 5.2
      vertex 61.40222252113279 54.52354286469244 5.2
    endloop
  endfacet
  facet normal 0 0 1
    outer loop
      vertex 61.32566541587857 54.908421423339846 5.2
      vertex 61.32566541587857 55.69157857666015 5.2
      vertex 61.3 55.3 5.2
    endloop
  endfacet
  facet normal 0 0 1
    outer loop
      vertex 61.32566541587857 55.69157857666015 5.2
      vertex 61.40222252113279 54.52354286469244 5.2
      vertex 61.40222252113279 56.07645713530756 5.2
    endloop
  endfacet
  facet normal 0 0 1
    outer loop
      vertex 61.52836140246614 54.15194970290473 5.2
      vertex 61.52836140246614 56.448050297095264 5.2
      vertex 61.40222252113279 56.07645713530756 5.2
    endloop
  endfacet
  facet normal 0 0 1
    outer loop
      vertex 61.70192378864668 53.8 5.2
      vertex 61.70192378864668 56.8 5.2
      vertex 61.52836140246614 56.448050297095264 5.2
    endloop
  endfacet
  facet normal 0 0 1
    outer loop
      vertex 61.91993997912629 53.473715712973835 5.2
      vertex 61.91993997912629 57.12628428702616 5.2
      vertex 61.70192378864668 56.8 5.2
    endloop
  endfacet
  facet normal -0.946930129495104 0.3214394653031663 0
    outer loop
      vertex 61.40222252113279 56.07645713530756 5.2
      vertex 61.52836140246614 56.448050297095264 5.2
      vertex 61.40222252113279 56.07645713530756 2.2
    endloop
  endfacet
  facet normal -0.8968727415326916 0.4422886902189947 0
    outer loop
      vertex 61.52836140246614 56.448050297095264 5.2
      vertex 61.70192378864668 56.8 5.2
      vertex 61.52836140246614 56.448050297095264 2.2
    endloop
  endfacet
  facet normal -0.8314696123025467 0.5555702330196001 0
    outer loop
      vertex 61.70192378864668 56.8 5.2
      vertex 61.91993997912629 57.12628428702616 5.2
      vertex 61.70192378864668 56.8 2.2
    endloop
  endfacet
  facet normal -0.7518398074789827 0.659345815100063 0
    outer loop
      vertex 61.91993997912629 57.12628428702616 5.2
      vertex 62.17867965644035 57.42132034355964 5.2
      vertex 61.91993997912629 57.12628428702616 2.2
    endloop
  endfacet
  facet normal 0 0 1
    outer loop
      vertex 62.17867965644035 53.17867965644035 5.2
      vertex 62.17867965644035 57.42132034355964 5.2
      vertex 61.91993997912629 57.12628428702616 5.2
    endloop
  endfacet
  facet normal 0 0 1
    outer loop
      vertex 63.15194970290473 52.52836140246614 5.2
      vertex 62.8 57.89807621135331 5.2
      vertex 62.8 52.70192378864668 5.2
    endloop
  endfacet
  facet normal 0 0 1
    outer loop
      vertex 62.473715712973835 52.91993997912629 5.2
      vertex 62.8 52.70192378864668 5.2
      vertex 62.473715712973835 57.680060020873704 5.2
    endloop
  endfacet
  facet normal 0 0 1
    outer loop
      vertex 63.15194970290473 52.52836140246614 5.2
      vertex 63.329926490863144 54.89818239601665 5.2
      vertex 63.285777882396474 55.02824000264235 5.2
    endloop
  endfacet
  facet normal 0 0 1
    outer loop
      vertex 63.15194970290473 52.52836140246614 5.2
      vertex 63.285777882396474 55.02824000264235 5.2
      vertex 63.258982895557494 55.16294749816894 5.2
    endloop
  endfacet
  facet normal 0 0 1
    outer loop
      vertex 63.15194970290473 52.52836140246614 5.2
      vertex 63.258982895557494 55.16294749816894 5.2
      vertex 63.25 55.3 5.2
    endloop
  endfacet
  facet normal 0 0 1
    outer loop
      vertex 63.52354286469244 52.40222252113279 5.2
      vertex 63.4669789926942 54.66080049954084 5.2
      vertex 63.39067332602634 54.775 5.2
    endloop
  endfacet
  facet normal 0 0 1
    outer loop
      vertex 63.52354286469244 52.40222252113279 5.2
      vertex 63.39067332602634 54.775 5.2
      vertex 63.329926490863144 54.89818239601665 5.2
    endloop
  endfacet
  facet normal 0 0 1
    outer loop
      vertex 63.15194970290473 52.52836140246614 5.2
      vertex 63.25 55.3 5.2
      vertex 63.15194970290473 58.071638597533855 5.2
    endloop
  endfacet
  facet normal -0.659345815100063 0.7518398074789827 -8.538536568043881e-20
    outer loop
      vertex 62.17867965644035 57.42132034355964 5.2
      vertex 62.473715712973835 57.680060020873704 5.2
      vertex 62.473715712973835 57.680060020873704 2.2
    endloop
  endfacet
  facet normal 0 0 1
    outer loop
      vertex 62.473715712973835 52.91993997912629 5.2
      vertex 62.473715712973835 57.680060020873704 5.2
      vertex 62.17867965644035 57.42132034355964 5.2
    endloop
  endfacet
  facet normal 0 0 1
    outer loop
      vertex 62.8 52.70192378864668 5.2
      vertex 62.8 57.89807621135331 5.2
      vertex 62.473715712973835 57.680060020873704 5.2
    endloop
  endfacet
  facet normal 0 0 1
    outer loop
      vertex 63.15194970290473 52.52836140246614 5.2
      vertex 63.15194970290473 58.071638597533855 5.2
      vertex 62.8 57.89807621135331 5.2
    endloop
  endfacet
  facet normal 0 0 1
    outer loop
      vertex 63.25 55.3 5.2
      vertex 63.258982895557494 55.437052501831054 5.2
      vertex 63.15194970290473 58.071638597533855 5.2
    endloop
  endfacet
  facet normal 0 0 1
    outer loop
      vertex 63.258982895557494 55.437052501831054 5.2
      vertex 63.285777882396474 55.571759997357645 5.2
      vertex 63.15194970290473 58.071638597533855 5.2
    endloop
  endfacet
  facet normal 0 0 1
    outer loop
      vertex 63.285777882396474 55.571759997357645 5.2
      vertex 63.329926490863144 55.70181760398334 5.2
      vertex 63.15194970290473 58.071638597533855 5.2
    endloop
  endfacet
  facet normal 0 0 1
    outer loop
      vertex 63.329926490863144 55.70181760398334 5.2
      vertex 63.39067332602634 55.824999999999996 5.2
      vertex 63.15194970290473 58.071638597533855 5.2
    endloop
  endfacet
  facet normal 0 0 1
    outer loop
      vertex 63.39067332602634 55.824999999999996 5.2
      vertex 63.4669789926942 55.939199500459154 5.2
      vertex 63.15194970290473 58.071638597533855 5.2
    endloop
  endfacet
  facet normal 0 0 1
    outer loop
      vertex 63.4669789926942 55.939199500459154 5.2
      vertex 63.55753787975412 56.04246212024587 5.2
      vertex 63.15194970290473 58.071638597533855 5.2
    endloop
  endfacet
  facet normal 0 0 1
    outer loop
      vertex 63.55753787975412 56.04246212024587 5.2
      vertex 63.66080049954084 56.13302100730579 5.2
      vertex 63.52354286469244 58.1977774788672 5.2
    endloop
  endfacet
  facet normal 0 0 1
    outer loop
      vertex 63.66080049954084 56.13302100730579 5.2
      vertex 63.775 56.209326673973656 5.2
      vertex 63.52354286469244 58.1977774788672 5.2
    endloop
  endfacet
  facet normal 0 0 1
    outer loop
      vertex 63.55753787975412 56.04246212024587 5.2
      vertex 63.52354286469244 58.1977774788672 5.2
      vertex 63.15194970290473 58.071638597533855 5.2
    endloop
  endfacet
  facet normal 0 0 1
    outer loop
      vertex 65.04246212024587 56.04246212024587 5.2
      vertex 65.1330210073058 55.939199500459154 5.2
      vertex 65.07645713530756 58.1977774788672 5.2
    endloop
  endfacet
  facet normal 0 0 1
    outer loop
      vertex 63.775 56.209326673973656 5.2
      vertex 63.89818239601665 56.27007350913685 5.2
      vertex 63.52354286469244 58.1977774788672 5.2
    endloop
  endfacet
  facet normal 0 0 1
    outer loop
      vertex 63.89818239601665 56.27007350913685 5.2
      vertex 64.02824000264235 56.31422211760352 5.2
      vertex 63.52354286469244 58.1977774788672 5.2
    endloop
  endfacet
  facet normal 0 0 1
    outer loop
      vertex 64.02824000264235 56.31422211760352 5.2
      vertex 64.16294749816895 56.3410171044425 5.2
      vertex 63.908421423339846 58.274334584121426 5.2
    endloop
  endfacet
  facet normal 0 0 1
    outer loop
      vertex 64.16294749816895 56.3410171044425 5.2
      vertex 64.3 56.349999999999994 5.2
      vertex 64.3 58.3 5.2
    endloop
  endfacet
  facet normal 0 0 1
    outer loop
      vertex 64.3 56.349999999999994 5.2
      vertex 64.43705250183105 56.3410171044425 5.2
      vertex 64.3 58.3 5.2
    endloop
  endfacet
  facet normal 0 0 1
    outer loop
      vertex 64.02824000264235 56.31422211760352 5.2
      vertex 63.908421423339846 58.274334584121426 5.2
      vertex 63.52354286469244 58.1977774788672 5.2
    endloop
  endfacet
  facet normal 0 0 1
    outer loop
      vertex 63.908421423339846 58.274334584121426 5.2
      vertex 64.16294749816895 56.3410171044425 5.2
      vertex 64.3 58.3 5.2
    endloop
  endfacet
  facet normal 0 0 1
    outer loop
      vertex 64.57175999735765 56.31422211760352 5.2
      vertex 64.69157857666015 58.274334584121426 5.2
      vertex 64.43705250183105 56.3410171044425 5.2
    endloop
  endfacet
  facet normal 0 0 1
    outer loop
      vertex 64.57175999735765 56.31422211760352 5.2
      vertex 64.70181760398334 56.27007350913685 5.2
      vertex 64.69157857666015 58.274334584121426 5.2
    endloop
  endfacet
  facet normal 0 0 1
    outer loop
      vertex 64.70181760398334 56.27007350913685 5.2
      vertex 64.825 56.209326673973656 5.2
      vertex 64.69157857666015 58.274334584121426 5.2
    endloop
  endfacet
  facet normal 0 0 1
    outer loop
      vertex 64.825 56.209326673973656 5.2
      vertex 64.93919950045915 56.13302100730579 5.2
      vertex 64.69157857666015 58.274334584121426 5.2
    endloop
  endfacet
  facet normal 0 0 1
    outer loop
      vertex 65.04246212024587 56.04246212024587 5.2
      vertex 65.07645713530756 58.1977774788672 5.2
      vertex 64.93919950045915 56.13302100730579 5.2
    endloop
  endfacet
  facet normal 0 0 1
    outer loop
      vertex 64.43705250183105 56.3410171044425 5.2
      vertex 64.69157857666015 58.274334584121426 5.2
      vertex 64.3 58.3 5.2
    endloop
  endfacet
  facet normal 0 0 1
    outer loop
      vertex 64.93919950045915 56.13302100730579 5.2
      vertex 65.07645713530756 58.1977774788672 5.2
      vertex 64.69157857666015 58.274334584121426 5.2
    endloop
  endfacet
  facet normal 0.8968727415326844 -0.4422886902190092 3.0635160857550764e-19
    outer loop
      vertex 66.89807621135331 53.8 5.2
      vertex 67.07163859753386 54.15194970290473 2.2
      vertex 67.07163859753386 54.15194970290473 5.2
    endloop
  endfacet
  facet normal 0.946930129495104 -0.3214394653031663 -1.5701490179440123e-18
    outer loop
      vertex 67.07163859753386 54.15194970290473 5.2
      vertex 67.19777747886721 54.52354286469244 2.2
      vertex 67.19777747886721 54.52354286469244 5.2
    endloop
  endfacet
  facet normal 0.9807852804032315 -0.19509032201612275 -1.9071440476008694e-19
    outer loop
      vertex 67.19777747886721 54.52354286469244 5.2
      vertex 67.27433458412143 54.908421423339846 2.2
      vertex 67.27433458412143 54.908421423339846 5.2
    endloop
  endfacet
  facet normal 0.9978589232386043 -0.06540312923013057 -3.1467951511922e-19
    outer loop
      vertex 67.27433458412143 54.908421423339846 5.2
      vertex 67.3 55.3 2.2
      vertex 67.3 55.3 5.2
    endloop
  endfacet
  facet normal 0.9978589232386043 0.06540312923013057 3.1467951511922e-19
    outer loop
      vertex 67.3 55.3 5.2
      vertex 67.27433458412143 55.69157857666015 2.2
      vertex 67.27433458412143 55.69157857666015 5.2
    endloop
  endfacet
  facet normal 0 0 1
    outer loop
      vertex 65.44805029709526 52.52836140246614 5.2
      vertex 65.1330210073058 54.66080049954084 5.2
      vertex 65.04246212024587 54.55753787975412 5.2
    endloop
  endfacet
  facet normal 0 0 1
    outer loop
      vertex 65.44805029709526 52.52836140246614 5.2
      vertex 65.20932667397366 54.775 5.2
      vertex 65.1330210073058 54.66080049954084 5.2
    endloop
  endfacet
  facet normal 0 0 1
    outer loop
      vertex 65.44805029709526 52.52836140246614 5.2
      vertex 65.27007350913685 54.89818239601665 5.2
      vertex 65.20932667397366 54.775 5.2
    endloop
  endfacet
  facet normal 0 0 1
    outer loop
      vertex 65.44805029709526 52.52836140246614 5.2
      vertex 65.31422211760352 55.02824000264235 5.2
      vertex 65.27007350913685 54.89818239601665 5.2
    endloop
  endfacet
  facet normal 0 0 1
    outer loop
      vertex 65.44805029709526 52.52836140246614 5.2
      vertex 65.3410171044425 55.16294749816894 5.2
      vertex 65.31422211760352 55.02824000264235 5.2
    endloop
  endfacet
  facet normal 0 0 1
    outer loop
      vertex 65.44805029709526 52.52836140246614 5.2
      vertex 65.35 55.3 5.2
      vertex 65.3410171044425 55.16294749816894 5.2
    endloop
  endfacet
  facet normal 0 0 1
    outer loop
      vertex 65.44805029709526 52.52836140246614 5.2
      vertex 65.8 52.70192378864668 5.2
      vertex 65.44805029709526 58.071638597533855 5.2
    endloop
  endfacet
  facet normal 0 0 1
    outer loop
      vertex 65.8 52.70192378864668 5.2
      vertex 66.12628428702615 52.91993997912629 5.2
      vertex 65.8 57.89807621135331 5.2
    endloop
  endfacet
  facet normal 0 0 1
    outer loop
      vertex 66.12628428702615 52.91993997912629 5.2
      vertex 66.42132034355964 53.17867965644035 5.2
      vertex 66.12628428702615 57.680060020873704 5.2
    endloop
  endfacet
  facet normal 0 0 1
    outer loop
      vertex 66.42132034355964 53.17867965644035 5.2
      vertex 66.6800600208737 53.473715712973835 5.2
      vertex 66.42132034355964 57.42132034355964 5.2
    endloop
  endfacet
  facet normal 0 0 1
    outer loop
      vertex 65.44805029709526 52.52836140246614 5.2
      vertex 65.44805029709526 58.071638597533855 5.2
      vertex 65.35 55.3 5.2
    endloop
  endfacet
  facet normal 0 0 1
    outer loop
      vertex 66.6800600208737 53.473715712973835 5.2
      vertex 66.89807621135331 53.8 5.2
      vertex 66.6800600208737 57.12628428702616 5.2
    endloop
  endfacet
  facet normal 0 0 1
    outer loop
      vertex 66.89807621135331 53.8 5.2
      vertex 67.07163859753386 54.15194970290473 5.2
      vertex 66.89807621135331 56.8 5.2
    endloop
  endfacet
  facet normal 0 0 1
    outer loop
      vertex 67.07163859753386 54.15194970290473 5.2
      vertex 67.19777747886721 54.52354286469244 5.2
      vertex 67.07163859753386 56.448050297095264 5.2
    endloop
  endfacet
  facet normal 0 0 1
    outer loop
      vertex 67.19777747886721 54.52354286469244 5.2
      vertex 67.27433458412143 54.908421423339846 5.2
      vertex 67.19777747886721 56.07645713530756 5.2
    endloop
  endfacet
  facet normal 0 0 1
    outer loop
      vertex 67.07163859753386 54.15194970290473 5.2
      vertex 67.07163859753386 56.448050297095264 5.2
      vertex 66.89807621135331 56.8 5.2
    endloop
  endfacet
  facet normal 0 0 1
    outer loop
      vertex 67.19777747886721 54.52354286469244 5.2
      vertex 67.19777747886721 56.07645713530756 5.2
      vertex 67.07163859753386 56.448050297095264 5.2
    endloop
  endfacet
  facet normal 0 0 1
    outer loop
      vertex 67.27433458412143 54.908421423339846 5.2
      vertex 67.3 55.3 5.2
      vertex 67.27433458412143 55.69157857666015 5.2
    endloop
  endfacet
  facet normal 0 0 1
    outer loop
      vertex 67.27433458412143 54.908421423339846 5.2
      vertex 67.27433458412143 55.69157857666015 5.2
      vertex 67.19777747886721 56.07645713530756 5.2
    endloop
  endfacet
  facet normal 0.6593458151000539 0.7518398074789905 0
    outer loop
      vertex 66.42132034355964 57.42132034355964 5.2
      vertex 66.42132034355964 57.42132034355964 2.2
      vertex 66.12628428702615 57.680060020873704 5.2
    endloop
  endfacet
  facet normal 0.7518398074789916 0.6593458151000527 7.745373997183148e-19
    outer loop
      vertex 66.6800600208737 57.12628428702616 5.2
      vertex 66.42132034355964 57.42132034355964 2.2
      vertex 66.42132034355964 57.42132034355964 5.2
    endloop
  endfacet
  facet normal 0.9807852804032315 0.19509032201612275 1.9071440476008694e-19
    outer loop
      vertex 67.27433458412143 55.69157857666015 5.2
      vertex 67.19777747886721 56.07645713530756 2.2
      vertex 67.19777747886721 56.07645713530756 5.2
    endloop
  endfacet
  facet normal 0.946930129495104 0.3214394653031663 1.5701490179440123e-18
    outer loop
      vertex 67.19777747886721 56.07645713530756 5.2
      vertex 67.07163859753386 56.448050297095264 2.2
      vertex 67.07163859753386 56.448050297095264 5.2
    endloop
  endfacet
  facet normal 0.8968727415326844 0.4422886902190092 -3.0635160857550764e-19
    outer loop
      vertex 67.07163859753386 56.448050297095264 5.2
      vertex 66.89807621135331 56.8 2.2
      vertex 66.89807621135331 56.8 5.2
    endloop
  endfacet
  facet normal 0.8314696123025384 0.5555702330196126 0
    outer loop
      vertex 66.6800600208737 57.12628428702616 5.2
      vertex 66.89807621135331 56.8 5.2
      vertex 66.6800600208737 57.12628428702616 2.2
    endloop
  endfacet
  facet normal 0 0 1
    outer loop
      vertex 65.35 55.3 5.2
      vertex 65.44805029709526 58.071638597533855 5.2
      vertex 65.3410171044425 55.437052501831054 5.2
    endloop
  endfacet
  facet normal 0 0 1
    outer loop
      vertex 65.8 52.70192378864668 5.2
      vertex 65.8 57.89807621135331 5.2
      vertex 65.44805029709526 58.071638597533855 5.2
    endloop
  endfacet
  facet normal 0 0 1
    outer loop
      vertex 65.3410171044425 55.437052501831054 5.2
      vertex 65.44805029709526 58.071638597533855 5.2
      vertex 65.31422211760352 55.571759997357645 5.2
    endloop
  endfacet
  facet normal 0 0 1
    outer loop
      vertex 65.31422211760352 55.571759997357645 5.2
      vertex 65.44805029709526 58.071638597533855 5.2
      vertex 65.27007350913685 55.70181760398334 5.2
    endloop
  endfacet
  facet normal 0 0 1
    outer loop
      vertex 65.20932667397366 55.824999999999996 5.2
      vertex 65.27007350913685 55.70181760398334 5.2
      vertex 65.07645713530756 58.1977774788672 5.2
    endloop
  endfacet
  facet normal 0 0 1
    outer loop
      vertex 65.20932667397366 55.824999999999996 5.2
      vertex 65.07645713530756 58.1977774788672 5.2
      vertex 65.1330210073058 55.939199500459154 5.2
    endloop
  endfacet
  facet normal 0 0 1
    outer loop
      vertex 66.12628428702615 52.91993997912629 5.2
      vertex 66.12628428702615 57.680060020873704 5.2
      vertex 65.8 57.89807621135331 5.2
    endloop
  endfacet
  facet normal 0 0 1
    outer loop
      vertex 66.42132034355964 53.17867965644035 5.2
      vertex 66.42132034355964 57.42132034355964 5.2
      vertex 66.12628428702615 57.680060020873704 5.2
    endloop
  endfacet
  facet normal 0 0 1
    outer loop
      vertex 65.27007350913685 55.70181760398334 5.2
      vertex 65.44805029709526 58.071638597533855 5.2
      vertex 65.07645713530756 58.1977774788672 5.2
    endloop
  endfacet
  facet normal 0 0 1
    outer loop
      vertex 66.6800600208737 53.473715712973835 5.2
      vertex 66.6800600208737 57.12628428702616 5.2
      vertex 66.42132034355964 57.42132034355964 5.2
    endloop
  endfacet
  facet normal 0 0 1
    outer loop
      vertex 66.6800600208737 57.12628428702616 5.2
      vertex 66.89807621135331 53.8 5.2
      vertex 66.89807621135331 56.8 5.2
    endloop
  endfacet
  facet normal -0.5555702330196001 0.8314696123025467 2.8055579587332882e-18
    outer loop
      vertex 62.473715712973835 57.680060020873704 5.2
      vertex 62.8 57.89807621135331 5.2
      vertex 62.8 57.89807621135331 2.2
    endloop
  endfacet
  facet normal -0.4422886902189947 0.8968727415326916 -2.0306433611153428e-18
    outer loop
      vertex 62.8 57.89807621135331 5.2
      vertex 63.15194970290473 58.071638597533855 5.2
      vertex 63.15194970290473 58.071638597533855 2.2
    endloop
  endfacet
  facet normal -0.3214394653031663 0.946930129495104 -1.5701490179440123e-18
    outer loop
      vertex 63.15194970290473 58.071638597533855 5.2
      vertex 63.52354286469244 58.1977774788672 5.2
      vertex 63.52354286469244 58.1977774788672 2.2
    endloop
  endfacet
  facet normal -0.19509032201612275 0.9807852804032315 -1.9071440476008694e-19
    outer loop
      vertex 63.52354286469244 58.1977774788672 5.2
      vertex 63.908421423339846 58.274334584121426 5.2
      vertex 63.908421423339846 58.274334584121426 2.2
    endloop
  endfacet
  facet normal -0.0654031292301486 0.9978589232386031 -4.534124415595705e-19
    outer loop
      vertex 63.908421423339846 58.274334584121426 5.2
      vertex 64.3 58.3 5.2
      vertex 64.3 58.3 2.2
    endloop
  endfacet
  facet normal 0.19509032201611928 0.9807852804032322 8.126871632437976e-19
    outer loop
      vertex 64.69157857666015 58.274334584121426 5.2
      vertex 65.07645713530756 58.1977774788672 5.2
      vertex 65.07645713530756 58.1977774788672 2.2
    endloop
  endfacet
  facet normal 0.0654031292301486 0.9978589232386031 4.534124415595705e-19
    outer loop
      vertex 64.3 58.3 5.2
      vertex 64.69157857666015 58.274334584121426 5.2
      vertex 64.69157857666015 58.274334584121426 2.2
    endloop
  endfacet
  facet normal 0.3214394653031718 0.9469301294951021 2.549837683449486e-18
    outer loop
      vertex 65.07645713530756 58.1977774788672 5.2
      vertex 65.44805029709526 58.071638597533855 5.2
      vertex 65.44805029709526 58.071638597533855 2.2
    endloop
  endfacet
  facet normal 0.4422886902189947 0.8968727415326916 2.0306433611153428e-18
    outer loop
      vertex 65.44805029709526 58.071638597533855 5.2
      vertex 65.8 57.89807621135331 5.2
      vertex 65.8 57.89807621135331 2.2
    endloop
  endfacet
  facet normal 0.5555702330196085 0.8314696123025411 4.553720877975974e-18
    outer loop
      vertex 65.8 57.89807621135331 5.2
      vertex 66.12628428702615 57.680060020873704 5.2
      vertex 66.12628428702615 57.680060020873704 2.2
    endloop
  endfacet
  facet normal -0.8314696123025467 -0.5555702330196001 0
    outer loop
      vertex 61.70192378864668 4.8 5.2
      vertex 61.70192378864668 4.8 2.2
      vertex 61.91993997912629 4.473715712973838 2.2
    endloop
  endfacet
  facet normal -0.7518398074789796 -0.6593458151000662 0
    outer loop
      vertex 61.91993997912629 4.473715712973838 5.2
      vertex 61.91993997912629 4.473715712973838 2.2
      vertex 62.17867965644035 4.178679656440357 2.2
    endloop
  endfacet
  facet normal -0.946930129495104 -0.3214394653031663 0
    outer loop
      vertex 61.40222252113279 5.523542864692438 5.2
      vertex 61.40222252113279 5.523542864692438 2.2
      vertex 61.52836140246614 5.15194970290473 2.2
    endloop
  endfacet
  facet normal -0.8968727415326903 -0.44228869021899736 0
    outer loop
      vertex 61.52836140246614 5.15194970290473 5.2
      vertex 61.52836140246614 5.15194970290473 2.2
      vertex 61.70192378864668 4.8 2.2
    endloop
  endfacet
  facet normal -0.9807852804032315 -0.19509032201612275 0
    outer loop
      vertex 61.32566541587857 5.9084214233398455 5.2
      vertex 61.32566541587857 5.9084214233398455 2.2
      vertex 61.40222252113279 5.523542864692438 2.2
    endloop
  endfacet
  facet normal -0.9978589232386031 -0.06540312923014815 0
    outer loop
      vertex 61.3 6.3 5.2
      vertex 61.3 6.3 2.2
      vertex 61.32566541587857 5.9084214233398455 2.2
    endloop
  endfacet
  facet normal -0.9978589232386031 0.06540312923014815 0
    outer loop
      vertex 61.32566541587857 6.691578576660154 5.2
      vertex 61.32566541587857 6.691578576660154 2.2
      vertex 61.3 6.3 2.2
    endloop
  endfacet
  facet normal -0.9807852804032315 0.19509032201612275 0
    outer loop
      vertex 61.40222252113279 7.076457135307562 5.2
      vertex 61.40222252113279 7.076457135307562 2.2
      vertex 61.32566541587857 6.691578576660154 2.2
    endloop
  endfacet
  facet normal -0.946930129495104 0.3214394653031663 0
    outer loop
      vertex 61.52836140246614 7.44805029709527 5.2
      vertex 61.52836140246614 7.44805029709527 2.2
      vertex 61.40222252113279 7.076457135307562 2.2
    endloop
  endfacet
  facet normal -0.8968727415326903 0.44228869021899736 0
    outer loop
      vertex 61.70192378864668 7.8 5.2
      vertex 61.70192378864668 7.8 2.2
      vertex 61.52836140246614 7.44805029709527 2.2
    endloop
  endfacet
  facet normal -0.5555702330196016 -0.8314696123025456 0
    outer loop
      vertex 62.8 3.701923788646684 5.2
      vertex 62.473715712973835 3.919939979126294 2.2
      vertex 62.8 3.701923788646684 2.2
    endloop
  endfacet
  facet normal -0.4422886902189983 -0.8968727415326898 0
    outer loop
      vertex 63.15194970290473 3.52836140246614 5.2
      vertex 62.8 3.701923788646684 2.2
      vertex 63.15194970290473 3.52836140246614 2.2
    endloop
  endfacet
  facet normal -0.32143946530316225 -0.9469301294951055 0
    outer loop
      vertex 63.52354286469244 3.4022225211327948 5.2
      vertex 63.15194970290473 3.52836140246614 2.2
      vertex 63.52354286469244 3.4022225211327948 2.2
    endloop
  endfacet
  facet normal -0.19509032201612708 -0.9807852804032305 0
    outer loop
      vertex 63.908421423339846 3.325665415878569 5.2
      vertex 63.52354286469244 3.4022225211327948 2.2
      vertex 63.908421423339846 3.325665415878569 2.2
    endloop
  endfacet
  facet normal -0.0654031292301441 -0.9978589232386035 0
    outer loop
      vertex 64.3 3.3 5.2
      vertex 63.908421423339846 3.325665415878569 2.2
      vertex 64.3 3.3 2.2
    endloop
  endfacet
  facet normal 0.0654031292301441 -0.9978589232386035 0
    outer loop
      vertex 64.69157857666015 3.325665415878569 5.2
      vertex 64.3 3.3 2.2
      vertex 64.69157857666015 3.325665415878569 2.2
    endloop
  endfacet
  facet normal 0.19509032201612367 -0.9807852804032314 0
    outer loop
      vertex 65.07645713530756 3.4022225211327948 5.2
      vertex 64.69157857666015 3.325665415878569 2.2
      vertex 65.07645713530756 3.4022225211327948 2.2
    endloop
  endfacet
  facet normal 0.3214394653031678 -0.9469301294951036 0
    outer loop
      vertex 65.44805029709526 3.52836140246614 5.2
      vertex 65.07645713530756 3.4022225211327948 2.2
      vertex 65.44805029709526 3.52836140246614 2.2
    endloop
  endfacet
  facet normal 0.4422886902189983 -0.8968727415326898 0
    outer loop
      vertex 65.8 3.701923788646684 5.2
      vertex 65.44805029709526 3.52836140246614 2.2
      vertex 65.8 3.701923788646684 2.2
    endloop
  endfacet
  facet normal 0.55557023301961 -0.83146961230254 0
    outer loop
      vertex 66.12628428702615 3.919939979126294 5.2
      vertex 65.8 3.701923788646684 2.2
      vertex 66.12628428702615 3.919939979126294 2.2
    endloop
  endfacet
  facet normal -0.6593458151000655 -0.7518398074789804 0
    outer loop
      vertex 62.473715712973835 3.919939979126294 5.2
      vertex 62.17867965644035 4.178679656440357 2.2
      vertex 62.473715712973835 3.919939979126294 2.2
    endloop
  endfacet
  facet normal 0.6593458151000565 -0.7518398074789884 0
    outer loop
      vertex 66.42132034355964 4.178679656440357 5.2
      vertex 66.12628428702615 3.919939979126294 2.2
      vertex 66.42132034355964 4.178679656440357 2.2
    endloop
  endfacet
  facet normal 0.7518398074789887 -0.6593458151000561 0
    outer loop
      vertex 66.42132034355964 4.178679656440357 5.2
      vertex 66.42132034355964 4.178679656440357 2.2
      vertex 66.6800600208737 4.473715712973838 2.2
    endloop
  endfacet
  facet normal 0.8314696123025384 -0.5555702330196126 0
    outer loop
      vertex 66.6800600208737 4.473715712973838 5.2
      vertex 66.6800600208737 4.473715712973838 2.2
      vertex 66.89807621135331 4.8 2.2
    endloop
  endfacet
  facet normal 0.8968727415326831 -0.44228869021901196 0
    outer loop
      vertex 66.89807621135331 4.8 5.2
      vertex 66.89807621135331 4.8 2.2
      vertex 67.07163859753386 5.15194970290473 2.2
    endloop
  endfacet
  facet normal 0.946930129495104 -0.3214394653031663 0
    outer loop
      vertex 67.07163859753386 5.15194970290473 5.2
      vertex 67.07163859753386 5.15194970290473 2.2
      vertex 67.19777747886721 5.523542864692438 2.2
    endloop
  endfacet
  facet normal 0.9807852804032315 -0.19509032201612275 0
    outer loop
      vertex 67.19777747886721 5.523542864692438 5.2
      vertex 67.19777747886721 5.523542864692438 2.2
      vertex 67.27433458412143 5.9084214233398455 2.2
    endloop
  endfacet
  facet normal 0.9978589232386043 -0.06540312923013013 0
    outer loop
      vertex 67.27433458412143 5.9084214233398455 5.2
      vertex 67.27433458412143 5.9084214233398455 2.2
      vertex 67.3 6.3 2.2
    endloop
  endfacet
  facet normal 0.9978589232386043 0.06540312923013013 0
    outer loop
      vertex 67.3 6.3 5.2
      vertex 67.3 6.3 2.2
      vertex 67.27433458412143 6.691578576660154 2.2
    endloop
  endfacet
  facet normal 0.946930129495104 0.3214394653031663 0
    outer loop
      vertex 67.19777747886721 7.076457135307562 5.2
      vertex 67.19777747886721 7.076457135307562 2.2
      vertex 67.07163859753386 7.44805029709527 2.2
    endloop
  endfacet
  facet normal 0.8968727415326831 0.44228869021901196 0
    outer loop
      vertex 67.07163859753386 7.44805029709527 5.2
      vertex 67.07163859753386 7.44805029709527 2.2
      vertex 66.89807621135331 7.8 2.2
    endloop
  endfacet
  facet normal 0.9807852804032315 0.19509032201612275 0
    outer loop
      vertex 67.27433458412143 6.691578576660154 5.2
      vertex 67.27433458412143 6.691578576660154 2.2
      vertex 67.19777747886721 7.076457135307562 2.2
    endloop
  endfacet
  facet normal -0.7518398074789796 -0.6593458151000662 -3.710217308033516e-18
    outer loop
      vertex 61.91993997912629 4.473715712973838 5.2
      vertex 62.17867965644035 4.178679656440357 2.2
      vertex 62.17867965644035 4.178679656440357 5.2
    endloop
  endfacet
  facet normal -0.6593458151000655 -0.7518398074789804 2.8601589909968576e-18
    outer loop
      vertex 62.473715712973835 3.919939979126294 5.2
      vertex 62.17867965644035 4.178679656440357 5.2
      vertex 62.17867965644035 4.178679656440357 2.2
    endloop
  endfacet
  facet normal -0.8314696123025467 -0.5555702330196001 0
    outer loop
      vertex 61.91993997912629 4.473715712973838 5.2
      vertex 61.70192378864668 4.8 5.2
      vertex 61.91993997912629 4.473715712973838 2.2
    endloop
  endfacet
  facet normal -0.946930129495104 -0.3214394653031663 0
    outer loop
      vertex 61.52836140246614 5.15194970290473 5.2
      vertex 61.40222252113279 5.523542864692438 5.2
      vertex 61.52836140246614 5.15194970290473 2.2
    endloop
  endfacet
  facet normal -0.9807852804032315 -0.19509032201612275 1.9071440476008694e-19
    outer loop
      vertex 61.32566541587857 5.9084214233398455 5.2
      vertex 61.40222252113279 5.523542864692438 2.2
      vertex 61.40222252113279 5.523542864692438 5.2
    endloop
  endfacet
  facet normal -0.8968727415326903 -0.44228869021899736 0
    outer loop
      vertex 61.70192378864668 4.8 5.2
      vertex 61.52836140246614 5.15194970290473 5.2
      vertex 61.70192378864668 4.8 2.2
    endloop
  endfacet
  facet normal 0 0 1
    outer loop
      vertex 61.91993997912629 4.473715712973838 5.2
      vertex 61.70192378864668 7.8 5.2
      vertex 61.70192378864668 4.8 5.2
    endloop
  endfacet
  facet normal 0 0 1
    outer loop
      vertex 62.473715712973835 3.919939979126294 5.2
      vertex 62.17867965644035 8.421320343559643 5.2
      vertex 62.17867965644035 4.178679656440357 5.2
    endloop
  endfacet
  facet normal 0 0 1
    outer loop
      vertex 61.91993997912629 4.473715712973838 5.2
      vertex 62.17867965644035 4.178679656440357 5.2
      vertex 61.91993997912629 8.126284287026161 5.2
    endloop
  endfacet
  facet normal -0.9978589232386031 -0.06540312923014815 0
    outer loop
      vertex 61.32566541587857 5.9084214233398455 5.2
      vertex 61.3 6.3 5.2
      vertex 61.32566541587857 5.9084214233398455 2.2
    endloop
  endfacet
  facet normal -0.9978589232386031 0.06540312923014815 0
    outer loop
      vertex 61.3 6.3 5.2
      vertex 61.32566541587857 6.691578576660154 5.2
      vertex 61.3 6.3 2.2
    endloop
  endfacet
  facet normal -0.9807852804032315 0.19509032201612275 0
    outer loop
      vertex 61.32566541587857 6.691578576660154 5.2
      vertex 61.40222252113279 7.076457135307562 5.2
      vertex 61.32566541587857 6.691578576660154 2.2
    endloop
  endfacet
  facet normal -0.946930129495104 0.3214394653031663 0
    outer loop
      vertex 61.40222252113279 7.076457135307562 5.2
      vertex 61.52836140246614 7.44805029709527 5.2
      vertex 61.40222252113279 7.076457135307562 2.2
    endloop
  endfacet
  facet normal -0.8968727415326903 0.44228869021899736 0
    outer loop
      vertex 61.52836140246614 7.44805029709527 5.2
      vertex 61.70192378864668 7.8 5.2
      vertex 61.52836140246614 7.44805029709527 2.2
    endloop
  endfacet
  facet normal 0 0 1
    outer loop
      vertex 61.52836140246614 5.15194970290473 5.2
      vertex 61.40222252113279 7.076457135307562 5.2
      vertex 61.40222252113279 5.523542864692438 5.2
    endloop
  endfacet
  facet normal 0 0 1
    outer loop
      vertex 61.32566541587857 5.9084214233398455 5.2
      vertex 61.40222252113279 5.523542864692438 5.2
      vertex 61.32566541587857 6.691578576660154 5.2
    endloop
  endfacet
  facet normal 0 0 1
    outer loop
      vertex 61.32566541587857 5.9084214233398455 5.2
      vertex 61.32566541587857 6.691578576660154 5.2
      vertex 61.3 6.3 5.2
    endloop
  endfacet
  facet normal 0 0 1
    outer loop
      vertex 61.32566541587857 6.691578576660154 5.2
      vertex 61.40222252113279 5.523542864692438 5.2
      vertex 61.40222252113279 7.076457135307562 5.2
    endloop
  endfacet
  facet normal 0 0 1
    outer loop
      vertex 61.52836140246614 5.15194970290473 5.2
      vertex 61.52836140246614 7.44805029709527 5.2
      vertex 61.40222252113279 7.076457135307562 5.2
    endloop
  endfacet
  facet normal 0 0 1
    outer loop
      vertex 61.70192378864668 4.8 5.2
      vertex 61.52836140246614 7.44805029709527 5.2
      vertex 61.52836140246614 5.15194970290473 5.2
    endloop
  endfacet
  facet normal 0 0 1
    outer loop
      vertex 61.70192378864668 4.8 5.2
      vertex 61.70192378864668 7.8 5.2
      vertex 61.52836140246614 7.44805029709527 5.2
    endloop
  endfacet
  facet normal 0 0 1
    outer loop
      vertex 61.91993997912629 4.473715712973838 5.2
      vertex 61.91993997912629 8.126284287026161 5.2
      vertex 61.70192378864668 7.8 5.2
    endloop
  endfacet
  facet normal 0 0 1
    outer loop
      vertex 62.17867965644035 4.178679656440357 5.2
      vertex 62.17867965644035 8.421320343559643 5.2
      vertex 61.91993997912629 8.126284287026161 5.2
    endloop
  endfacet
  facet normal -0.5555702330196016 -0.8314696123025456 0
    outer loop
      vertex 62.473715712973835 3.919939979126294 5.2
      vertex 62.473715712973835 3.919939979126294 2.2
      vertex 62.8 3.701923788646684 5.2
    endloop
  endfacet
  facet normal -0.4422886902189983 -0.8968727415326898 0
    outer loop
      vertex 62.8 3.701923788646684 5.2
      vertex 62.8 3.701923788646684 2.2
      vertex 63.15194970290473 3.52836140246614 5.2
    endloop
  endfacet
  facet normal -0.32143946530316225 -0.9469301294951055 0
    outer loop
      vertex 63.15194970290473 3.52836140246614 5.2
      vertex 63.15194970290473 3.52836140246614 2.2
      vertex 63.52354286469244 3.4022225211327948 5.2
    endloop
  endfacet
  facet normal -0.19509032201612708 -0.9807852804032305 0
    outer loop
      vertex 63.52354286469244 3.4022225211327948 5.2
      vertex 63.52354286469244 3.4022225211327948 2.2
      vertex 63.908421423339846 3.325665415878569 5.2
    endloop
  endfacet
  facet normal -0.0654031292301441 -0.9978589232386035 0
    outer loop
      vertex 63.908421423339846 3.325665415878569 5.2
      vertex 63.908421423339846 3.325665415878569 2.2
      vertex 64.3 3.3 5.2
    endloop
  endfacet
  facet normal 0.0654031292301441 -0.9978589232386035 0
    outer loop
      vertex 64.3 3.3 5.2
      vertex 64.3 3.3 2.2
      vertex 64.69157857666015 3.325665415878569 5.2
    endloop
  endfacet
  facet normal 0.19509032201612367 -0.9807852804032314 0
    outer loop
      vertex 64.69157857666015 3.325665415878569 5.2
      vertex 64.69157857666015 3.325665415878569 2.2
      vertex 65.07645713530756 3.4022225211327948 5.2
    endloop
  endfacet
  facet normal 0.3214394653031678 -0.9469301294951036 0
    outer loop
      vertex 65.07645713530756 3.4022225211327948 5.2
      vertex 65.07645713530756 3.4022225211327948 2.2
      vertex 65.44805029709526 3.52836140246614 5.2
    endloop
  endfacet
  facet normal 0.4422886902189983 -0.8968727415326898 0
    outer loop
      vertex 65.44805029709526 3.52836140246614 5.2
      vertex 65.44805029709526 3.52836140246614 2.2
      vertex 65.8 3.701923788646684 5.2
    endloop
  endfacet
  facet normal 0.55557023301961 -0.83146961230254 0
    outer loop
      vertex 65.8 3.701923788646684 5.2
      vertex 65.8 3.701923788646684 2.2
      vertex 66.12628428702615 3.919939979126294 5.2
    endloop
  endfacet
  facet normal 0 0 1
    outer loop
      vertex 63.15194970290473 3.52836140246614 5.2
      vertex 63.52354286469244 3.4022225211327948 5.2
      vertex 63.329926490863144 5.898182396016655 5.2
    endloop
  endfacet
  facet normal 0 0 1
    outer loop
      vertex 63.52354286469244 3.4022225211327948 5.2
      vertex 63.908421423339846 3.325665415878569 5.2
      vertex 63.66080049954084 5.4669789926942025 5.2
    endloop
  endfacet
  facet normal 0 0 1
    outer loop
      vertex 63.52354286469244 3.4022225211327948 5.2
      vertex 63.66080049954084 5.4669789926942025 5.2
      vertex 63.55753787975412 5.557537879754125 5.2
    endloop
  endfacet
  facet normal 0 0 1
    outer loop
      vertex 62.473715712973835 3.919939979126294 5.2
      vertex 62.8 3.701923788646684 5.2
      vertex 62.473715712973835 8.680060020873706 5.2
    endloop
  endfacet
  facet normal 0 0 1
    outer loop
      vertex 62.8 3.701923788646684 5.2
      vertex 63.15194970290473 3.52836140246614 5.2
      vertex 62.8 8.898076211353317 5.2
    endloop
  endfacet
  facet normal 0 0 1
    outer loop
      vertex 63.15194970290473 3.52836140246614 5.2
      vertex 63.329926490863144 5.898182396016655 5.2
      vertex 63.285777882396474 6.028240002642353 5.2
    endloop
  endfacet
  facet normal 0 0 1
    outer loop
      vertex 63.15194970290473 3.52836140246614 5.2
      vertex 63.285777882396474 6.028240002642353 5.2
      vertex 63.258982895557494 6.162947498168946 5.2
    endloop
  endfacet
  facet normal 0 0 1
    outer loop
      vertex 63.52354286469244 3.4022225211327948 5.2
      vertex 63.55753787975412 5.557537879754125 5.2
      vertex 63.4669789926942 5.660800499540843 5.2
    endloop
  endfacet
  facet normal 0 0 1
    outer loop
      vertex 63.52354286469244 3.4022225211327948 5.2
      vertex 63.39067332602634 5.7749999999999995 5.2
      vertex 63.329926490863144 5.898182396016655 5.2
    endloop
  endfacet
  facet normal 0 0 1
    outer loop
      vertex 63.52354286469244 3.4022225211327948 5.2
      vertex 63.4669789926942 5.660800499540843 5.2
      vertex 63.39067332602634 5.7749999999999995 5.2
    endloop
  endfacet
  facet normal 0 0 1
    outer loop
      vertex 63.15194970290473 3.52836140246614 5.2
      vertex 63.258982895557494 6.162947498168946 5.2
      vertex 63.25 6.3 5.2
    endloop
  endfacet
  facet normal 0 0 1
    outer loop
      vertex 63.908421423339846 3.325665415878569 5.2
      vertex 64.3 3.3 5.2
      vertex 64.16294749816895 5.258982895557499 5.2
    endloop
  endfacet
  facet normal 0 0 1
    outer loop
      vertex 63.908421423339846 3.325665415878569 5.2
      vertex 63.89818239601665 5.329926490863149 5.2
      vertex 63.775 5.39067332602634 5.2
    endloop
  endfacet
  facet normal 0 0 1
    outer loop
      vertex 63.908421423339846 3.325665415878569 5.2
      vertex 63.775 5.39067332602634 5.2
      vertex 63.66080049954084 5.4669789926942025 5.2
    endloop
  endfacet
  facet normal 0 0 1
    outer loop
      vertex 63.908421423339846 3.325665415878569 5.2
      vertex 64.02824000264235 5.285777882396478 5.2
      vertex 63.89818239601665 5.329926490863149 5.2
    endloop
  endfacet
  facet normal 0 0 1
    outer loop
      vertex 63.908421423339846 3.325665415878569 5.2
      vertex 64.16294749816895 5.258982895557499 5.2
      vertex 64.02824000264235 5.285777882396478 5.2
    endloop
  endfacet
  facet normal 0 0 1
    outer loop
      vertex 64.3 3.3 5.2
      vertex 64.3 5.25 5.2
      vertex 64.16294749816895 5.258982895557499 5.2
    endloop
  endfacet
  facet normal 0 0 1
    outer loop
      vertex 64.3 3.3 5.2
      vertex 64.43705250183105 5.258982895557499 5.2
      vertex 64.3 5.25 5.2
    endloop
  endfacet
  facet normal 0 0 1
    outer loop
      vertex 64.3 3.3 5.2
      vertex 64.69157857666015 3.325665415878569 5.2
      vertex 64.43705250183105 5.258982895557499 5.2
    endloop
  endfacet
  facet normal 0 0 1
    outer loop
      vertex 64.69157857666015 3.325665415878569 5.2
      vertex 65.07645713530756 3.4022225211327948 5.2
      vertex 64.57175999735765 5.285777882396478 5.2
    endloop
  endfacet
  facet normal 0 0 1
    outer loop
      vertex 64.69157857666015 3.325665415878569 5.2
      vertex 64.57175999735765 5.285777882396478 5.2
      vertex 64.43705250183105 5.258982895557499 5.2
    endloop
  endfacet
  facet normal 0 0 1
    outer loop
      vertex 65.07645713530756 3.4022225211327948 5.2
      vertex 64.70181760398334 5.329926490863149 5.2
      vertex 64.57175999735765 5.285777882396478 5.2
    endloop
  endfacet
  facet normal 0 0 1
    outer loop
      vertex 65.07645713530756 3.4022225211327948 5.2
      vertex 64.825 5.39067332602634 5.2
      vertex 64.70181760398334 5.329926490863149 5.2
    endloop
  endfacet
  facet normal 0 0 1
    outer loop
      vertex 65.07645713530756 3.4022225211327948 5.2
      vertex 64.93919950045915 5.4669789926942025 5.2
      vertex 64.825 5.39067332602634 5.2
    endloop
  endfacet
  facet normal 0 0 1
    outer loop
      vertex 65.07645713530756 3.4022225211327948 5.2
      vertex 65.04246212024587 5.557537879754125 5.2
      vertex 64.93919950045915 5.4669789926942025 5.2
    endloop
  endfacet
  facet normal 0 0 1
    outer loop
      vertex 63.15194970290473 3.52836140246614 5.2
      vertex 63.25 6.3 5.2
      vertex 63.15194970290473 9.071638597533859 5.2
    endloop
  endfacet
  facet normal 0 0 1
    outer loop
      vertex 62.473715712973835 3.919939979126294 5.2
      vertex 62.473715712973835 8.680060020873706 5.2
      vertex 62.17867965644035 8.421320343559643 5.2
    endloop
  endfacet
  facet normal 0 0 1
    outer loop
      vertex 62.8 3.701923788646684 5.2
      vertex 62.8 8.898076211353317 5.2
      vertex 62.473715712973835 8.680060020873706 5.2
    endloop
  endfacet
  facet normal 0 0 1
    outer loop
      vertex 63.15194970290473 3.52836140246614 5.2
      vertex 63.15194970290473 9.071638597533859 5.2
      vertex 62.8 8.898076211353317 5.2
    endloop
  endfacet
  facet normal 0 0 1
    outer loop
      vertex 63.25 6.3 5.2
      vertex 63.258982895557494 6.437052501831054 5.2
      vertex 63.15194970290473 9.071638597533859 5.2
    endloop
  endfacet
  facet normal 0 0 1
    outer loop
      vertex 63.258982895557494 6.437052501831054 5.2
      vertex 63.285777882396474 6.571759997357646 5.2
      vertex 63.15194970290473 9.071638597533859 5.2
    endloop
  endfacet
  facet normal 0 0 1
    outer loop
      vertex 63.285777882396474 6.571759997357646 5.2
      vertex 63.329926490863144 6.701817603983344 5.2
      vertex 63.15194970290473 9.071638597533859 5.2
    endloop
  endfacet
  facet normal 0 0 1
    outer loop
      vertex 63.329926490863144 6.701817603983344 5.2
      vertex 63.39067332602634 6.825 5.2
      vertex 63.15194970290473 9.071638597533859 5.2
    endloop
  endfacet
  facet normal 0 0 1
    outer loop
      vertex 63.39067332602634 6.825 5.2
      vertex 63.4669789926942 6.939199500459156 5.2
      vertex 63.15194970290473 9.071638597533859 5.2
    endloop
  endfacet
  facet normal 0 0 1
    outer loop
      vertex 63.4669789926942 6.939199500459156 5.2
      vertex 63.55753787975412 7.042462120245875 5.2
      vertex 63.15194970290473 9.071638597533859 5.2
    endloop
  endfacet
  facet normal 0.6593458151000565 -0.7518398074789884 0
    outer loop
      vertex 66.12628428702615 3.919939979126294 5.2
      vertex 66.12628428702615 3.919939979126294 2.2
      vertex 66.42132034355964 4.178679656440357 5.2
    endloop
  endfacet
  facet normal 0.7518398074789887 -0.6593458151000561 3.0210652740117647e-18
    outer loop
      vertex 66.42132034355964 4.178679656440357 5.2
      vertex 66.6800600208737 4.473715712973838 2.2
      vertex 66.6800600208737 4.473715712973838 5.2
    endloop
  endfacet
  facet normal 0.8314696123025384 -0.5555702330196126 3.484029985834894e-18
    outer loop
      vertex 66.6800600208737 4.473715712973838 5.2
      vertex 66.89807621135331 4.8 2.2
      vertex 66.89807621135331 4.8 5.2
    endloop
  endfacet
  facet normal 0.8968727415326831 -0.44228869021901196 2.3813406112840194e-18
    outer loop
      vertex 66.89807621135331 4.8 5.2
      vertex 67.07163859753386 5.15194970290473 2.2
      vertex 67.07163859753386 5.15194970290473 5.2
    endloop
  endfacet
  facet normal 0.946930129495104 -0.3214394653031663 -1.5701490179440123e-18
    outer loop
      vertex 67.07163859753386 5.15194970290473 5.2
      vertex 67.19777747886721 5.523542864692438 2.2
      vertex 67.19777747886721 5.523542864692438 5.2
    endloop
  endfacet
  facet normal 0 0 1
    outer loop
      vertex 65.07645713530756 3.4022225211327948 5.2
      vertex 65.44805029709526 3.52836140246614 5.2
      vertex 65.04246212024587 5.557537879754125 5.2
    endloop
  endfacet
  facet normal 0 0 1
    outer loop
      vertex 65.44805029709526 3.52836140246614 5.2
      vertex 65.1330210073058 5.660800499540843 5.2
      vertex 65.04246212024587 5.557537879754125 5.2
    endloop
  endfacet
  facet normal 0 0 1
    outer loop
      vertex 65.44805029709526 3.52836140246614 5.2
      vertex 65.20932667397366 5.7749999999999995 5.2
      vertex 65.1330210073058 5.660800499540843 5.2
    endloop
  endfacet
  facet normal 0 0 1
    outer loop
      vertex 65.44805029709526 3.52836140246614 5.2
      vertex 65.27007350913685 5.898182396016655 5.2
      vertex 65.20932667397366 5.7749999999999995 5.2
    endloop
  endfacet
  facet normal 0 0 1
    outer loop
      vertex 65.44805029709526 3.52836140246614 5.2
      vertex 65.31422211760352 6.028240002642353 5.2
      vertex 65.27007350913685 5.898182396016655 5.2
    endloop
  endfacet
  facet normal 0 0 1
    outer loop
      vertex 65.44805029709526 3.52836140246614 5.2
      vertex 65.3410171044425 6.162947498168946 5.2
      vertex 65.31422211760352 6.028240002642353 5.2
    endloop
  endfacet
  facet normal 0 0 1
    outer loop
      vertex 65.44805029709526 3.52836140246614 5.2
      vertex 65.35 6.3 5.2
      vertex 65.3410171044425 6.162947498168946 5.2
    endloop
  endfacet
  facet normal 0 0 1
    outer loop
      vertex 65.44805029709526 3.52836140246614 5.2
      vertex 65.8 3.701923788646684 5.2
      vertex 65.44805029709526 9.071638597533859 5.2
    endloop
  endfacet
  facet normal 0 0 1
    outer loop
      vertex 65.8 3.701923788646684 5.2
      vertex 66.12628428702615 3.919939979126294 5.2
      vertex 65.8 8.898076211353317 5.2
    endloop
  endfacet
  facet normal 0 0 1
    outer loop
      vertex 66.12628428702615 3.919939979126294 5.2
      vertex 66.42132034355964 4.178679656440357 5.2
      vertex 66.12628428702615 8.680060020873706 5.2
    endloop
  endfacet
  facet normal 0 0 1
    outer loop
      vertex 66.42132034355964 4.178679656440357 5.2
      vertex 66.6800600208737 4.473715712973838 5.2
      vertex 66.42132034355964 8.421320343559643 5.2
    endloop
  endfacet
  facet normal 0.9807852804032315 -0.19509032201612275 -1.9071440476008694e-19
    outer loop
      vertex 67.19777747886721 5.523542864692438 5.2
      vertex 67.27433458412143 5.9084214233398455 2.2
      vertex 67.27433458412143 5.9084214233398455 5.2
    endloop
  endfacet
  facet normal 0.9978589232386043 -0.06540312923013013 3.072665883356586e-19
    outer loop
      vertex 67.27433458412143 5.9084214233398455 5.2
      vertex 67.3 6.3 2.2
      vertex 67.3 6.3 5.2
    endloop
  endfacet
  facet normal 0.9978589232386043 0.06540312923013013 -3.072665883356586e-19
    outer loop
      vertex 67.3 6.3 5.2
      vertex 67.27433458412143 6.691578576660154 2.2
      vertex 67.27433458412143 6.691578576660154 5.2
    endloop
  endfacet
  facet normal 0.9807852804032315 0.19509032201612275 1.9071440476008694e-19
    outer loop
      vertex 67.27433458412143 6.691578576660154 5.2
      vertex 67.19777747886721 7.076457135307562 2.2
      vertex 67.19777747886721 7.076457135307562 5.2
    endloop
  endfacet
  facet normal 0.946930129495104 0.3214394653031663 1.5701490179440123e-18
    outer loop
      vertex 67.19777747886721 7.076457135307562 5.2
      vertex 67.07163859753386 7.44805029709527 2.2
      vertex 67.07163859753386 7.44805029709527 5.2
    endloop
  endfacet
  facet normal 0.8968727415326831 0.44228869021901196 -2.3813406112840194e-18
    outer loop
      vertex 67.07163859753386 7.44805029709527 5.2
      vertex 66.89807621135331 7.8 2.2
      vertex 66.89807621135331 7.8 5.2
    endloop
  endfacet
  facet normal 0 0 1
    outer loop
      vertex 65.44805029709526 3.52836140246614 5.2
      vertex 65.44805029709526 9.071638597533859 5.2
      vertex 65.35 6.3 5.2
    endloop
  endfacet
  facet normal 0 0 1
    outer loop
      vertex 65.35 6.3 5.2
      vertex 65.44805029709526 9.071638597533859 5.2
      vertex 65.3410171044425 6.437052501831054 5.2
    endloop
  endfacet
  facet normal 0 0 1
    outer loop
      vertex 65.3410171044425 6.437052501831054 5.2
      vertex 65.44805029709526 9.071638597533859 5.2
      vertex 65.31422211760352 6.571759997357646 5.2
    endloop
  endfacet
  facet normal 0 0 1
    outer loop
      vertex 65.31422211760352 6.571759997357646 5.2
      vertex 65.44805029709526 9.071638597533859 5.2
      vertex 65.27007350913685 6.701817603983344 5.2
    endloop
  endfacet
  facet normal 0 0 1
    outer loop
      vertex 65.20932667397366 6.825 5.2
      vertex 65.27007350913685 6.701817603983344 5.2
      vertex 65.07645713530756 9.197777478867206 5.2
    endloop
  endfacet
  facet normal 0 0 1
    outer loop
      vertex 65.20932667397366 6.825 5.2
      vertex 65.07645713530756 9.197777478867206 5.2
      vertex 65.1330210073058 6.939199500459156 5.2
    endloop
  endfacet
  facet normal 0 0 1
    outer loop
      vertex 65.8 3.701923788646684 5.2
      vertex 65.8 8.898076211353317 5.2
      vertex 65.44805029709526 9.071638597533859 5.2
    endloop
  endfacet
  facet normal 0 0 1
    outer loop
      vertex 66.12628428702615 3.919939979126294 5.2
      vertex 66.12628428702615 8.680060020873706 5.2
      vertex 65.8 8.898076211353317 5.2
    endloop
  endfacet
  facet normal 0 0 1
    outer loop
      vertex 66.42132034355964 4.178679656440357 5.2
      vertex 66.42132034355964 8.421320343559643 5.2
      vertex 66.12628428702615 8.680060020873706 5.2
    endloop
  endfacet
  facet normal 0 0 1
    outer loop
      vertex 66.6800600208737 4.473715712973838 5.2
      vertex 66.89807621135331 4.8 5.2
      vertex 66.6800600208737 8.126284287026161 5.2
    endloop
  endfacet
  facet normal 0 0 1
    outer loop
      vertex 66.89807621135331 4.8 5.2
      vertex 67.07163859753386 5.15194970290473 5.2
      vertex 66.89807621135331 7.8 5.2
    endloop
  endfacet
  facet normal 0 0 1
    outer loop
      vertex 67.07163859753386 5.15194970290473 5.2
      vertex 67.19777747886721 5.523542864692438 5.2
      vertex 67.07163859753386 7.44805029709527 5.2
    endloop
  endfacet
  facet normal 0 0 1
    outer loop
      vertex 67.19777747886721 5.523542864692438 5.2
      vertex 67.27433458412143 5.9084214233398455 5.2
      vertex 67.19777747886721 7.076457135307562 5.2
    endloop
  endfacet
  facet normal 0 0 1
    outer loop
      vertex 67.19777747886721 5.523542864692438 5.2
      vertex 67.19777747886721 7.076457135307562 5.2
      vertex 67.07163859753386 7.44805029709527 5.2
    endloop
  endfacet
  facet normal 0 0 1
    outer loop
      vertex 67.27433458412143 5.9084214233398455 5.2
      vertex 67.3 6.3 5.2
      vertex 67.27433458412143 6.691578576660154 5.2
    endloop
  endfacet
  facet normal 0 0 1
    outer loop
      vertex 67.27433458412143 5.9084214233398455 5.2
      vertex 67.27433458412143 6.691578576660154 5.2
      vertex 67.19777747886721 7.076457135307562 5.2
    endloop
  endfacet
  facet normal 0 0 1
    outer loop
      vertex 66.6800600208737 8.126284287026161 5.2
      vertex 66.89807621135331 4.8 5.2
      vertex 66.89807621135331 7.8 5.2
    endloop
  endfacet
  facet normal 0 0 1
    outer loop
      vertex 66.6800600208737 4.473715712973838 5.2
      vertex 66.6800600208737 8.126284287026161 5.2
      vertex 66.42132034355964 8.421320343559643 5.2
    endloop
  endfacet
  facet normal 0 0 1
    outer loop
      vertex 67.07163859753386 5.15194970290473 5.2
      vertex 67.07163859753386 7.44805029709527 5.2
      vertex 66.89807621135331 7.8 5.2
    endloop
  endfacet
  facet normal -0.831469612302546 0.5555702330196012 0
    outer loop
      vertex 61.91993997912629 8.126284287026161 5.2
      vertex 61.91993997912629 8.126284287026161 2.2
      vertex 61.70192378864668 7.8 2.2
    endloop
  endfacet
  facet normal -0.7518398074789807 0.6593458151000652 0
    outer loop
      vertex 62.17867965644035 8.421320343559643 5.2
      vertex 62.17867965644035 8.421320343559643 2.2
      vertex 61.91993997912629 8.126284287026161 2.2
    endloop
  endfacet
  facet normal -0.6593458151000655 0.7518398074789804 0
    outer loop
      vertex 62.17867965644035 8.421320343559643 5.2
      vertex 62.473715712973835 8.680060020873706 2.2
      vertex 62.17867965644035 8.421320343559643 2.2
    endloop
  endfacet
  facet normal -0.5555702330196033 0.8314696123025447 0
    outer loop
      vertex 62.473715712973835 8.680060020873706 5.2
      vertex 62.8 8.898076211353317 2.2
      vertex 62.473715712973835 8.680060020873706 2.2
    endloop
  endfacet
  facet normal -0.4422886902189947 0.8968727415326916 0
    outer loop
      vertex 62.8 8.898076211353317 5.2
      vertex 63.15194970290473 9.071638597533859 2.2
      vertex 62.8 8.898076211353317 2.2
    endloop
  endfacet
  facet normal -0.3214394653031663 0.946930129495104 0
    outer loop
      vertex 63.15194970290473 9.071638597533859 5.2
      vertex 63.52354286469244 9.197777478867206 2.2
      vertex 63.15194970290473 9.071638597533859 2.2
    endloop
  endfacet
  facet normal -0.19509032201612275 0.9807852804032315 0
    outer loop
      vertex 63.52354286469244 9.197777478867206 5.2
      vertex 63.908421423339846 9.27433458412143 2.2
      vertex 63.52354286469244 9.197777478867206 2.2
    endloop
  endfacet
  facet normal -0.0654031292301486 0.9978589232386031 0
    outer loop
      vertex 63.908421423339846 9.27433458412143 5.2
      vertex 64.3 9.3 2.2
      vertex 63.908421423339846 9.27433458412143 2.2
    endloop
  endfacet
  facet normal 0.0654031292301486 0.9978589232386031 0
    outer loop
      vertex 64.3 9.3 5.2
      vertex 64.69157857666015 9.27433458412143 2.2
      vertex 64.3 9.3 2.2
    endloop
  endfacet
  facet normal 0.19509032201611928 0.9807852804032322 0
    outer loop
      vertex 64.69157857666015 9.27433458412143 5.2
      vertex 65.07645713530756 9.197777478867206 2.2
      vertex 64.69157857666015 9.27433458412143 2.2
    endloop
  endfacet
  facet normal 0.6593458151000565 0.7518398074789884 0
    outer loop
      vertex 66.12628428702615 8.680060020873706 5.2
      vertex 66.42132034355964 8.421320343559643 2.2
      vertex 66.12628428702615 8.680060020873706 2.2
    endloop
  endfacet
  facet normal 0.4422886902189947 0.8968727415326916 0
    outer loop
      vertex 65.44805029709526 9.071638597533859 5.2
      vertex 65.8 8.898076211353317 2.2
      vertex 65.44805029709526 9.071638597533859 2.2
    endloop
  endfacet
  facet normal 0.3214394653031718 0.9469301294951021 0
    outer loop
      vertex 65.07645713530756 9.197777478867206 5.2
      vertex 65.44805029709526 9.071638597533859 2.2
      vertex 65.07645713530756 9.197777478867206 2.2
    endloop
  endfacet
  facet normal 0.5555702330196115 0.8314696123025389 0
    outer loop
      vertex 65.8 8.898076211353317 5.2
      vertex 66.12628428702615 8.680060020873706 2.2
      vertex 65.8 8.898076211353317 2.2
    endloop
  endfacet
  facet normal 0.8314696123025375 0.5555702330196136 0
    outer loop
      vertex 66.89807621135331 7.8 5.2
      vertex 66.89807621135331 7.8 2.2
      vertex 66.6800600208737 8.126284287026161 2.2
    endloop
  endfacet
  facet normal 0.7518398074789897 0.659345815100055 0
    outer loop
      vertex 66.6800600208737 8.126284287026161 5.2
      vertex 66.6800600208737 8.126284287026161 2.2
      vertex 66.42132034355964 8.421320343559643 2.2
    endloop
  endfacet
  facet normal -0.831469612302546 0.5555702330196012 0
    outer loop
      vertex 61.70192378864668 7.8 5.2
      vertex 61.91993997912629 8.126284287026161 5.2
      vertex 61.70192378864668 7.8 2.2
    endloop
  endfacet
  facet normal -0.7518398074789807 0.6593458151000652 0
    outer loop
      vertex 61.91993997912629 8.126284287026161 5.2
      vertex 62.17867965644035 8.421320343559643 5.2
      vertex 61.91993997912629 8.126284287026161 2.2
    endloop
  endfacet
  facet normal -0.6593458151000655 0.7518398074789804 -2.8601589909968576e-18
    outer loop
      vertex 62.17867965644035 8.421320343559643 5.2
      vertex 62.473715712973835 8.680060020873706 5.2
      vertex 62.473715712973835 8.680060020873706 2.2
    endloop
  endfacet
  facet normal -0.5555702330196033 0.8314696123025447 2.8114331682795536e-20
    outer loop
      vertex 62.473715712973835 8.680060020873706 5.2
      vertex 62.8 8.898076211353317 5.2
      vertex 62.8 8.898076211353317 2.2
    endloop
  endfacet
  facet normal -0.4422886902189947 0.8968727415326916 -2.0306433611153428e-18
    outer loop
      vertex 62.8 8.898076211353317 5.2
      vertex 63.15194970290473 9.071638597533859 5.2
      vertex 63.15194970290473 9.071638597533859 2.2
    endloop
  endfacet
  facet normal -0.3214394653031663 0.946930129495104 -1.5701490179440123e-18
    outer loop
      vertex 63.15194970290473 9.071638597533859 5.2
      vertex 63.52354286469244 9.197777478867206 5.2
      vertex 63.52354286469244 9.197777478867206 2.2
    endloop
  endfacet
  facet normal -0.19509032201612275 0.9807852804032315 -1.9071440476008694e-19
    outer loop
      vertex 63.52354286469244 9.197777478867206 5.2
      vertex 63.908421423339846 9.27433458412143 5.2
      vertex 63.908421423339846 9.27433458412143 2.2
    endloop
  endfacet
  facet normal -0.0654031292301486 0.9978589232386031 -4.534124415595705e-19
    outer loop
      vertex 63.908421423339846 9.27433458412143 5.2
      vertex 64.3 9.3 5.2
      vertex 64.3 9.3 2.2
    endloop
  endfacet
  facet normal 0.0654031292301486 0.9978589232386031 4.534124415595705e-19
    outer loop
      vertex 64.3 9.3 5.2
      vertex 64.69157857666015 9.27433458412143 5.2
      vertex 64.69157857666015 9.27433458412143 2.2
    endloop
  endfacet
  facet normal 0.19509032201611928 0.9807852804032322 8.126871632437976e-19
    outer loop
      vertex 64.69157857666015 9.27433458412143 5.2
      vertex 65.07645713530756 9.197777478867206 5.2
      vertex 65.07645713530756 9.197777478867206 2.2
    endloop
  endfacet
  facet normal 0 0 1
    outer loop
      vertex 63.55753787975412 7.042462120245875 5.2
      vertex 63.66080049954084 7.133021007305797 5.2
      vertex 63.52354286469244 9.197777478867206 5.2
    endloop
  endfacet
  facet normal 0 0 1
    outer loop
      vertex 63.66080049954084 7.133021007305797 5.2
      vertex 63.775 7.20932667397366 5.2
      vertex 63.52354286469244 9.197777478867206 5.2
    endloop
  endfacet
  facet normal 0 0 1
    outer loop
      vertex 63.55753787975412 7.042462120245875 5.2
      vertex 63.52354286469244 9.197777478867206 5.2
      vertex 63.15194970290473 9.071638597533859 5.2
    endloop
  endfacet
  facet normal 0 0 1
    outer loop
      vertex 63.775 7.20932667397366 5.2
      vertex 63.89818239601665 7.270073509136851 5.2
      vertex 63.52354286469244 9.197777478867206 5.2
    endloop
  endfacet
  facet normal 0 0 1
    outer loop
      vertex 63.89818239601665 7.270073509136851 5.2
      vertex 64.02824000264235 7.314222117603522 5.2
      vertex 63.52354286469244 9.197777478867206 5.2
    endloop
  endfacet
  facet normal 0 0 1
    outer loop
      vertex 64.02824000264235 7.314222117603522 5.2
      vertex 64.16294749816895 7.341017104442501 5.2
      vertex 63.908421423339846 9.27433458412143 5.2
    endloop
  endfacet
  facet normal 0 0 1
    outer loop
      vertex 64.16294749816895 7.341017104442501 5.2
      vertex 64.3 7.35 5.2
      vertex 64.3 9.3 5.2
    endloop
  endfacet
  facet normal 0 0 1
    outer loop
      vertex 64.3 7.35 5.2
      vertex 64.43705250183105 7.341017104442501 5.2
      vertex 64.3 9.3 5.2
    endloop
  endfacet
  facet normal 0 0 1
    outer loop
      vertex 64.02824000264235 7.314222117603522 5.2
      vertex 63.908421423339846 9.27433458412143 5.2
      vertex 63.52354286469244 9.197777478867206 5.2
    endloop
  endfacet
  facet normal 0 0 1
    outer loop
      vertex 63.908421423339846 9.27433458412143 5.2
      vertex 64.16294749816895 7.341017104442501 5.2
      vertex 64.3 9.3 5.2
    endloop
  endfacet
  facet normal 0 0 1
    outer loop
      vertex 64.70181760398334 7.270073509136851 5.2
      vertex 64.825 7.20932667397366 5.2
      vertex 64.69157857666015 9.27433458412143 5.2
    endloop
  endfacet
  facet normal 0 0 1
    outer loop
      vertex 64.43705250183105 7.341017104442501 5.2
      vertex 64.57175999735765 7.314222117603522 5.2
      vertex 64.69157857666015 9.27433458412143 5.2
    endloop
  endfacet
  facet normal 0 0 1
    outer loop
      vertex 64.70181760398334 7.270073509136851 5.2
      vertex 64.69157857666015 9.27433458412143 5.2
      vertex 64.57175999735765 7.314222117603522 5.2
    endloop
  endfacet
  facet normal 0 0 1
    outer loop
      vertex 64.825 7.20932667397366 5.2
      vertex 64.93919950045915 7.133021007305797 5.2
      vertex 64.69157857666015 9.27433458412143 5.2
    endloop
  endfacet
  facet normal 0 0 1
    outer loop
      vertex 65.04246212024587 7.042462120245875 5.2
      vertex 65.07645713530756 9.197777478867206 5.2
      vertex 64.93919950045915 7.133021007305797 5.2
    endloop
  endfacet
  facet normal 0 0 1
    outer loop
      vertex 65.04246212024587 7.042462120245875 5.2
      vertex 65.1330210073058 6.939199500459156 5.2
      vertex 65.07645713530756 9.197777478867206 5.2
    endloop
  endfacet
  facet normal 0 0 1
    outer loop
      vertex 64.43705250183105 7.341017104442501 5.2
      vertex 64.69157857666015 9.27433458412143 5.2
      vertex 64.3 9.3 5.2
    endloop
  endfacet
  facet normal 0 0 1
    outer loop
      vertex 64.93919950045915 7.133021007305797 5.2
      vertex 65.07645713530756 9.197777478867206 5.2
      vertex 64.69157857666015 9.27433458412143 5.2
    endloop
  endfacet
  facet normal 0.7518398074789897 0.659345815100055 2.1735511289995185e-18
    outer loop
      vertex 66.6800600208737 8.126284287026161 5.2
      vertex 66.42132034355964 8.421320343559643 2.2
      vertex 66.42132034355964 8.421320343559643 5.2
    endloop
  endfacet
  facet normal 0.6593458151000565 0.7518398074789884 0
    outer loop
      vertex 66.42132034355964 8.421320343559643 5.2
      vertex 66.42132034355964 8.421320343559643 2.2
      vertex 66.12628428702615 8.680060020873706 5.2
    endloop
  endfacet
  facet normal 0.3214394653031718 0.9469301294951021 2.549837683449486e-18
    outer loop
      vertex 65.07645713530756 9.197777478867206 5.2
      vertex 65.44805029709526 9.071638597533859 5.2
      vertex 65.44805029709526 9.071638597533859 2.2
    endloop
  endfacet
  facet normal 0.4422886902189947 0.8968727415326916 0
    outer loop
      vertex 65.8 8.898076211353317 5.2
      vertex 65.8 8.898076211353317 2.2
      vertex 65.44805029709526 9.071638597533859 5.2
    endloop
  endfacet
  facet normal 0.5555702330196115 0.8314696123025389 -4.457082030266546e-18
    outer loop
      vertex 65.8 8.898076211353317 5.2
      vertex 66.12628428702615 8.680060020873706 5.2
      vertex 66.12628428702615 8.680060020873706 2.2
    endloop
  endfacet
  facet normal 0.8314696123025375 0.5555702330196136 0
    outer loop
      vertex 66.6800600208737 8.126284287026161 5.2
      vertex 66.89807621135331 7.8 5.2
      vertex 66.6800600208737 8.126284287026161 2.2
    endloop
  endfacet
  facet normal 0 0 1
    outer loop
      vertex 65.27007350913685 6.701817603983344 5.2
      vertex 65.44805029709526 9.071638597533859 5.2
      vertex 65.07645713530756 9.197777478867206 5.2
    endloop
  endfacet
  facet normal 0.946930129495104 0.3214394653031663 0
    outer loop
      vertex 9.197777478867206 7.076457135307562 5.2
      vertex 9.197777478867206 7.076457135307562 2.2
      vertex 9.071638597533859 7.44805029709527 2.2
    endloop
  endfacet
  facet normal 0.8968727415326903 0.44228869021899736 0
    outer loop
      vertex 9.071638597533859 7.44805029709527 5.2
      vertex 9.071638597533859 7.44805029709527 2.2
      vertex 8.898076211353317 7.8 2.2
    endloop
  endfacet
  facet normal 0.9807852804032337 0.19509032201611248 0
    outer loop
      vertex 9.197777478867206 7.076457135307562 5.2
      vertex 9.210359963005347 7.013200715890832 2.2
      vertex 9.197777478867206 7.076457135307562 2.2
    endloop
  endfacet
  facet normal 0 0 1
    outer loop
      vertex 4.885777882396479 5.628240002642354 5.2
      vertex 4.8500000000000005 5.9 5.2
      vertex 4.858982895557499 5.762947498168947 5.2
    endloop
  endfacet
  facet normal 0 0 1
    outer loop
      vertex 4.929926490863149 5.498182396016656 5.2
      vertex 4.858982895557499 6.037052501831054 5.2
      vertex 4.885777882396479 5.628240002642354 5.2
    endloop
  endfacet
  facet normal 0 0 1
    outer loop
      vertex 4.990673326026339 5.375 5.2
      vertex 4.929926490863149 6.301817603983345 5.2
      vertex 4.929926490863149 5.498182396016656 5.2
    endloop
  endfacet
  facet normal 0 0 1
    outer loop
      vertex 5.375 4.990673326026339 5.2
      vertex 5.498182396016656 4.929926490863149 5.2
      vertex 5.329926490863149 5.898182396016655 5.2
    endloop
  endfacet
  facet normal 0 0 1
    outer loop
      vertex 5.498182396016656 4.929926490863149 5.2
      vertex 5.628240002642354 4.885777882396479 5.2
      vertex 5.557537879754125 5.557537879754125 5.2
    endloop
  endfacet
  facet normal 0 0 1
    outer loop
      vertex 5.157537879754125 5.157537879754125 5.2
      vertex 5.260800499540844 5.066978992694203 5.2
      vertex 5.25 6.3 5.2
    endloop
  endfacet
  facet normal 0 0 1
    outer loop
      vertex 5.066978992694203 5.260800499540844 5.2
      vertex 4.929926490863149 6.301817603983345 5.2
      vertex 4.990673326026339 5.375 5.2
    endloop
  endfacet
  facet normal 0 0 1
    outer loop
      vertex 5.066978992694203 5.260800499540844 5.2
      vertex 5.157537879754125 5.157537879754125 5.2
      vertex 4.990673326026339 6.425000000000001 5.2
    endloop
  endfacet
  facet normal 0 0 1
    outer loop
      vertex 5.260800499540844 5.066978992694203 5.2
      vertex 5.329926490863149 5.898182396016655 5.2
      vertex 5.285777882396478 6.028240002642353 5.2
    endloop
  endfacet
  facet normal 0 0 1
    outer loop
      vertex 5.260800499540844 5.066978992694203 5.2
      vertex 5.285777882396478 6.028240002642353 5.2
      vertex 5.258982895557499 6.162947498168946 5.2
    endloop
  endfacet
  facet normal 0 0 1
    outer loop
      vertex 5.375 4.990673326026339 5.2
      vertex 5.329926490863149 5.898182396016655 5.2
      vertex 5.260800499540844 5.066978992694203 5.2
    endloop
  endfacet
  facet normal 0 0 1
    outer loop
      vertex 5.498182396016656 4.929926490863149 5.2
      vertex 5.4669789926942025 5.660800499540843 5.2
      vertex 5.39067332602634 5.7749999999999995 5.2
    endloop
  endfacet
  facet normal 0 0 1
    outer loop
      vertex 5.498182396016656 4.929926490863149 5.2
      vertex 5.39067332602634 5.7749999999999995 5.2
      vertex 5.329926490863149 5.898182396016655 5.2
    endloop
  endfacet
  facet normal 0 0 1
    outer loop
      vertex 5.498182396016656 4.929926490863149 5.2
      vertex 5.557537879754125 5.557537879754125 5.2
      vertex 5.4669789926942025 5.660800499540843 5.2
    endloop
  endfacet
  facet normal 0 0 1
    outer loop
      vertex 5.628240002642354 4.885777882396479 5.2
      vertex 5.660800499540843 5.4669789926942025 5.2
      vertex 5.557537879754125 5.557537879754125 5.2
    endloop
  endfacet
  facet normal 0 0 1
    outer loop
      vertex 4.885777882396479 5.628240002642354 5.2
      vertex 4.858982895557499 6.037052501831054 5.2
      vertex 4.8500000000000005 5.9 5.2
    endloop
  endfacet
  facet normal 0 0 1
    outer loop
      vertex 4.929926490863149 5.498182396016656 5.2
      vertex 4.885777882396479 6.171759997357647 5.2
      vertex 4.858982895557499 6.037052501831054 5.2
    endloop
  endfacet
  facet normal 0 0 1
    outer loop
      vertex 4.929926490863149 5.498182396016656 5.2
      vertex 4.929926490863149 6.301817603983345 5.2
      vertex 4.885777882396479 6.171759997357647 5.2
    endloop
  endfacet
  facet normal 0 0 1
    outer loop
      vertex 5.066978992694203 5.260800499540844 5.2
      vertex 4.990673326026339 6.425000000000001 5.2
      vertex 4.929926490863149 6.301817603983345 5.2
    endloop
  endfacet
  facet normal 0 0 1
    outer loop
      vertex 5.260800499540844 5.066978992694203 5.2
      vertex 5.258982895557499 6.162947498168946 5.2
      vertex 5.25 6.3 5.2
    endloop
  endfacet
  facet normal 0 0 1
    outer loop
      vertex 5.157537879754125 5.157537879754125 5.2
      vertex 5.25 6.3 5.2
      vertex 5.066978992694203 6.539199500459157 5.2
    endloop
  endfacet
  facet normal 0 0 1
    outer loop
      vertex 5.157537879754125 5.157537879754125 5.2
      vertex 5.066978992694203 6.539199500459157 5.2
      vertex 4.990673326026339 6.425000000000001 5.2
    endloop
  endfacet
  facet normal 0 0 1
    outer loop
      vertex 5.066978992694203 6.539199500459157 5.2
      vertex 5.25 6.3 5.2
      vertex 5.157537879754125 6.642462120245876 5.2
    endloop
  endfacet
  facet normal 0 0 1
    outer loop
      vertex 5.25 6.3 5.2
      vertex 5.258982895557499 6.437052501831054 5.2
      vertex 5.157537879754125 6.642462120245876 5.2
    endloop
  endfacet
  facet normal 0 0 1
    outer loop
      vertex 5.258982895557499 6.437052501831054 5.2
      vertex 5.285777882396478 6.571759997357646 5.2
      vertex 5.157537879754125 6.642462120245876 5.2
    endloop
  endfacet
  facet normal 0 0 1
    outer loop
      vertex 5.285777882396478 6.571759997357646 5.2
      vertex 5.260800499540844 6.733021007305798 5.2
      vertex 5.157537879754125 6.642462120245876 5.2
    endloop
  endfacet
  facet normal 0 0 1
    outer loop
      vertex 5.285777882396478 6.571759997357646 5.2
      vertex 5.329926490863149 6.701817603983344 5.2
      vertex 5.260800499540844 6.733021007305798 5.2
    endloop
  endfacet
  facet normal 0 0 1
    outer loop
      vertex 5.329926490863149 6.701817603983344 5.2
      vertex 5.385496851648268 6.814503148351734 5.2
      vertex 5.260800499540844 6.733021007305798 5.2
    endloop
  endfacet
  facet normal 0 0 1
    outer loop
      vertex 5.260800499540844 6.733021007305798 5.2
      vertex 5.385496851648268 6.814503148351734 5.2
      vertex 5.375 6.809326673973661 5.2
    endloop
  endfacet
  facet normal 0 0 1
    outer loop
      vertex 5.762947498168947 4.858982895557499 5.2
      vertex 5.9 4.8500000000000005 5.2
      vertex 5.7749999999999995 5.39067332602634 5.2
    endloop
  endfacet
  facet normal 0 0 1
    outer loop
      vertex 5.9 4.8500000000000005 5.2
      vertex 6.037052501831054 4.858982895557499 5.2
      vertex 5.898182396016655 5.329926490863149 5.2
    endloop
  endfacet
  facet normal 0 0 1
    outer loop
      vertex 5.628240002642354 4.885777882396479 5.2
      vertex 5.762947498168947 4.858982895557499 5.2
      vertex 5.660800499540843 5.4669789926942025 5.2
    endloop
  endfacet
  facet normal 0 0 1
    outer loop
      vertex 5.762947498168947 4.858982895557499 5.2
      vertex 5.7749999999999995 5.39067332602634 5.2
      vertex 5.660800499540843 5.4669789926942025 5.2
    endloop
  endfacet
  facet normal 0 0 1
    outer loop
      vertex 6.037052501831054 4.858982895557499 5.2
      vertex 6.028240002642353 5.285777882396478 5.2
      vertex 5.898182396016655 5.329926490863149 5.2
    endloop
  endfacet
  facet normal 0 0 1
    outer loop
      vertex 5.9 4.8500000000000005 5.2
      vertex 5.898182396016655 5.329926490863149 5.2
      vertex 5.7749999999999995 5.39067332602634 5.2
    endloop
  endfacet
  facet normal 0 0 1
    outer loop
      vertex 6.037052501831054 4.858982895557499 5.2
      vertex 6.171759997357647 4.885777882396479 5.2
      vertex 6.028240002642353 5.285777882396478 5.2
    endloop
  endfacet
  facet normal 0 0 1
    outer loop
      vertex 6.171759997357647 4.885777882396479 5.2
      vertex 6.301817603983345 4.929926490863149 5.2
      vertex 6.162947498168946 5.258982895557499 5.2
    endloop
  endfacet
  facet normal 0 0 1
    outer loop
      vertex 6.171759997357647 4.885777882396479 5.2
      vertex 6.162947498168946 5.258982895557499 5.2
      vertex 6.028240002642353 5.285777882396478 5.2
    endloop
  endfacet
  facet normal 0 0 1
    outer loop
      vertex 6.301817603983345 4.929926490863149 5.2
      vertex 6.3 5.25 5.2
      vertex 6.162947498168946 5.258982895557499 5.2
    endloop
  endfacet
  facet normal 0 0 1
    outer loop
      vertex 6.301817603983345 4.929926490863149 5.2
      vertex 6.425000000000001 4.990673326026339 5.2
      vertex 6.3 5.25 5.2
    endloop
  endfacet
  facet normal 0 0 1
    outer loop
      vertex 6.3 5.25 5.2
      vertex 6.425000000000001 4.990673326026339 5.2
      vertex 6.437052501831054 5.258982895557499 5.2
    endloop
  endfacet
  facet normal 0 0 1
    outer loop
      vertex 6.425000000000001 4.990673326026339 5.2
      vertex 6.539199500459157 5.066978992694203 5.2
      vertex 6.437052501831054 5.258982895557499 5.2
    endloop
  endfacet
  facet normal 0 0 1
    outer loop
      vertex 6.539199500459157 5.066978992694203 5.2
      vertex 6.642462120245876 5.157537879754125 5.2
      vertex 6.437052501831054 5.258982895557499 5.2
    endloop
  endfacet
  facet normal 0 0 1
    outer loop
      vertex 6.437052501831054 5.258982895557499 5.2
      vertex 6.642462120245876 5.157537879754125 5.2
      vertex 6.571759997357646 5.285777882396478 5.2
    endloop
  endfacet
  facet normal 0 0 1
    outer loop
      vertex 6.642462120245876 5.157537879754125 5.2
      vertex 6.733021007305798 5.260800499540844 5.2
      vertex 6.571759997357646 5.285777882396478 5.2
    endloop
  endfacet
  facet normal 0 0 1
    outer loop
      vertex 6.733021007305798 5.260800499540844 5.2
      vertex 6.701817603983344 5.329926490863149 5.2
      vertex 6.571759997357646 5.285777882396478 5.2
    endloop
  endfacet
  facet normal 0 0 1
    outer loop
      vertex 6.733021007305798 5.260800499540844 5.2
      vertex 6.809326673973661 5.375 5.2
      vertex 6.701817603983344 5.329926490863149 5.2
    endloop
  endfacet
  facet normal 0 0 1
    outer loop
      vertex 6.701817603983344 5.329926490863149 5.2
      vertex 6.809326673973661 5.375 5.2
      vertex 6.814503148351734 5.385496851648267 5.2
    endloop
  endfacet
  facet normal 0.946930129495104 0.3214394653031663 0
    outer loop
      vertex 9.071638597533859 7.44805029709527 5.2
      vertex 9.197777478867206 7.076457135307562 5.2
      vertex 9.071638597533859 7.44805029709527 2.2
    endloop
  endfacet
  facet normal 0.8968727415326903 0.44228869021899736 -4.43456416092534e-20
    outer loop
      vertex 9.071638597533859 7.44805029709527 5.2
      vertex 8.898076211353317 7.8 2.2
      vertex 8.898076211353317 7.8 5.2
    endloop
  endfacet
  facet normal 0.9807852804032337 0.19509032201611248 0
    outer loop
      vertex 9.210359963005347 7.013200715890832 5.2
      vertex 9.210359963005347 7.013200715890832 2.2
      vertex 9.197777478867206 7.076457135307562 5.2
    endloop
  endfacet
  facet normal 0 0 1
    outer loop
      vertex 9.071638597533859 7.44805029709527 5.2
      vertex 9.210359963005347 7.013200715890832 5.2
      vertex 9.197777478867206 7.076457135307562 5.2
    endloop
  endfacet
  facet normal 0 0 1
    outer loop
      vertex 9.071638597533859 7.44805029709527 5.2
      vertex 9.133578363789503 7.239392013277815 5.2
      vertex 9.210359963005347 7.013200715890832 5.2
    endloop
  endfacet
  facet normal 0 0 1
    outer loop
      vertex 9.071638597533859 7.44805029709527 5.2
      vertex 8.931088913245535 7.65 5.2
      vertex 9.133578363789503 7.239392013277815 5.2
    endloop
  endfacet
  facet normal 0 0 1
    outer loop
      vertex 9.071638597533859 7.44805029709527 5.2
      vertex 8.898076211353317 7.8 5.2
      vertex 8.931088913245535 7.65 5.2
    endloop
  endfacet
  facet normal 0.19509032201611512 0.9807852804032331 0
    outer loop
      vertex 7.013200715890833 9.210359963005347 5.2
      vertex 7.076457135307562 9.197777478867206 2.2
      vertex 7.013200715890833 9.210359963005347 2.2
    endloop
  endfacet
  facet normal 0.6593458151000677 0.7518398074789785 0
    outer loop
      vertex 8.126284287026161 8.680060020873706 5.2
      vertex 8.421320343559643 8.421320343559643 2.2
      vertex 8.126284287026161 8.680060020873706 2.2
    endloop
  endfacet
  facet normal 0.44228869021899736 0.8968727415326903 0
    outer loop
      vertex 7.44805029709527 9.071638597533859 5.2
      vertex 7.8 8.898076211353317 2.2
      vertex 7.44805029709527 9.071638597533859 2.2
    endloop
  endfacet
  facet normal 0.3214394653031663 0.946930129495104 0
    outer loop
      vertex 7.076457135307562 9.197777478867206 5.2
      vertex 7.44805029709527 9.071638597533859 2.2
      vertex 7.076457135307562 9.197777478867206 2.2
    endloop
  endfacet
  facet normal 0.5555702330196043 0.8314696123025439 0
    outer loop
      vertex 7.8 8.898076211353317 5.2
      vertex 8.126284287026161 8.680060020873706 2.2
      vertex 7.8 8.898076211353317 2.2
    endloop
  endfacet
  facet normal 0.8314696123025439 0.5555702330196043 0
    outer loop
      vertex 8.898076211353317 7.8 5.2
      vertex 8.898076211353317 7.8 2.2
      vertex 8.680060020873706 8.126284287026161 2.2
    endloop
  endfacet
  facet normal 0.7518398074789785 0.6593458151000677 0
    outer loop
      vertex 8.680060020873706 8.126284287026161 5.2
      vertex 8.680060020873706 8.126284287026161 2.2
      vertex 8.421320343559643 8.421320343559643 2.2
    endloop
  endfacet
  facet normal 0.19509032201611512 0.9807852804032331 0
    outer loop
      vertex 7.076457135307562 9.197777478867206 5.2
      vertex 7.076457135307562 9.197777478867206 2.2
      vertex 7.013200715890833 9.210359963005347 5.2
    endloop
  endfacet
  facet normal 0.6593458151000677 0.7518398074789785 0
    outer loop
      vertex 8.421320343559643 8.421320343559643 5.2
      vertex 8.421320343559643 8.421320343559643 2.2
      vertex 8.126284287026161 8.680060020873706 5.2
    endloop
  endfacet
  facet normal 0.3214394653031663 0.946930129495104 1.5701490179440123e-18
    outer loop
      vertex 7.076457135307562 9.197777478867206 5.2
      vertex 7.44805029709527 9.071638597533859 5.2
      vertex 7.44805029709527 9.071638597533859 2.2
    endloop
  endfacet
  facet normal 0.44228869021899736 0.8968727415326903 -4.43456416092534e-20
    outer loop
      vertex 7.44805029709527 9.071638597533859 5.2
      vertex 7.8 8.898076211353317 5.2
      vertex 7.8 8.898076211353317 2.2
    endloop
  endfacet
  facet normal 0.5555702330196043 0.8314696123025439 -5.817352940057572e-19
    outer loop
      vertex 7.8 8.898076211353317 5.2
      vertex 8.126284287026161 8.680060020873706 5.2
      vertex 8.126284287026161 8.680060020873706 2.2
    endloop
  endfacet
  facet normal 0 0 1
    outer loop
      vertex 8.374873734152917 8.374873734152917 5.2
      vertex 8.676736691019324 8.030665001530522 5.2
      vertex 8.421320343559643 8.421320343559643 5.2
    endloop
  endfacet
  facet normal 0 0 1
    outer loop
      vertex 8.374873734152917 8.374873734152917 5.2
      vertex 8.421320343559643 8.421320343559643 5.2
      vertex 8.126284287026161 8.680060020873706 5.2
    endloop
  endfacet
  facet normal 0 0 1
    outer loop
      vertex 8.374873734152917 8.374873734152917 5.2
      vertex 8.126284287026161 8.680060020873706 5.2
      vertex 8.030665001530522 8.676736691019324 5.2
    endloop
  endfacet
  facet normal 0 0 1
    outer loop
      vertex 7.076457135307562 9.197777478867206 5.2
      vertex 7.239392013277815 9.133578363789503 5.2
      vertex 7.44805029709527 9.071638597533859 5.2
    endloop
  endfacet
  facet normal 0 0 1
    outer loop
      vertex 7.65 8.931088913245535 5.2
      vertex 7.44805029709527 9.071638597533859 5.2
      vertex 7.239392013277815 9.133578363789503 5.2
    endloop
  endfacet
  facet normal 0 0 1
    outer loop
      vertex 7.65 8.931088913245535 5.2
      vertex 7.8 8.898076211353317 5.2
      vertex 7.44805029709527 9.071638597533859 5.2
    endloop
  endfacet
  facet normal 0 0 1
    outer loop
      vertex 7.076457135307562 9.197777478867206 5.2
      vertex 7.013200715890833 9.210359963005347 5.2
      vertex 7.239392013277815 9.133578363789503 5.2
    endloop
  endfacet
  facet normal 0 0 1
    outer loop
      vertex 7.65 8.931088913245535 5.2
      vertex 8.030665001530522 8.676736691019324 5.2
      vertex 7.8 8.898076211353317 5.2
    endloop
  endfacet
  facet normal 0 0 1
    outer loop
      vertex 8.030665001530522 8.676736691019324 5.2
      vertex 8.126284287026161 8.680060020873706 5.2
      vertex 7.8 8.898076211353317 5.2
    endloop
  endfacet
  facet normal 0.8314696123025439 0.5555702330196043 0
    outer loop
      vertex 8.680060020873706 8.126284287026161 5.2
      vertex 8.898076211353317 7.8 5.2
      vertex 8.680060020873706 8.126284287026161 2.2
    endloop
  endfacet
  facet normal 0.7518398074789785 0.6593458151000677 0
    outer loop
      vertex 8.421320343559643 8.421320343559643 5.2
      vertex 8.680060020873706 8.126284287026161 5.2
      vertex 8.421320343559643 8.421320343559643 2.2
    endloop
  endfacet
  facet normal 0 0 1
    outer loop
      vertex 8.931088913245535 7.65 5.2
      vertex 8.898076211353317 7.8 5.2
      vertex 8.680060020873706 8.126284287026161 5.2
    endloop
  endfacet
  facet normal 0 0 1
    outer loop
      vertex 8.931088913245535 7.65 5.2
      vertex 8.680060020873706 8.126284287026161 5.2
      vertex 8.676736691019324 8.030665001530522 5.2
    endloop
  endfacet
  facet normal 0 0 1
    outer loop
      vertex 8.421320343559643 8.421320343559643 5.2
      vertex 8.676736691019324 8.030665001530522 5.2
      vertex 8.680060020873706 8.126284287026161 5.2
    endloop
  endfacet
  facet normal 0.19509032201610152 -0.9807852804032358 0
    outer loop
      vertex 7.076457135307562 52.40222252113279 5.2
      vertex 7.013200715890855 52.389640036994656 2.2
      vertex 7.076457135307562 52.40222252113279 2.2
    endloop
  endfacet
  facet normal 0.3214394653031663 -0.946930129495104 0
    outer loop
      vertex 7.44805029709527 52.52836140246614 5.2
      vertex 7.076457135307562 52.40222252113279 2.2
      vertex 7.44805029709527 52.52836140246614 2.2
    endloop
  endfacet
  facet normal 0.44228869021899736 -0.8968727415326903 0
    outer loop
      vertex 7.8 52.70192378864668 5.2
      vertex 7.44805029709527 52.52836140246614 2.2
      vertex 7.8 52.70192378864668 2.2
    endloop
  endfacet
  facet normal 0.5555702330196012 -0.831469612302546 0
    outer loop
      vertex 8.126284287026161 52.91993997912629 5.2
      vertex 7.8 52.70192378864668 2.2
      vertex 8.126284287026161 52.91993997912629 2.2
    endloop
  endfacet
  facet normal 0.6593458151000652 -0.7518398074789807 0
    outer loop
      vertex 8.421320343559643 53.17867965644035 5.2
      vertex 8.126284287026161 52.91993997912629 2.2
      vertex 8.421320343559643 53.17867965644035 2.2
    endloop
  endfacet
  facet normal 0.7518398074789804 -0.6593458151000655 0
    outer loop
      vertex 8.421320343559643 53.17867965644035 5.2
      vertex 8.421320343559643 53.17867965644035 2.2
      vertex 8.680060020873706 53.473715712973835 2.2
    endloop
  endfacet
  facet normal 0.8314696123025447 -0.5555702330196033 0
    outer loop
      vertex 8.680060020873706 53.473715712973835 5.2
      vertex 8.680060020873706 53.473715712973835 2.2
      vertex 8.898076211353317 53.8 2.2
    endloop
  endfacet
  facet normal 0.19509032201610152 -0.9807852804032358 -1.3857847052139012e-19
    outer loop
      vertex 7.076457135307562 52.40222252113279 5.2
      vertex 7.013200715890855 52.389640036994656 5.2
      vertex 7.013200715890855 52.389640036994656 2.2
    endloop
  endfacet
  facet normal 0.3214394653031663 -0.946930129495104 0
    outer loop
      vertex 7.076457135307562 52.40222252113279 5.2
      vertex 7.076457135307562 52.40222252113279 2.2
      vertex 7.44805029709527 52.52836140246614 5.2
    endloop
  endfacet
  facet normal 0.44228869021899736 -0.8968727415326903 0
    outer loop
      vertex 7.44805029709527 52.52836140246614 5.2
      vertex 7.44805029709527 52.52836140246614 2.2
      vertex 7.8 52.70192378864668 5.2
    endloop
  endfacet
  facet normal 0.5555702330196012 -0.831469612302546 0
    outer loop
      vertex 7.8 52.70192378864668 5.2
      vertex 7.8 52.70192378864668 2.2
      vertex 8.126284287026161 52.91993997912629 5.2
    endloop
  endfacet
  facet normal 0.6593458151000652 -0.7518398074789807 0
    outer loop
      vertex 8.126284287026161 52.91993997912629 5.2
      vertex 8.126284287026161 52.91993997912629 2.2
      vertex 8.421320343559643 53.17867965644035 5.2
    endloop
  endfacet
  facet normal 0 0 1
    outer loop
      vertex 7.076457135307562 52.40222252113279 5.2
      vertex 7.239392013277815 52.46642163621049 5.2
      vertex 7.013200715890855 52.389640036994656 5.2
    endloop
  endfacet
  facet normal 0 0 1
    outer loop
      vertex 7.076457135307562 52.40222252113279 5.2
      vertex 7.44805029709527 52.52836140246614 5.2
      vertex 7.239392013277815 52.46642163621049 5.2
    endloop
  endfacet
  facet normal 0 0 1
    outer loop
      vertex 7.239392013277815 52.46642163621049 5.2
      vertex 7.44805029709527 52.52836140246614 5.2
      vertex 7.65 52.66891108675446 5.2
    endloop
  endfacet
  facet normal 0 0 1
    outer loop
      vertex 7.44805029709527 52.52836140246614 5.2
      vertex 7.8 52.70192378864668 5.2
      vertex 7.65 52.66891108675446 5.2
    endloop
  endfacet
  facet normal 0 0 1
    outer loop
      vertex 7.65 52.66891108675446 5.2
      vertex 7.8 52.70192378864668 5.2
      vertex 8.030665001530522 52.92326330898067 5.2
    endloop
  endfacet
  facet normal 0 0 1
    outer loop
      vertex 7.8 52.70192378864668 5.2
      vertex 8.126284287026161 52.91993997912629 5.2
      vertex 8.030665001530522 52.92326330898067 5.2
    endloop
  endfacet
  facet normal 0 0 1
    outer loop
      vertex 8.030665001530522 52.92326330898067 5.2
      vertex 8.126284287026161 52.91993997912629 5.2
      vertex 8.421320343559643 53.17867965644035 5.2
    endloop
  endfacet
  facet normal 0 0 1
    outer loop
      vertex 8.030665001530522 52.92326330898067 5.2
      vertex 8.421320343559643 53.17867965644035 5.2
      vertex 8.374873734152917 53.22512626584708 5.2
    endloop
  endfacet
  facet normal 0 0 1
    outer loop
      vertex 8.421320343559643 53.17867965644035 5.2
      vertex 8.680060020873706 53.473715712973835 5.2
      vertex 8.374873734152917 53.22512626584708 5.2
    endloop
  endfacet
  facet normal 0.7518398074789804 -0.6593458151000655 -2.8601589909968576e-18
    outer loop
      vertex 8.421320343559643 53.17867965644035 5.2
      vertex 8.680060020873706 53.473715712973835 2.2
      vertex 8.680060020873706 53.473715712973835 5.2
    endloop
  endfacet
  facet normal 0.8314696123025447 -0.5555702330196033 2.8114331682795536e-20
    outer loop
      vertex 8.680060020873706 53.473715712973835 5.2
      vertex 8.898076211353317 53.8 2.2
      vertex 8.898076211353317 53.8 5.2
    endloop
  endfacet
  facet normal 0 0 1
    outer loop
      vertex 8.374873734152917 53.22512626584708 5.2
      vertex 8.680060020873706 53.473715712973835 5.2
      vertex 8.676736691019324 53.56933499846947 5.2
    endloop
  endfacet
  facet normal 0 0 1
    outer loop
      vertex 8.680060020873706 53.473715712973835 5.2
      vertex 8.898076211353317 53.8 5.2
      vertex 8.676736691019324 53.56933499846947 5.2
    endloop
  endfacet
  facet normal 0 0 1
    outer loop
      vertex 8.676736691019324 53.56933499846947 5.2
      vertex 8.898076211353317 53.8 5.2
      vertex 9.071638597533859 54.15194970290473 5.2
    endloop
  endfacet
  facet normal 0 0 1
    outer loop
      vertex 8.676736691019324 53.56933499846947 5.2
      vertex 9.071638597533859 54.15194970290473 5.2
      vertex 8.931088913245535 53.949999999999996 5.2
    endloop
  endfacet
  facet normal 0.8968727415326916 -0.4422886902189947 0
    outer loop
      vertex 8.898076211353317 53.8 5.2
      vertex 8.898076211353317 53.8 2.2
      vertex 9.071638597533859 54.15194970290473 2.2
    endloop
  endfacet
  facet normal 0.946930129495104 -0.3214394653031663 0
    outer loop
      vertex 9.071638597533859 54.15194970290473 5.2
      vertex 9.071638597533859 54.15194970290473 2.2
      vertex 9.197777478867206 54.52354286469244 2.2
    endloop
  endfacet
  facet normal 0.9807852804032315 -0.19509032201612286 0
    outer loop
      vertex 9.210359963005345 54.586799284109155 5.2
      vertex 9.197777478867206 54.52354286469244 2.2
      vertex 9.210359963005345 54.586799284109155 2.2
    endloop
  endfacet
  facet normal 0 0 1
    outer loop
      vertex 5.260800499540844 54.8669789926942 5.2
      vertex 5.375 54.79067332602634 5.2
      vertex 5.329926490863149 54.89818239601665 5.2
    endloop
  endfacet
  facet normal 0 0 1
    outer loop
      vertex 5.385496851648267 54.78549685164827 5.2
      vertex 5.329926490863149 54.89818239601665 5.2
      vertex 5.375 54.79067332602634 5.2
    endloop
  endfacet
  facet normal 0 0 1
    outer loop
      vertex 4.885777882396479 55.42824000264235 5.2
      vertex 4.8500000000000005 55.699999999999996 5.2
      vertex 4.858982895557499 55.56294749816894 5.2
    endloop
  endfacet
  facet normal 0 0 1
    outer loop
      vertex 4.929926490863149 55.29818239601665 5.2
      vertex 4.858982895557499 55.83705250183105 5.2
      vertex 4.885777882396479 55.42824000264235 5.2
    endloop
  endfacet
  facet normal 0 0 1
    outer loop
      vertex 4.990673326026339 55.175 5.2
      vertex 4.885777882396479 55.971759997357644 5.2
      vertex 4.929926490863149 55.29818239601665 5.2
    endloop
  endfacet
  facet normal 0 0 1
    outer loop
      vertex 4.885777882396479 55.42824000264235 5.2
      vertex 4.858982895557499 55.83705250183105 5.2
      vertex 4.8500000000000005 55.699999999999996 5.2
    endloop
  endfacet
  facet normal 0 0 1
    outer loop
      vertex 4.929926490863149 55.29818239601665 5.2
      vertex 4.885777882396479 55.971759997357644 5.2
      vertex 4.858982895557499 55.83705250183105 5.2
    endloop
  endfacet
  facet normal 0 0 1
    outer loop
      vertex 4.990673326026339 55.175 5.2
      vertex 4.929926490863149 56.10181760398334 5.2
      vertex 4.885777882396479 55.971759997357644 5.2
    endloop
  endfacet
  facet normal 0 0 1
    outer loop
      vertex 5.260800499540844 54.8669789926942 5.2
      vertex 5.329926490863149 54.89818239601665 5.2
      vertex 5.285777882396478 55.02824000264235 5.2
    endloop
  endfacet
  facet normal 0 0 1
    outer loop
      vertex 5.157537879754125 54.95753787975412 5.2
      vertex 5.260800499540844 54.8669789926942 5.2
      vertex 5.25 55.3 5.2
    endloop
  endfacet
  facet normal 0 0 1
    outer loop
      vertex 5.260800499540844 54.8669789926942 5.2
      vertex 5.285777882396478 55.02824000264235 5.2
      vertex 5.258982895557499 55.16294749816894 5.2
    endloop
  endfacet
  facet normal 0 0 1
    outer loop
      vertex 5.260800499540844 54.8669789926942 5.2
      vertex 5.258982895557499 55.16294749816894 5.2
      vertex 5.25 55.3 5.2
    endloop
  endfacet
  facet normal 0 0 1
    outer loop
      vertex 5.066978992694203 55.06080049954084 5.2
      vertex 4.929926490863149 56.10181760398334 5.2
      vertex 4.990673326026339 55.175 5.2
    endloop
  endfacet
  facet normal 0 0 1
    outer loop
      vertex 5.066978992694203 55.06080049954084 5.2
      vertex 5.157537879754125 54.95753787975412 5.2
      vertex 4.990673326026339 56.224999999999994 5.2
    endloop
  endfacet
  facet normal 0 0 1
    outer loop
      vertex 5.157537879754125 54.95753787975412 5.2
      vertex 5.25 55.3 5.2
      vertex 5.066978992694203 56.33919950045915 5.2
    endloop
  endfacet
  facet normal 0 0 1
    outer loop
      vertex 5.066978992694203 55.06080049954084 5.2
      vertex 4.990673326026339 56.224999999999994 5.2
      vertex 4.929926490863149 56.10181760398334 5.2
    endloop
  endfacet
  facet normal 0 0 1
    outer loop
      vertex 5.25 55.3 5.2
      vertex 5.258982895557499 55.437052501831054 5.2
      vertex 5.157537879754125 56.44246212024587 5.2
    endloop
  endfacet
  facet normal 0 0 1
    outer loop
      vertex 5.258982895557499 55.437052501831054 5.2
      vertex 5.285777882396478 55.571759997357645 5.2
      vertex 5.157537879754125 56.44246212024587 5.2
    endloop
  endfacet
  facet normal 0 0 1
    outer loop
      vertex 5.157537879754125 54.95753787975412 5.2
      vertex 5.066978992694203 56.33919950045915 5.2
      vertex 4.990673326026339 56.224999999999994 5.2
    endloop
  endfacet
  facet normal 0 0 1
    outer loop
      vertex 5.285777882396478 55.571759997357645 5.2
      vertex 5.329926490863149 55.70181760398334 5.2
      vertex 5.157537879754125 56.44246212024587 5.2
    endloop
  endfacet
  facet normal 0 0 1
    outer loop
      vertex 5.25 55.3 5.2
      vertex 5.157537879754125 56.44246212024587 5.2
      vertex 5.066978992694203 56.33919950045915 5.2
    endloop
  endfacet
  facet normal 0 0 1
    outer loop
      vertex 5.329926490863149 55.70181760398334 5.2
      vertex 5.260800499540844 56.53302100730579 5.2
      vertex 5.157537879754125 56.44246212024587 5.2
    endloop
  endfacet
  facet normal 0 0 1
    outer loop
      vertex 5.329926490863149 55.70181760398334 5.2
      vertex 5.39067332602634 55.824999999999996 5.2
      vertex 5.260800499540844 56.53302100730579 5.2
    endloop
  endfacet
  facet normal 0 0 1
    outer loop
      vertex 5.39067332602634 55.824999999999996 5.2
      vertex 5.4669789926942025 55.939199500459154 5.2
      vertex 5.260800499540844 56.53302100730579 5.2
    endloop
  endfacet
  facet normal 0 0 1
    outer loop
      vertex 5.4669789926942025 55.939199500459154 5.2
      vertex 5.557537879754125 56.04246212024587 5.2
      vertex 5.260800499540844 56.53302100730579 5.2
    endloop
  endfacet
  facet normal 0 0 1
    outer loop
      vertex 5.557537879754125 56.04246212024587 5.2
      vertex 5.660800499540843 56.13302100730579 5.2
      vertex 5.498182396016656 56.67007350913685 5.2
    endloop
  endfacet
  facet normal 0 0 1
    outer loop
      vertex 5.557537879754125 56.04246212024587 5.2
      vertex 5.375 56.609326673973655 5.2
      vertex 5.260800499540844 56.53302100730579 5.2
    endloop
  endfacet
  facet normal 0 0 1
    outer loop
      vertex 5.557537879754125 56.04246212024587 5.2
      vertex 5.498182396016656 56.67007350913685 5.2
      vertex 5.375 56.609326673973655 5.2
    endloop
  endfacet
  facet normal 0 0 1
    outer loop
      vertex 5.660800499540843 56.13302100730579 5.2
      vertex 5.7749999999999995 56.209326673973656 5.2
      vertex 5.498182396016656 56.67007350913685 5.2
    endloop
  endfacet
  facet normal 0 0 1
    outer loop
      vertex 5.7749999999999995 56.209326673973656 5.2
      vertex 5.628240002642354 56.71422211760352 5.2
      vertex 5.498182396016656 56.67007350913685 5.2
    endloop
  endfacet
  facet normal 0 0 1
    outer loop
      vertex 5.7749999999999995 56.209326673973656 5.2
      vertex 5.898182396016655 56.27007350913685 5.2
      vertex 5.628240002642354 56.71422211760352 5.2
    endloop
  endfacet
  facet normal 0 0 1
    outer loop
      vertex 5.898182396016655 56.27007350913685 5.2
      vertex 6.028240002642353 56.31422211760352 5.2
      vertex 5.9 56.74999999999999 5.2
    endloop
  endfacet
  facet normal 0 0 1
    outer loop
      vertex 5.898182396016655 56.27007350913685 5.2
      vertex 5.762947498168947 56.7410171044425 5.2
      vertex 5.628240002642354 56.71422211760352 5.2
    endloop
  endfacet
  facet normal 0 0 1
    outer loop
      vertex 5.898182396016655 56.27007350913685 5.2
      vertex 5.9 56.74999999999999 5.2
      vertex 5.762947498168947 56.7410171044425 5.2
    endloop
  endfacet
  facet normal 0 0 1
    outer loop
      vertex 6.028240002642353 56.31422211760352 5.2
      vertex 6.037052501831054 56.7410171044425 5.2
      vertex 5.9 56.74999999999999 5.2
    endloop
  endfacet
  facet normal 0 0 1
    outer loop
      vertex 6.028240002642353 56.31422211760352 5.2
      vertex 6.162947498168946 56.3410171044425 5.2
      vertex 6.037052501831054 56.7410171044425 5.2
    endloop
  endfacet
  facet normal 0 0 1
    outer loop
      vertex 6.162947498168946 56.3410171044425 5.2
      vertex 6.3 56.349999999999994 5.2
      vertex 6.171759997357647 56.71422211760352 5.2
    endloop
  endfacet
  facet normal 0 0 1
    outer loop
      vertex 6.3 56.349999999999994 5.2
      vertex 6.437052501831054 56.3410171044425 5.2
      vertex 6.301817603983345 56.67007350913685 5.2
    endloop
  endfacet
  facet normal 0 0 1
    outer loop
      vertex 6.162947498168946 56.3410171044425 5.2
      vertex 6.171759997357647 56.71422211760352 5.2
      vertex 6.037052501831054 56.7410171044425 5.2
    endloop
  endfacet
  facet normal 0 0 1
    outer loop
      vertex 6.3 56.349999999999994 5.2
      vertex 6.301817603983345 56.67007350913685 5.2
      vertex 6.171759997357647 56.71422211760352 5.2
    endloop
  endfacet
  facet normal 0 0 1
    outer loop
      vertex 6.701817603983344 56.27007350913685 5.2
      vertex 6.814503148351733 56.214503148351724 5.2
      vertex 6.809326673973661 56.224999999999994 5.2
    endloop
  endfacet
  facet normal 0 0 1
    outer loop
      vertex 6.701817603983344 56.27007350913685 5.2
      vertex 6.809326673973661 56.224999999999994 5.2
      vertex 6.733021007305798 56.33919950045915 5.2
    endloop
  endfacet
  facet normal 0 0 1
    outer loop
      vertex 6.571759997357646 56.31422211760352 5.2
      vertex 6.539199500459157 56.53302100730579 5.2
      vertex 6.437052501831054 56.3410171044425 5.2
    endloop
  endfacet
  facet normal 0 0 1
    outer loop
      vertex 6.301817603983345 56.67007350913685 5.2
      vertex 6.437052501831054 56.3410171044425 5.2
      vertex 6.425000000000001 56.609326673973655 5.2
    endloop
  endfacet
  facet normal 0 0 1
    outer loop
      vertex 6.437052501831054 56.3410171044425 5.2
      vertex 6.539199500459157 56.53302100730579 5.2
      vertex 6.425000000000001 56.609326673973655 5.2
    endloop
  endfacet
  facet normal 0 0 1
    outer loop
      vertex 6.571759997357646 56.31422211760352 5.2
      vertex 6.701817603983344 56.27007350913685 5.2
      vertex 6.642462120245876 56.44246212024587 5.2
    endloop
  endfacet
  facet normal 0 0 1
    outer loop
      vertex 6.701817603983344 56.27007350913685 5.2
      vertex 6.733021007305798 56.33919950045915 5.2
      vertex 6.642462120245876 56.44246212024587 5.2
    endloop
  endfacet
  facet normal 0 0 1
    outer loop
      vertex 6.571759997357646 56.31422211760352 5.2
      vertex 6.642462120245876 56.44246212024587 5.2
      vertex 6.539199500459157 56.53302100730579 5.2
    endloop
  endfacet
  facet normal 0.8968727415326916 -0.4422886902189947 -2.0306433611153428e-18
    outer loop
      vertex 8.898076211353317 53.8 5.2
      vertex 9.071638597533859 54.15194970290473 2.2
      vertex 9.071638597533859 54.15194970290473 5.2
    endloop
  endfacet
  facet normal 0.946930129495104 -0.3214394653031663 -1.5701490179440123e-18
    outer loop
      vertex 9.071638597533859 54.15194970290473 5.2
      vertex 9.197777478867206 54.52354286469244 2.2
      vertex 9.197777478867206 54.52354286469244 5.2
    endloop
  endfacet
  facet normal 0.9807852804032315 -0.19509032201612286 0
    outer loop
      vertex 9.197777478867206 54.52354286469244 5.2
      vertex 9.197777478867206 54.52354286469244 2.2
      vertex 9.210359963005345 54.586799284109155 5.2
    endloop
  endfacet
  facet normal 0 0 1
    outer loop
      vertex 8.931088913245535 53.949999999999996 5.2
      vertex 9.071638597533859 54.15194970290473 5.2
      vertex 9.133578363789503 54.36060798672218 5.2
    endloop
  endfacet
  facet normal 0 0 1
    outer loop
      vertex 9.071638597533859 54.15194970290473 5.2
      vertex 9.197777478867206 54.52354286469244 5.2
      vertex 9.133578363789503 54.36060798672218 5.2
    endloop
  endfacet
  facet normal 0 0 1
    outer loop
      vertex 9.133578363789503 54.36060798672218 5.2
      vertex 9.197777478867206 54.52354286469244 5.2
      vertex 9.210359963005345 54.586799284109155 5.2
    endloop
  endfacet
  facet normal 0.5555702330195983 0.8314696123025479 0
    outer loop
      vertex 63.66080049954084 54.4669789926942 5.2
      vertex 63.775 54.39067332602634 2.2
      vertex 63.66080049954084 54.4669789926942 2.2
    endloop
  endfacet
  facet normal 0.6593458151000599 0.7518398074789854 0
    outer loop
      vertex 63.55753787975412 54.55753787975412 5.2
      vertex 63.66080049954084 54.4669789926942 2.2
      vertex 63.55753787975412 54.55753787975412 2.2
    endloop
  endfacet
  facet normal 0.8314696123025479 0.5555702330195983 0
    outer loop
      vertex 63.39067332602634 54.775 5.2
      vertex 63.4669789926942 54.66080049954084 2.2
      vertex 63.39067332602634 54.775 2.2
    endloop
  endfacet
  facet normal 0.7518398074789854 0.6593458151000599 0
    outer loop
      vertex 63.4669789926942 54.66080049954084 5.2
      vertex 63.55753787975412 54.55753787975412 2.2
      vertex 63.4669789926942 54.66080049954084 2.2
    endloop
  endfacet
  facet normal 0.8968727415326742 0.44228869021902983 0
    outer loop
      vertex 63.329926490863144 54.89818239601665 5.2
      vertex 63.39067332602634 54.775 2.2
      vertex 63.329926490863144 54.89818239601665 2.2
    endloop
  endfacet
  facet normal 0.9469301294951059 0.3214394653031609 0
    outer loop
      vertex 63.285777882396474 55.02824000264235 5.2
      vertex 63.329926490863144 54.89818239601665 2.2
      vertex 63.285777882396474 55.02824000264235 2.2
    endloop
  endfacet
  facet normal 0.9807852804032301 0.19509032201613022 0
    outer loop
      vertex 63.258982895557494 55.16294749816894 5.2
      vertex 63.285777882396474 55.02824000264235 2.2
      vertex 63.258982895557494 55.16294749816894 2.2
    endloop
  endfacet
  facet normal 0.9978589232386058 0.06540312923010794 0
    outer loop
      vertex 63.25 55.3 5.2
      vertex 63.258982895557494 55.16294749816894 2.2
      vertex 63.25 55.3 2.2
    endloop
  endfacet
  facet normal 0.9978589232386058 -0.06540312923010794 0
    outer loop
      vertex 63.258982895557494 55.437052501831054 5.2
      vertex 63.25 55.3 2.2
      vertex 63.258982895557494 55.437052501831054 2.2
    endloop
  endfacet
  facet normal 0.9807852804032301 -0.19509032201613022 0
    outer loop
      vertex 63.285777882396474 55.571759997357645 5.2
      vertex 63.258982895557494 55.437052501831054 2.2
      vertex 63.285777882396474 55.571759997357645 2.2
    endloop
  endfacet
  facet normal 0.9469301294951059 -0.3214394653031609 0
    outer loop
      vertex 63.329926490863144 55.70181760398334 5.2
      vertex 63.285777882396474 55.571759997357645 2.2
      vertex 63.329926490863144 55.70181760398334 2.2
    endloop
  endfacet
  facet normal 0.8968727415326742 -0.44228869021902983 0
    outer loop
      vertex 63.39067332602634 55.824999999999996 5.2
      vertex 63.329926490863144 55.70181760398334 2.2
      vertex 63.39067332602634 55.824999999999996 2.2
    endloop
  endfacet
  facet normal 0.44228869021902983 0.8968727415326742 0
    outer loop
      vertex 63.775 54.39067332602634 5.2
      vertex 63.89818239601665 54.329926490863144 2.2
      vertex 63.775 54.39067332602634 2.2
    endloop
  endfacet
  facet normal 0.3214394653031609 0.9469301294951059 0
    outer loop
      vertex 63.89818239601665 54.329926490863144 5.2
      vertex 64.02824000264235 54.285777882396474 2.2
      vertex 63.89818239601665 54.329926490863144 2.2
    endloop
  endfacet
  facet normal 0.06540312923011132 0.9978589232386056 0
    outer loop
      vertex 64.16294749816895 54.258982895557494 5.2
      vertex 64.3 54.25 2.2
      vertex 64.16294749816895 54.258982895557494 2.2
    endloop
  endfacet
  facet normal 0.1950903220161203 0.980785280403232 0
    outer loop
      vertex 64.02824000264235 54.285777882396474 5.2
      vertex 64.16294749816895 54.258982895557494 2.2
      vertex 64.02824000264235 54.285777882396474 2.2
    endloop
  endfacet
  facet normal -0.06540312923011132 0.9978589232386056 0
    outer loop
      vertex 64.3 54.25 5.2
      vertex 64.43705250183105 54.258982895557494 2.2
      vertex 64.3 54.25 2.2
    endloop
  endfacet
  facet normal -0.1950903220161203 0.980785280403232 0
    outer loop
      vertex 64.43705250183105 54.258982895557494 5.2
      vertex 64.57175999735765 54.285777882396474 2.2
      vertex 64.43705250183105 54.258982895557494 2.2
    endloop
  endfacet
  facet normal -0.3214394653031609 0.9469301294951059 0
    outer loop
      vertex 64.57175999735765 54.285777882396474 5.2
      vertex 64.70181760398334 54.329926490863144 2.2
      vertex 64.57175999735765 54.285777882396474 2.2
    endloop
  endfacet
  facet normal -0.44228869021900935 0.8968727415326844 0
    outer loop
      vertex 64.70181760398334 54.329926490863144 5.2
      vertex 64.825 54.39067332602634 2.2
      vertex 64.70181760398334 54.329926490863144 2.2
    endloop
  endfacet
  facet normal -0.5555702330196222 0.8314696123025319 0
    outer loop
      vertex 64.825 54.39067332602634 5.2
      vertex 64.93919950045915 54.4669789926942 2.2
      vertex 64.825 54.39067332602634 2.2
    endloop
  endfacet
  facet normal -0.6593458151000599 0.7518398074789854 0
    outer loop
      vertex 64.93919950045915 54.4669789926942 5.2
      vertex 65.04246212024587 54.55753787975412 2.2
      vertex 64.93919950045915 54.4669789926942 2.2
    endloop
  endfacet
  facet normal -0.7518398074789597 0.659345815100089 0
    outer loop
      vertex 65.04246212024587 54.55753787975412 5.2
      vertex 65.1330210073058 54.66080049954084 2.2
      vertex 65.04246212024587 54.55753787975412 2.2
    endloop
  endfacet
  facet normal 0.8314696123025479 -0.5555702330195983 0
    outer loop
      vertex 63.4669789926942 55.939199500459154 5.2
      vertex 63.39067332602634 55.824999999999996 2.2
      vertex 63.4669789926942 55.939199500459154 2.2
    endloop
  endfacet
  facet normal 0.7518398074789854 -0.6593458151000599 0
    outer loop
      vertex 63.55753787975412 56.04246212024587 5.2
      vertex 63.4669789926942 55.939199500459154 2.2
      vertex 63.55753787975412 56.04246212024587 2.2
    endloop
  endfacet
  facet normal 0.6593458151000599 -0.7518398074789854 0
    outer loop
      vertex 63.66080049954084 56.13302100730579 5.2
      vertex 63.55753787975412 56.04246212024587 2.2
      vertex 63.66080049954084 56.13302100730579 2.2
    endloop
  endfacet
  facet normal 0.5555702330195983 -0.8314696123025479 0
    outer loop
      vertex 63.775 56.209326673973656 5.2
      vertex 63.66080049954084 56.13302100730579 2.2
      vertex 63.775 56.209326673973656 2.2
    endloop
  endfacet
  facet normal 0.44228869021902983 -0.8968727415326742 0
    outer loop
      vertex 63.89818239601665 56.27007350913685 5.2
      vertex 63.775 56.209326673973656 2.2
      vertex 63.89818239601665 56.27007350913685 2.2
    endloop
  endfacet
  facet normal 0.3214394653031609 -0.9469301294951059 0
    outer loop
      vertex 64.02824000264235 56.31422211760352 5.2
      vertex 63.89818239601665 56.27007350913685 2.2
      vertex 64.02824000264235 56.31422211760352 2.2
    endloop
  endfacet
  facet normal 0.1950903220161203 -0.980785280403232 0
    outer loop
      vertex 64.16294749816895 56.3410171044425 5.2
      vertex 64.02824000264235 56.31422211760352 2.2
      vertex 64.16294749816895 56.3410171044425 2.2
    endloop
  endfacet
  facet normal 0.06540312923011132 -0.9978589232386056 0
    outer loop
      vertex 64.3 56.349999999999994 5.2
      vertex 64.16294749816895 56.3410171044425 2.2
      vertex 64.3 56.349999999999994 2.2
    endloop
  endfacet
  facet normal -0.06540312923011132 -0.9978589232386056 0
    outer loop
      vertex 64.43705250183105 56.3410171044425 5.2
      vertex 64.3 56.349999999999994 2.2
      vertex 64.43705250183105 56.3410171044425 2.2
    endloop
  endfacet
  facet normal -0.3214394653031609 -0.9469301294951059 0
    outer loop
      vertex 64.70181760398334 56.27007350913685 5.2
      vertex 64.57175999735765 56.31422211760352 2.2
      vertex 64.70181760398334 56.27007350913685 2.2
    endloop
  endfacet
  facet normal -0.7518398074789597 -0.659345815100089 0
    outer loop
      vertex 65.1330210073058 55.939199500459154 5.2
      vertex 65.04246212024587 56.04246212024587 2.2
      vertex 65.1330210073058 55.939199500459154 2.2
    endloop
  endfacet
  facet normal -0.5555702330196222 -0.8314696123025319 0
    outer loop
      vertex 64.93919950045915 56.13302100730579 5.2
      vertex 64.825 56.209326673973656 2.2
      vertex 64.93919950045915 56.13302100730579 2.2
    endloop
  endfacet
  facet normal -0.44228869021900935 -0.8968727415326844 0
    outer loop
      vertex 64.825 56.209326673973656 5.2
      vertex 64.70181760398334 56.27007350913685 2.2
      vertex 64.825 56.209326673973656 2.2
    endloop
  endfacet
  facet normal -0.6593458151000599 -0.7518398074789854 0
    outer loop
      vertex 65.04246212024587 56.04246212024587 5.2
      vertex 64.93919950045915 56.13302100730579 2.2
      vertex 65.04246212024587 56.04246212024587 2.2
    endloop
  endfacet
  facet normal -0.1950903220161203 -0.980785280403232 0
    outer loop
      vertex 64.57175999735765 56.31422211760352 5.2
      vertex 64.43705250183105 56.3410171044425 2.2
      vertex 64.57175999735765 56.31422211760352 2.2
    endloop
  endfacet
  facet normal -0.8314696123025479 0.5555702330195983 0
    outer loop
      vertex 65.1330210073058 54.66080049954084 5.2
      vertex 65.20932667397366 54.775 2.2
      vertex 65.1330210073058 54.66080049954084 2.2
    endloop
  endfacet
  facet normal -0.8968727415326947 0.4422886902189882 0
    outer loop
      vertex 65.20932667397366 54.775 5.2
      vertex 65.27007350913685 54.89818239601665 2.2
      vertex 65.20932667397366 54.775 2.2
    endloop
  endfacet
  facet normal -0.9469301294951059 0.3214394653031609 0
    outer loop
      vertex 65.27007350913685 54.89818239601665 5.2
      vertex 65.31422211760352 55.02824000264235 2.2
      vertex 65.27007350913685 54.89818239601665 2.2
    endloop
  endfacet
  facet normal -0.9807852804032301 0.19509032201613022 0
    outer loop
      vertex 65.31422211760352 55.02824000264235 5.2
      vertex 65.3410171044425 55.16294749816894 2.2
      vertex 65.31422211760352 55.02824000264235 2.2
    endloop
  endfacet
  facet normal -0.9978589232386058 0.06540312923010794 0
    outer loop
      vertex 65.3410171044425 55.16294749816894 5.2
      vertex 65.35 55.3 2.2
      vertex 65.3410171044425 55.16294749816894 2.2
    endloop
  endfacet
  facet normal -0.9978589232386058 -0.06540312923010794 0
    outer loop
      vertex 65.35 55.3 5.2
      vertex 65.3410171044425 55.437052501831054 2.2
      vertex 65.35 55.3 2.2
    endloop
  endfacet
  facet normal -0.9807852804032301 -0.19509032201613022 0
    outer loop
      vertex 65.3410171044425 55.437052501831054 5.2
      vertex 65.31422211760352 55.571759997357645 2.2
      vertex 65.3410171044425 55.437052501831054 2.2
    endloop
  endfacet
  facet normal -0.8968727415326947 -0.4422886902189882 0
    outer loop
      vertex 65.27007350913685 55.70181760398334 5.2
      vertex 65.20932667397366 55.824999999999996 2.2
      vertex 65.27007350913685 55.70181760398334 2.2
    endloop
  endfacet
  facet normal -0.9469301294951059 -0.3214394653031609 0
    outer loop
      vertex 65.31422211760352 55.571759997357645 5.2
      vertex 65.27007350913685 55.70181760398334 2.2
      vertex 65.31422211760352 55.571759997357645 2.2
    endloop
  endfacet
  facet normal -0.8314696123025479 -0.5555702330195983 0
    outer loop
      vertex 65.20932667397366 55.824999999999996 5.2
      vertex 65.1330210073058 55.939199500459154 2.2
      vertex 65.20932667397366 55.824999999999996 2.2
    endloop
  endfacet
  facet normal 0.6593458151000599 0.7518398074789854 0
    outer loop
      vertex 63.66080049954084 54.4669789926942 5.2
      vertex 63.66080049954084 54.4669789926942 2.2
      vertex 63.55753787975412 54.55753787975412 5.2
    endloop
  endfacet
  facet normal 0.7518398074789854 0.6593458151000599 0
    outer loop
      vertex 63.55753787975412 54.55753787975412 5.2
      vertex 63.55753787975412 54.55753787975412 2.2
      vertex 63.4669789926942 54.66080049954084 5.2
    endloop
  endfacet
  facet normal 0.8314696123025479 0.5555702330195983 0
    outer loop
      vertex 63.4669789926942 54.66080049954084 5.2
      vertex 63.4669789926942 54.66080049954084 2.2
      vertex 63.39067332602634 54.775 5.2
    endloop
  endfacet
  facet normal 0.8968727415326742 0.44228869021902983 0
    outer loop
      vertex 63.39067332602634 54.775 5.2
      vertex 63.39067332602634 54.775 2.2
      vertex 63.329926490863144 54.89818239601665 5.2
    endloop
  endfacet
  facet normal 0.9469301294951059 0.3214394653031609 0
    outer loop
      vertex 63.329926490863144 54.89818239601665 5.2
      vertex 63.329926490863144 54.89818239601665 2.2
      vertex 63.285777882396474 55.02824000264235 5.2
    endloop
  endfacet
  facet normal 0.9807852804032301 0.19509032201613022 0
    outer loop
      vertex 63.285777882396474 55.02824000264235 5.2
      vertex 63.285777882396474 55.02824000264235 2.2
      vertex 63.258982895557494 55.16294749816894 5.2
    endloop
  endfacet
  facet normal 0.9978589232386058 0.06540312923010794 0
    outer loop
      vertex 63.258982895557494 55.16294749816894 5.2
      vertex 63.258982895557494 55.16294749816894 2.2
      vertex 63.25 55.3 5.2
    endloop
  endfacet
  facet normal 0.9978589232386058 -0.06540312923010794 0
    outer loop
      vertex 63.25 55.3 5.2
      vertex 63.25 55.3 2.2
      vertex 63.258982895557494 55.437052501831054 5.2
    endloop
  endfacet
  facet normal 0.9807852804032301 -0.19509032201613022 0
    outer loop
      vertex 63.258982895557494 55.437052501831054 5.2
      vertex 63.258982895557494 55.437052501831054 2.2
      vertex 63.285777882396474 55.571759997357645 5.2
    endloop
  endfacet
  facet normal 0.9469301294951059 -0.3214394653031609 0
    outer loop
      vertex 63.285777882396474 55.571759997357645 5.2
      vertex 63.285777882396474 55.571759997357645 2.2
      vertex 63.329926490863144 55.70181760398334 5.2
    endloop
  endfacet
  facet normal 0.8968727415326742 -0.44228869021902983 0
    outer loop
      vertex 63.329926490863144 55.70181760398334 5.2
      vertex 63.329926490863144 55.70181760398334 2.2
      vertex 63.39067332602634 55.824999999999996 5.2
    endloop
  endfacet
  facet normal 0.44228869021902983 0.8968727415326742 -7.370384250165016e-19
    outer loop
      vertex 63.775 54.39067332602634 5.2
      vertex 63.89818239601665 54.329926490863144 5.2
      vertex 63.89818239601665 54.329926490863144 2.2
    endloop
  endfacet
  facet normal 0.3214394653031609 0.9469301294951059 0
    outer loop
      vertex 64.02824000264235 54.285777882396474 5.2
      vertex 64.02824000264235 54.285777882396474 2.2
      vertex 63.89818239601665 54.329926490863144 5.2
    endloop
  endfacet
  facet normal 0.1950903220161203 0.980785280403232 1.4931097539330038e-19
    outer loop
      vertex 64.02824000264235 54.285777882396474 5.2
      vertex 64.16294749816895 54.258982895557494 5.2
      vertex 64.16294749816895 54.258982895557494 2.2
    endloop
  endfacet
  facet normal 0.06540312923011132 0.9978589232386056 2.549441513990242e-19
    outer loop
      vertex 64.16294749816895 54.258982895557494 5.2
      vertex 64.3 54.25 5.2
      vertex 64.3 54.25 2.2
    endloop
  endfacet
  facet normal -0.06540312923011132 0.9978589232386056 -2.549441513990242e-19
    outer loop
      vertex 64.3 54.25 5.2
      vertex 64.43705250183105 54.258982895557494 5.2
      vertex 64.43705250183105 54.258982895557494 2.2
    endloop
  endfacet
  facet normal 0.5555702330195983 0.8314696123025479 -5.199272540563939e-19
    outer loop
      vertex 63.66080049954084 54.4669789926942 5.2
      vertex 63.775 54.39067332602634 5.2
      vertex 63.775 54.39067332602634 2.2
    endloop
  endfacet
  facet normal -0.1950903220161203 0.980785280403232 -1.4931097539330038e-19
    outer loop
      vertex 64.43705250183105 54.258982895557494 5.2
      vertex 64.57175999735765 54.285777882396474 5.2
      vertex 64.57175999735765 54.285777882396474 2.2
    endloop
  endfacet
  facet normal -0.3214394653031609 0.9469301294951059 1.2422755668724537e-19
    outer loop
      vertex 64.57175999735765 54.285777882396474 5.2
      vertex 64.70181760398334 54.329926490863144 5.2
      vertex 64.70181760398334 54.329926490863144 2.2
    endloop
  endfacet
  facet normal -0.44228869021900935 0.8968727415326844 -2.4832460749309704e-20
    outer loop
      vertex 64.70181760398334 54.329926490863144 5.2
      vertex 64.825 54.39067332602634 5.2
      vertex 64.825 54.39067332602634 2.2
    endloop
  endfacet
  facet normal -0.5555702330196222 0.8314696123025319 -1.7872459246717233e-18
    outer loop
      vertex 64.825 54.39067332602634 5.2
      vertex 64.93919950045915 54.4669789926942 5.2
      vertex 64.93919950045915 54.4669789926942 2.2
    endloop
  endfacet
  facet normal -0.6593458151000599 0.7518398074789854 -8.340692337835713e-19
    outer loop
      vertex 64.93919950045915 54.4669789926942 5.2
      vertex 65.04246212024587 54.55753787975412 5.2
      vertex 65.04246212024587 54.55753787975412 2.2
    endloop
  endfacet
  facet normal -0.7518398074789597 0.659345815100089 -9.869348094163396e-19
    outer loop
      vertex 65.04246212024587 54.55753787975412 5.2
      vertex 65.1330210073058 54.66080049954084 5.2
      vertex 65.1330210073058 54.66080049954084 2.2
    endloop
  endfacet
  facet normal 0.8314696123025479 -0.5555702330195983 0
    outer loop
      vertex 63.39067332602634 55.824999999999996 5.2
      vertex 63.39067332602634 55.824999999999996 2.2
      vertex 63.4669789926942 55.939199500459154 5.2
    endloop
  endfacet
  facet normal 0.7518398074789854 -0.6593458151000599 0
    outer loop
      vertex 63.4669789926942 55.939199500459154 5.2
      vertex 63.4669789926942 55.939199500459154 2.2
      vertex 63.55753787975412 56.04246212024587 5.2
    endloop
  endfacet
  facet normal 0.6593458151000599 -0.7518398074789854 0
    outer loop
      vertex 63.55753787975412 56.04246212024587 5.2
      vertex 63.55753787975412 56.04246212024587 2.2
      vertex 63.66080049954084 56.13302100730579 5.2
    endloop
  endfacet
  facet normal 0.5555702330195983 -0.8314696123025479 0
    outer loop
      vertex 63.66080049954084 56.13302100730579 5.2
      vertex 63.66080049954084 56.13302100730579 2.2
      vertex 63.775 56.209326673973656 5.2
    endloop
  endfacet
  facet normal 0.44228869021902983 -0.8968727415326742 0
    outer loop
      vertex 63.775 56.209326673973656 5.2
      vertex 63.775 56.209326673973656 2.2
      vertex 63.89818239601665 56.27007350913685 5.2
    endloop
  endfacet
  facet normal 0.3214394653031609 -0.9469301294951059 0
    outer loop
      vertex 63.89818239601665 56.27007350913685 5.2
      vertex 63.89818239601665 56.27007350913685 2.2
      vertex 64.02824000264235 56.31422211760352 5.2
    endloop
  endfacet
  facet normal 0.1950903220161203 -0.980785280403232 0
    outer loop
      vertex 64.02824000264235 56.31422211760352 5.2
      vertex 64.02824000264235 56.31422211760352 2.2
      vertex 64.16294749816895 56.3410171044425 5.2
    endloop
  endfacet
  facet normal 0.06540312923011132 -0.9978589232386056 0
    outer loop
      vertex 64.16294749816895 56.3410171044425 5.2
      vertex 64.16294749816895 56.3410171044425 2.2
      vertex 64.3 56.349999999999994 5.2
    endloop
  endfacet
  facet normal -0.06540312923011132 -0.9978589232386056 0
    outer loop
      vertex 64.3 56.349999999999994 5.2
      vertex 64.3 56.349999999999994 2.2
      vertex 64.43705250183105 56.3410171044425 5.2
    endloop
  endfacet
  facet normal -0.3214394653031609 -0.9469301294951059 0
    outer loop
      vertex 64.57175999735765 56.31422211760352 5.2
      vertex 64.57175999735765 56.31422211760352 2.2
      vertex 64.70181760398334 56.27007350913685 5.2
    endloop
  endfacet
  facet normal -0.44228869021900935 -0.8968727415326844 0
    outer loop
      vertex 64.70181760398334 56.27007350913685 5.2
      vertex 64.70181760398334 56.27007350913685 2.2
      vertex 64.825 56.209326673973656 5.2
    endloop
  endfacet
  facet normal -0.7518398074789597 -0.659345815100089 0
    outer loop
      vertex 65.04246212024587 56.04246212024587 5.2
      vertex 65.04246212024587 56.04246212024587 2.2
      vertex 65.1330210073058 55.939199500459154 5.2
    endloop
  endfacet
  facet normal -0.5555702330196222 -0.8314696123025319 0
    outer loop
      vertex 64.825 56.209326673973656 5.2
      vertex 64.825 56.209326673973656 2.2
      vertex 64.93919950045915 56.13302100730579 5.2
    endloop
  endfacet
  facet normal -0.6593458151000599 -0.7518398074789854 8.340692337835713e-19
    outer loop
      vertex 65.04246212024587 56.04246212024587 5.2
      vertex 64.93919950045915 56.13302100730579 5.2
      vertex 64.93919950045915 56.13302100730579 2.2
    endloop
  endfacet
  facet normal -0.1950903220161203 -0.980785280403232 1.4931097539330038e-19
    outer loop
      vertex 64.57175999735765 56.31422211760352 5.2
      vertex 64.43705250183105 56.3410171044425 5.2
      vertex 64.43705250183105 56.3410171044425 2.2
    endloop
  endfacet
  facet normal -0.8314696123025479 0.5555702330195983 5.199272540563939e-19
    outer loop
      vertex 65.1330210073058 54.66080049954084 5.2
      vertex 65.20932667397366 54.775 5.2
      vertex 65.20932667397366 54.775 2.2
    endloop
  endfacet
  facet normal -0.8968727415326947 0.4422886902189882 5.050874795605261e-19
    outer loop
      vertex 65.20932667397366 54.775 5.2
      vertex 65.27007350913685 54.89818239601665 5.2
      vertex 65.27007350913685 54.89818239601665 2.2
    endloop
  endfacet
  facet normal -0.9469301294951059 0.3214394653031609 1.2422755668724537e-19
    outer loop
      vertex 65.27007350913685 54.89818239601665 5.2
      vertex 65.31422211760352 55.02824000264235 5.2
      vertex 65.31422211760352 55.02824000264235 2.2
    endloop
  endfacet
  facet normal -0.9807852804032301 0.19509032201613022 -1.5885142417024305e-19
    outer loop
      vertex 65.31422211760352 55.02824000264235 5.2
      vertex 65.3410171044425 55.16294749816894 5.2
      vertex 65.3410171044425 55.16294749816894 2.2
    endloop
  endfacet
  facet normal -0.9978589232386058 0.06540312923010794 -6.995202581464288e-20
    outer loop
      vertex 65.3410171044425 55.16294749816894 5.2
      vertex 65.35 55.3 5.2
      vertex 65.35 55.3 2.2
    endloop
  endfacet
  facet normal -0.9978589232386058 -0.06540312923010794 6.995202581464288e-20
    outer loop
      vertex 65.35 55.3 5.2
      vertex 65.3410171044425 55.437052501831054 5.2
      vertex 65.3410171044425 55.437052501831054 2.2
    endloop
  endfacet
  facet normal -0.9807852804032301 -0.19509032201613022 1.5885142417024305e-19
    outer loop
      vertex 65.3410171044425 55.437052501831054 5.2
      vertex 65.31422211760352 55.571759997357645 5.2
      vertex 65.31422211760352 55.571759997357645 2.2
    endloop
  endfacet
  facet normal -0.9469301294951059 -0.3214394653031609 -1.2422755668724537e-19
    outer loop
      vertex 65.31422211760352 55.571759997357645 5.2
      vertex 65.27007350913685 55.70181760398334 5.2
      vertex 65.27007350913685 55.70181760398334 2.2
    endloop
  endfacet
  facet normal -0.8968727415326947 -0.4422886902189882 0
    outer loop
      vertex 65.20932667397366 55.824999999999996 5.2
      vertex 65.20932667397366 55.824999999999996 2.2
      vertex 65.27007350913685 55.70181760398334 5.2
    endloop
  endfacet
  facet normal -0.8314696123025479 -0.5555702330195983 -5.199272540563939e-19
    outer loop
      vertex 65.20932667397366 55.824999999999996 5.2
      vertex 65.1330210073058 55.939199500459154 5.2
      vertex 65.1330210073058 55.939199500459154 2.2
    endloop
  endfacet
  facet normal 0.6593458151000672 0.7518398074789789 0
    outer loop
      vertex 63.55753787975412 5.557537879754125 5.2
      vertex 63.66080049954084 5.4669789926942025 2.2
      vertex 63.55753787975412 5.557537879754125 2.2
    endloop
  endfacet
  facet normal 0.5555702330195939 0.8314696123025509 0
    outer loop
      vertex 63.66080049954084 5.4669789926942025 5.2
      vertex 63.775 5.39067332602634 2.2
      vertex 63.66080049954084 5.4669789926942025 2.2
    endloop
  endfacet
  facet normal 0.7518398074789854 0.6593458151000599 0
    outer loop
      vertex 63.4669789926942 5.660800499540843 5.2
      vertex 63.55753787975412 5.557537879754125 2.2
      vertex 63.4669789926942 5.660800499540843 2.2
    endloop
  endfacet
  facet normal 0.8314696123025439 0.5555702330196043 0
    outer loop
      vertex 63.39067332602634 5.7749999999999995 5.2
      vertex 63.4669789926942 5.660800499540843 2.2
      vertex 63.39067332602634 5.7749999999999995 2.2
    endloop
  endfacet
  facet normal 0.1950903220161203 0.980785280403232 0
    outer loop
      vertex 64.02824000264235 5.285777882396478 5.2
      vertex 64.16294749816895 5.258982895557499 2.2
      vertex 64.02824000264235 5.285777882396478 2.2
    endloop
  endfacet
  facet normal 0.06540312923014352 0.9978589232386036 0
    outer loop
      vertex 64.16294749816895 5.258982895557499 5.2
      vertex 64.3 5.25 2.2
      vertex 64.16294749816895 5.258982895557499 2.2
    endloop
  endfacet
  facet normal -0.06540312923014352 0.9978589232386036 0
    outer loop
      vertex 64.3 5.25 5.2
      vertex 64.43705250183105 5.258982895557499 2.2
      vertex 64.3 5.25 2.2
    endloop
  endfacet
  facet normal 0.4422886902190143 0.8968727415326819 0
    outer loop
      vertex 63.775 5.39067332602634 5.2
      vertex 63.89818239601665 5.329926490863149 2.2
      vertex 63.775 5.39067332602634 2.2
    endloop
  endfacet
  facet normal 0.3214394653031609 0.9469301294951059 0
    outer loop
      vertex 63.89818239601665 5.329926490863149 5.2
      vertex 64.02824000264235 5.285777882396478 2.2
      vertex 63.89818239601665 5.329926490863149 2.2
    endloop
  endfacet
  facet normal -0.1950903220161203 0.980785280403232 0
    outer loop
      vertex 64.43705250183105 5.258982895557499 5.2
      vertex 64.57175999735765 5.285777882396478 2.2
      vertex 64.43705250183105 5.258982895557499 2.2
    endloop
  endfacet
  facet normal -0.3214394653031609 0.9469301294951059 0
    outer loop
      vertex 64.57175999735765 5.285777882396478 5.2
      vertex 64.70181760398334 5.329926490863149 2.2
      vertex 64.57175999735765 5.285777882396478 2.2
    endloop
  endfacet
  facet normal -0.44228869021899375 0.896872741532692 0
    outer loop
      vertex 64.70181760398334 5.329926490863149 5.2
      vertex 64.825 5.39067332602634 2.2
      vertex 64.70181760398334 5.329926490863149 2.2
    endloop
  endfacet
  facet normal -0.5555702330196177 0.8314696123025349 0
    outer loop
      vertex 64.825 5.39067332602634 5.2
      vertex 64.93919950045915 5.4669789926942025 2.2
      vertex 64.825 5.39067332602634 2.2
    endloop
  endfacet
  facet normal -0.6593458151000672 0.7518398074789789 0
    outer loop
      vertex 64.93919950045915 5.4669789926942025 5.2
      vertex 65.04246212024587 5.557537879754125 2.2
      vertex 64.93919950045915 5.4669789926942025 2.2
    endloop
  endfacet
  facet normal -0.7518398074789597 0.659345815100089 0
    outer loop
      vertex 65.04246212024587 5.557537879754125 5.2
      vertex 65.1330210073058 5.660800499540843 2.2
      vertex 65.04246212024587 5.557537879754125 2.2
    endloop
  endfacet
  facet normal 0.9469301294951059 0.3214394653031609 0
    outer loop
      vertex 63.285777882396474 6.028240002642353 5.2
      vertex 63.329926490863144 5.898182396016655 2.2
      vertex 63.285777882396474 6.028240002642353 2.2
    endloop
  endfacet
  facet normal 0.9807852804032305 0.19509032201612772 0
    outer loop
      vertex 63.258982895557494 6.162947498168946 5.2
      vertex 63.285777882396474 6.028240002642353 2.2
      vertex 63.258982895557494 6.162947498168946 2.2
    endloop
  endfacet
  facet normal 0.9978589232386057 0.06540312923010963 0
    outer loop
      vertex 63.25 6.3 5.2
      vertex 63.258982895557494 6.162947498168946 2.2
      vertex 63.25 6.3 2.2
    endloop
  endfacet
  facet normal 0.8968727415326792 0.44228869021901956 0
    outer loop
      vertex 63.329926490863144 5.898182396016655 5.2
      vertex 63.39067332602634 5.7749999999999995 2.2
      vertex 63.329926490863144 5.898182396016655 2.2
    endloop
  endfacet
  facet normal 0.9978589232386057 -0.06540312923010963 0
    outer loop
      vertex 63.258982895557494 6.437052501831054 5.2
      vertex 63.25 6.3 2.2
      vertex 63.258982895557494 6.437052501831054 2.2
    endloop
  endfacet
  facet normal 0.9807852804032305 -0.19509032201612772 0
    outer loop
      vertex 63.285777882396474 6.571759997357646 5.2
      vertex 63.258982895557494 6.437052501831054 2.2
      vertex 63.285777882396474 6.571759997357646 2.2
    endloop
  endfacet
  facet normal 0.9469301294951059 -0.3214394653031609 0
    outer loop
      vertex 63.329926490863144 6.701817603983344 5.2
      vertex 63.285777882396474 6.571759997357646 2.2
      vertex 63.329926490863144 6.701817603983344 2.2
    endloop
  endfacet
  facet normal 0.8968727415326792 -0.44228869021901956 0
    outer loop
      vertex 63.39067332602634 6.825 5.2
      vertex 63.329926490863144 6.701817603983344 2.2
      vertex 63.39067332602634 6.825 2.2
    endloop
  endfacet
  facet normal 0.8314696123025439 -0.5555702330196043 0
    outer loop
      vertex 63.4669789926942 6.939199500459156 5.2
      vertex 63.39067332602634 6.825 2.2
      vertex 63.4669789926942 6.939199500459156 2.2
    endloop
  endfacet
  facet normal 0.7518398074789854 -0.6593458151000599 0
    outer loop
      vertex 63.55753787975412 7.042462120245875 5.2
      vertex 63.4669789926942 6.939199500459156 2.2
      vertex 63.55753787975412 7.042462120245875 2.2
    endloop
  endfacet
  facet normal 0.6593458151000672 -0.7518398074789789 0
    outer loop
      vertex 63.66080049954084 7.133021007305797 5.2
      vertex 63.55753787975412 7.042462120245875 2.2
      vertex 63.66080049954084 7.133021007305797 2.2
    endloop
  endfacet
  facet normal 0.5555702330195939 -0.8314696123025509 0
    outer loop
      vertex 63.775 7.20932667397366 5.2
      vertex 63.66080049954084 7.133021007305797 2.2
      vertex 63.775 7.20932667397366 2.2
    endloop
  endfacet
  facet normal 0.4422886902190143 -0.8968727415326819 0
    outer loop
      vertex 63.89818239601665 7.270073509136851 5.2
      vertex 63.775 7.20932667397366 2.2
      vertex 63.89818239601665 7.270073509136851 2.2
    endloop
  endfacet
  facet normal 0.3214394653031609 -0.9469301294951059 0
    outer loop
      vertex 64.02824000264235 7.314222117603522 5.2
      vertex 63.89818239601665 7.270073509136851 2.2
      vertex 64.02824000264235 7.314222117603522 2.2
    endloop
  endfacet
  facet normal 0.1950903220161203 -0.980785280403232 0
    outer loop
      vertex 64.16294749816895 7.341017104442501 5.2
      vertex 64.02824000264235 7.314222117603522 2.2
      vertex 64.16294749816895 7.341017104442501 2.2
    endloop
  endfacet
  facet normal 0.06540312923014352 -0.9978589232386036 0
    outer loop
      vertex 64.3 7.35 5.2
      vertex 64.16294749816895 7.341017104442501 2.2
      vertex 64.3 7.35 2.2
    endloop
  endfacet
  facet normal -0.06540312923014352 -0.9978589232386036 0
    outer loop
      vertex 64.43705250183105 7.341017104442501 5.2
      vertex 64.3 7.35 2.2
      vertex 64.43705250183105 7.341017104442501 2.2
    endloop
  endfacet
  facet normal -0.7518398074789597 -0.659345815100089 0
    outer loop
      vertex 65.1330210073058 6.939199500459156 5.2
      vertex 65.04246212024587 7.042462120245875 2.2
      vertex 65.1330210073058 6.939199500459156 2.2
    endloop
  endfacet
  facet normal -0.5555702330196177 -0.8314696123025349 0
    outer loop
      vertex 64.93919950045915 7.133021007305797 5.2
      vertex 64.825 7.20932667397366 2.2
      vertex 64.93919950045915 7.133021007305797 2.2
    endloop
  endfacet
  facet normal -0.6593458151000672 -0.7518398074789789 0
    outer loop
      vertex 65.04246212024587 7.042462120245875 5.2
      vertex 64.93919950045915 7.133021007305797 2.2
      vertex 65.04246212024587 7.042462120245875 2.2
    endloop
  endfacet
  facet normal -0.1950903220161203 -0.980785280403232 0
    outer loop
      vertex 64.57175999735765 7.314222117603522 5.2
      vertex 64.43705250183105 7.341017104442501 2.2
      vertex 64.57175999735765 7.314222117603522 2.2
    endloop
  endfacet
  facet normal -0.3214394653031609 -0.9469301294951059 0
    outer loop
      vertex 64.70181760398334 7.270073509136851 5.2
      vertex 64.57175999735765 7.314222117603522 2.2
      vertex 64.70181760398334 7.270073509136851 2.2
    endloop
  endfacet
  facet normal -0.44228869021899375 -0.896872741532692 0
    outer loop
      vertex 64.825 7.20932667397366 5.2
      vertex 64.70181760398334 7.270073509136851 2.2
      vertex 64.825 7.20932667397366 2.2
    endloop
  endfacet
  facet normal -0.8314696123025439 0.5555702330196043 0
    outer loop
      vertex 65.1330210073058 5.660800499540843 5.2
      vertex 65.20932667397366 5.7749999999999995 2.2
      vertex 65.1330210073058 5.660800499540843 2.2
    endloop
  endfacet
  facet normal -0.8968727415326997 0.442288690218978 0
    outer loop
      vertex 65.20932667397366 5.7749999999999995 5.2
      vertex 65.27007350913685 5.898182396016655 2.2
      vertex 65.20932667397366 5.7749999999999995 2.2
    endloop
  endfacet
  facet normal -0.9469301294951059 0.3214394653031609 0
    outer loop
      vertex 65.27007350913685 5.898182396016655 5.2
      vertex 65.31422211760352 6.028240002642353 2.2
      vertex 65.27007350913685 5.898182396016655 2.2
    endloop
  endfacet
  facet normal -0.9807852804032305 0.19509032201612772 0
    outer loop
      vertex 65.31422211760352 6.028240002642353 5.2
      vertex 65.3410171044425 6.162947498168946 2.2
      vertex 65.31422211760352 6.028240002642353 2.2
    endloop
  endfacet
  facet normal -0.9978589232386057 0.06540312923010963 0
    outer loop
      vertex 65.3410171044425 6.162947498168946 5.2
      vertex 65.35 6.3 2.2
      vertex 65.3410171044425 6.162947498168946 2.2
    endloop
  endfacet
  facet normal -0.9978589232386057 -0.06540312923010963 0
    outer loop
      vertex 65.35 6.3 5.2
      vertex 65.3410171044425 6.437052501831054 2.2
      vertex 65.35 6.3 2.2
    endloop
  endfacet
  facet normal -0.9807852804032305 -0.19509032201612772 0
    outer loop
      vertex 65.3410171044425 6.437052501831054 5.2
      vertex 65.31422211760352 6.571759997357646 2.2
      vertex 65.3410171044425 6.437052501831054 2.2
    endloop
  endfacet
  facet normal -0.9469301294951059 -0.3214394653031609 0
    outer loop
      vertex 65.31422211760352 6.571759997357646 5.2
      vertex 65.27007350913685 6.701817603983344 2.2
      vertex 65.31422211760352 6.571759997357646 2.2
    endloop
  endfacet
  facet normal -0.8968727415326997 -0.442288690218978 0
    outer loop
      vertex 65.27007350913685 6.701817603983344 5.2
      vertex 65.20932667397366 6.825 2.2
      vertex 65.27007350913685 6.701817603983344 2.2
    endloop
  endfacet
  facet normal -0.8314696123025439 -0.5555702330196043 0
    outer loop
      vertex 65.20932667397366 6.825 5.2
      vertex 65.1330210073058 6.939199500459156 2.2
      vertex 65.20932667397366 6.825 2.2
    endloop
  endfacet
  facet normal 0.6593458151000672 0.7518398074789789 0
    outer loop
      vertex 63.66080049954084 5.4669789926942025 5.2
      vertex 63.66080049954084 5.4669789926942025 2.2
      vertex 63.55753787975412 5.557537879754125 5.2
    endloop
  endfacet
  facet normal 0.8314696123025439 0.5555702330196043 5.686604062561679e-20
    outer loop
      vertex 63.39067332602634 5.7749999999999995 5.2
      vertex 63.4669789926942 5.660800499540843 5.2
      vertex 63.4669789926942 5.660800499540843 2.2
    endloop
  endfacet
  facet normal 0.7518398074789854 0.6593458151000599 0
    outer loop
      vertex 63.55753787975412 5.557537879754125 5.2
      vertex 63.55753787975412 5.557537879754125 2.2
      vertex 63.4669789926942 5.660800499540843 5.2
    endloop
  endfacet
  facet normal 0.1950903220161203 0.980785280403232 1.4931097539330038e-19
    outer loop
      vertex 64.02824000264235 5.285777882396478 5.2
      vertex 64.16294749816895 5.258982895557499 5.2
      vertex 64.16294749816895 5.258982895557499 2.2
    endloop
  endfacet
  facet normal 0.06540312923014352 0.9978589232386036 -1.8460877558547722e-19
    outer loop
      vertex 64.16294749816895 5.258982895557499 5.2
      vertex 64.3 5.25 5.2
      vertex 64.3 5.25 2.2
    endloop
  endfacet
  facet normal -0.06540312923014352 0.9978589232386036 1.8460877558547722e-19
    outer loop
      vertex 64.3 5.25 5.2
      vertex 64.43705250183105 5.258982895557499 5.2
      vertex 64.43705250183105 5.258982895557499 2.2
    endloop
  endfacet
  facet normal 0.4422886902190143 0.8968727415326819 1.3933468859001346e-19
    outer loop
      vertex 63.775 5.39067332602634 5.2
      vertex 63.89818239601665 5.329926490863149 5.2
      vertex 63.89818239601665 5.329926490863149 2.2
    endloop
  endfacet
  facet normal 0.5555702330195939 0.8314696123025509 1.4594213710788213e-18
    outer loop
      vertex 63.66080049954084 5.4669789926942025 5.2
      vertex 63.775 5.39067332602634 5.2
      vertex 63.775 5.39067332602634 2.2
    endloop
  endfacet
  facet normal 0.3214394653031609 0.9469301294951059 -1.2422755668724537e-19
    outer loop
      vertex 63.89818239601665 5.329926490863149 5.2
      vertex 64.02824000264235 5.285777882396478 5.2
      vertex 64.02824000264235 5.285777882396478 2.2
    endloop
  endfacet
  facet normal -0.1950903220161203 0.980785280403232 -1.4931097539330038e-19
    outer loop
      vertex 64.43705250183105 5.258982895557499 5.2
      vertex 64.57175999735765 5.285777882396478 5.2
      vertex 64.57175999735765 5.285777882396478 2.2
    endloop
  endfacet
  facet normal -0.3214394653031609 0.9469301294951059 1.2422755668724537e-19
    outer loop
      vertex 64.57175999735765 5.285777882396478 5.2
      vertex 64.70181760398334 5.329926490863149 5.2
      vertex 64.70181760398334 5.329926490863149 2.2
    endloop
  endfacet
  facet normal -0.44228869021899375 0.896872741532692 -9.012055744017393e-19
    outer loop
      vertex 64.70181760398334 5.329926490863149 5.2
      vertex 64.825 5.39067332602634 5.2
      vertex 64.825 5.39067332602634 2.2
    endloop
  endfacet
  facet normal -0.5555702330196177 0.8314696123025349 4.434934985311651e-19
    outer loop
      vertex 64.825 5.39067332602634 5.2
      vertex 64.93919950045915 5.4669789926942025 5.2
      vertex 64.93919950045915 5.4669789926942025 2.2
    endloop
  endfacet
  facet normal -0.6593458151000672 0.7518398074789789 -1.924807639772439e-18
    outer loop
      vertex 64.93919950045915 5.4669789926942025 5.2
      vertex 65.04246212024587 5.557537879754125 5.2
      vertex 65.04246212024587 5.557537879754125 2.2
    endloop
  endfacet
  facet normal -0.7518398074789597 0.659345815100089 -9.869348094163396e-19
    outer loop
      vertex 65.04246212024587 5.557537879754125 5.2
      vertex 65.1330210073058 5.660800499540843 5.2
      vertex 65.1330210073058 5.660800499540843 2.2
    endloop
  endfacet
  facet normal 0.9469301294951059 0.3214394653031609 0
    outer loop
      vertex 63.329926490863144 5.898182396016655 5.2
      vertex 63.329926490863144 5.898182396016655 2.2
      vertex 63.285777882396474 6.028240002642353 5.2
    endloop
  endfacet
  facet normal 0.9807852804032305 0.19509032201612772 0
    outer loop
      vertex 63.285777882396474 6.028240002642353 5.2
      vertex 63.285777882396474 6.028240002642353 2.2
      vertex 63.258982895557494 6.162947498168946 5.2
    endloop
  endfacet
  facet normal 0.9978589232386057 0.06540312923010963 0
    outer loop
      vertex 63.258982895557494 6.162947498168946 5.2
      vertex 63.258982895557494 6.162947498168946 2.2
      vertex 63.25 6.3 5.2
    endloop
  endfacet
  facet normal 0.8968727415326792 0.44228869021901956 0
    outer loop
      vertex 63.39067332602634 5.7749999999999995 5.2
      vertex 63.39067332602634 5.7749999999999995 2.2
      vertex 63.329926490863144 5.898182396016655 5.2
    endloop
  endfacet
  facet normal 0.9978589232386057 -0.06540312923010963 0
    outer loop
      vertex 63.25 6.3 5.2
      vertex 63.25 6.3 2.2
      vertex 63.258982895557494 6.437052501831054 5.2
    endloop
  endfacet
  facet normal 0.9807852804032305 -0.19509032201612772 0
    outer loop
      vertex 63.258982895557494 6.437052501831054 5.2
      vertex 63.258982895557494 6.437052501831054 2.2
      vertex 63.285777882396474 6.571759997357646 5.2
    endloop
  endfacet
  facet normal 0.9469301294951059 -0.3214394653031609 0
    outer loop
      vertex 63.285777882396474 6.571759997357646 5.2
      vertex 63.285777882396474 6.571759997357646 2.2
      vertex 63.329926490863144 6.701817603983344 5.2
    endloop
  endfacet
  facet normal 0.8968727415326792 -0.44228869021901956 0
    outer loop
      vertex 63.329926490863144 6.701817603983344 5.2
      vertex 63.329926490863144 6.701817603983344 2.2
      vertex 63.39067332602634 6.825 5.2
    endloop
  endfacet
  facet normal 0.8314696123025439 -0.5555702330196043 0
    outer loop
      vertex 63.39067332602634 6.825 5.2
      vertex 63.39067332602634 6.825 2.2
      vertex 63.4669789926942 6.939199500459156 5.2
    endloop
  endfacet
  facet normal 0.7518398074789854 -0.6593458151000599 0
    outer loop
      vertex 63.4669789926942 6.939199500459156 5.2
      vertex 63.4669789926942 6.939199500459156 2.2
      vertex 63.55753787975412 7.042462120245875 5.2
    endloop
  endfacet
  facet normal 0.6593458151000672 -0.7518398074789789 0
    outer loop
      vertex 63.55753787975412 7.042462120245875 5.2
      vertex 63.55753787975412 7.042462120245875 2.2
      vertex 63.66080049954084 7.133021007305797 5.2
    endloop
  endfacet
  facet normal 0.5555702330195939 -0.8314696123025509 0
    outer loop
      vertex 63.66080049954084 7.133021007305797 5.2
      vertex 63.66080049954084 7.133021007305797 2.2
      vertex 63.775 7.20932667397366 5.2
    endloop
  endfacet
  facet normal 0.4422886902190143 -0.8968727415326819 0
    outer loop
      vertex 63.775 7.20932667397366 5.2
      vertex 63.775 7.20932667397366 2.2
      vertex 63.89818239601665 7.270073509136851 5.2
    endloop
  endfacet
  facet normal 0.3214394653031609 -0.9469301294951059 0
    outer loop
      vertex 63.89818239601665 7.270073509136851 5.2
      vertex 63.89818239601665 7.270073509136851 2.2
      vertex 64.02824000264235 7.314222117603522 5.2
    endloop
  endfacet
  facet normal 0.1950903220161203 -0.980785280403232 0
    outer loop
      vertex 64.02824000264235 7.314222117603522 5.2
      vertex 64.02824000264235 7.314222117603522 2.2
      vertex 64.16294749816895 7.341017104442501 5.2
    endloop
  endfacet
  facet normal 0.06540312923014352 -0.9978589232386036 0
    outer loop
      vertex 64.16294749816895 7.341017104442501 5.2
      vertex 64.16294749816895 7.341017104442501 2.2
      vertex 64.3 7.35 5.2
    endloop
  endfacet
  facet normal -0.06540312923014352 -0.9978589232386036 0
    outer loop
      vertex 64.3 7.35 5.2
      vertex 64.3 7.35 2.2
      vertex 64.43705250183105 7.341017104442501 5.2
    endloop
  endfacet
  facet normal -0.5555702330196177 -0.8314696123025349 0
    outer loop
      vertex 64.825 7.20932667397366 5.2
      vertex 64.825 7.20932667397366 2.2
      vertex 64.93919950045915 7.133021007305797 5.2
    endloop
  endfacet
  facet normal -0.7518398074789597 -0.659345815100089 0
    outer loop
      vertex 65.04246212024587 7.042462120245875 5.2
      vertex 65.04246212024587 7.042462120245875 2.2
      vertex 65.1330210073058 6.939199500459156 5.2
    endloop
  endfacet
  facet normal -0.6593458151000672 -0.7518398074789789 1.924807639772439e-18
    outer loop
      vertex 65.04246212024587 7.042462120245875 5.2
      vertex 64.93919950045915 7.133021007305797 5.2
      vertex 64.93919950045915 7.133021007305797 2.2
    endloop
  endfacet
  facet normal -0.1950903220161203 -0.980785280403232 0
    outer loop
      vertex 64.43705250183105 7.341017104442501 5.2
      vertex 64.43705250183105 7.341017104442501 2.2
      vertex 64.57175999735765 7.314222117603522 5.2
    endloop
  endfacet
  facet normal -0.3214394653031609 -0.9469301294951059 -1.2422755668724537e-19
    outer loop
      vertex 64.70181760398334 7.270073509136851 5.2
      vertex 64.57175999735765 7.314222117603522 5.2
      vertex 64.57175999735765 7.314222117603522 2.2
    endloop
  endfacet
  facet normal -0.44228869021899375 -0.896872741532692 0
    outer loop
      vertex 64.70181760398334 7.270073509136851 5.2
      vertex 64.70181760398334 7.270073509136851 2.2
      vertex 64.825 7.20932667397366 5.2
    endloop
  endfacet
  facet normal -0.8314696123025439 0.5555702330196043 -5.686604062561679e-20
    outer loop
      vertex 65.1330210073058 5.660800499540843 5.2
      vertex 65.20932667397366 5.7749999999999995 5.2
      vertex 65.20932667397366 5.7749999999999995 2.2
    endloop
  endfacet
  facet normal -0.8968727415326997 0.442288690218978 1.2415203661634343e-19
    outer loop
      vertex 65.20932667397366 5.7749999999999995 5.2
      vertex 65.27007350913685 5.898182396016655 5.2
      vertex 65.27007350913685 5.898182396016655 2.2
    endloop
  endfacet
  facet normal -0.9469301294951059 0.3214394653031609 1.2422755668724537e-19
    outer loop
      vertex 65.27007350913685 5.898182396016655 5.2
      vertex 65.31422211760352 6.028240002642353 5.2
      vertex 65.31422211760352 6.028240002642353 2.2
    endloop
  endfacet
  facet normal -0.9807852804032305 0.19509032201612772 -4.1959681499617665e-19
    outer loop
      vertex 65.31422211760352 6.028240002642353 5.2
      vertex 65.3410171044425 6.162947498168946 5.2
      vertex 65.3410171044425 6.162947498168946 2.2
    endloop
  endfacet
  facet normal -0.9978589232386057 0.06540312923010963 -1.6244808860683116e-19
    outer loop
      vertex 65.3410171044425 6.162947498168946 5.2
      vertex 65.35 6.3 5.2
      vertex 65.35 6.3 2.2
    endloop
  endfacet
  facet normal -0.9978589232386057 -0.06540312923010963 1.6244808860683116e-19
    outer loop
      vertex 65.35 6.3 5.2
      vertex 65.3410171044425 6.437052501831054 5.2
      vertex 65.3410171044425 6.437052501831054 2.2
    endloop
  endfacet
  facet normal -0.9469301294951059 -0.3214394653031609 -1.2422755668724537e-19
    outer loop
      vertex 65.31422211760352 6.571759997357646 5.2
      vertex 65.27007350913685 6.701817603983344 5.2
      vertex 65.27007350913685 6.701817603983344 2.2
    endloop
  endfacet
  facet normal -0.9807852804032305 -0.19509032201612772 4.1959681499617665e-19
    outer loop
      vertex 65.3410171044425 6.437052501831054 5.2
      vertex 65.31422211760352 6.571759997357646 5.2
      vertex 65.31422211760352 6.571759997357646 2.2
    endloop
  endfacet
  facet normal -0.8968727415326997 -0.442288690218978 0
    outer loop
      vertex 65.20932667397366 6.825 5.2
      vertex 65.20932667397366 6.825 2.2
      vertex 65.27007350913685 6.701817603983344 5.2
    endloop
  endfacet
  facet normal -0.8314696123025439 -0.5555702330196043 5.686604062561679e-20
    outer loop
      vertex 65.20932667397366 6.825 5.2
      vertex 65.1330210073058 6.939199500459156 5.2
      vertex 65.1330210073058 6.939199500459156 2.2
    endloop
  endfacet
  facet normal 0.6593458151000672 0.7518398074789789 0
    outer loop
      vertex 5.557537879754125 5.557537879754125 5.2
      vertex 5.660800499540843 5.4669789926942025 2.2
      vertex 5.557537879754125 5.557537879754125 2.2
    endloop
  endfacet
  facet normal 0.8314696123025469 0.5555702330195998 0
    outer loop
      vertex 5.39067332602634 5.7749999999999995 5.2
      vertex 5.4669789926942025 5.660800499540843 2.2
      vertex 5.39067332602634 5.7749999999999995 2.2
    endloop
  endfacet
  facet normal 0.7518398074789789 0.6593458151000672 0
    outer loop
      vertex 5.4669789926942025 5.660800499540843 5.2
      vertex 5.557537879754125 5.557537879754125 2.2
      vertex 5.4669789926942025 5.660800499540843 2.2
    endloop
  endfacet
  facet normal 0.9469301294951059 0.3214394653031609 0
    outer loop
      vertex 5.285777882396478 6.028240002642353 5.2
      vertex 5.329926490863149 5.898182396016655 2.2
      vertex 5.285777882396478 6.028240002642353 2.2
    endloop
  endfacet
  facet normal 0.9807852804032305 0.19509032201612772 0
    outer loop
      vertex 5.258982895557499 6.162947498168946 5.2
      vertex 5.285777882396478 6.028240002642353 2.2
      vertex 5.258982895557499 6.162947498168946 2.2
    endloop
  endfacet
  facet normal 0.9978589232386036 0.06540312923014183 0
    outer loop
      vertex 5.25 6.3 5.2
      vertex 5.258982895557499 6.162947498168946 2.2
      vertex 5.25 6.3 2.2
    endloop
  endfacet
  facet normal 0.8968727415326869 0.44228869021900397 0
    outer loop
      vertex 5.329926490863149 5.898182396016655 5.2
      vertex 5.39067332602634 5.7749999999999995 2.2
      vertex 5.329926490863149 5.898182396016655 2.2
    endloop
  endfacet
  facet normal 0.9978589232386036 -0.06540312923014183 0
    outer loop
      vertex 5.258982895557499 6.437052501831054 5.2
      vertex 5.25 6.3 2.2
      vertex 5.258982895557499 6.437052501831054 2.2
    endloop
  endfacet
  facet normal 0.9807852804032305 -0.19509032201612772 0
    outer loop
      vertex 5.285777882396478 6.571759997357646 5.2
      vertex 5.258982895557499 6.437052501831054 2.2
      vertex 5.285777882396478 6.571759997357646 2.2
    endloop
  endfacet
  facet normal 0.9469301294951059 -0.3214394653031609 0
    outer loop
      vertex 5.329926490863149 6.701817603983344 5.2
      vertex 5.285777882396478 6.571759997357646 2.2
      vertex 5.329926490863149 6.701817603983344 2.2
    endloop
  endfacet
  facet normal 0.8968727415326863 -0.44228869021900535 0
    outer loop
      vertex 5.385496851648268 6.814503148351734 5.2
      vertex 5.329926490863149 6.701817603983344 2.2
      vertex 5.385496851648268 6.814503148351734 2.2
    endloop
  endfacet
  facet normal 0.19509032201612772 0.9807852804032305 0
    outer loop
      vertex 6.028240002642353 5.285777882396478 5.2
      vertex 6.162947498168946 5.258982895557499 2.2
      vertex 6.028240002642353 5.285777882396478 2.2
    endloop
  endfacet
  facet normal 0.06540312923014183 0.9978589232386036 0
    outer loop
      vertex 6.162947498168946 5.258982895557499 5.2
      vertex 6.3 5.25 2.2
      vertex 6.162947498168946 5.258982895557499 2.2
    endloop
  endfacet
  facet normal -0.06540312923014183 0.9978589232386036 0
    outer loop
      vertex 6.3 5.25 5.2
      vertex 6.437052501831054 5.258982895557499 2.2
      vertex 6.3 5.25 2.2
    endloop
  endfacet
  facet normal 0.44228869021900397 0.8968727415326869 0
    outer loop
      vertex 5.7749999999999995 5.39067332602634 5.2
      vertex 5.898182396016655 5.329926490863149 2.2
      vertex 5.7749999999999995 5.39067332602634 2.2
    endloop
  endfacet
  facet normal 0.5555702330195998 0.8314696123025469 0
    outer loop
      vertex 5.660800499540843 5.4669789926942025 5.2
      vertex 5.7749999999999995 5.39067332602634 2.2
      vertex 5.660800499540843 5.4669789926942025 2.2
    endloop
  endfacet
  facet normal 0.3214394653031609 0.9469301294951059 0
    outer loop
      vertex 5.898182396016655 5.329926490863149 5.2
      vertex 6.028240002642353 5.285777882396478 2.2
      vertex 5.898182396016655 5.329926490863149 2.2
    endloop
  endfacet
  facet normal -0.19509032201612772 0.9807852804032305 0
    outer loop
      vertex 6.437052501831054 5.258982895557499 5.2
      vertex 6.571759997357646 5.285777882396478 2.2
      vertex 6.437052501831054 5.258982895557499 2.2
    endloop
  endfacet
  facet normal -0.3214394653031609 0.9469301294951059 0
    outer loop
      vertex 6.571759997357646 5.285777882396478 5.2
      vertex 6.701817603983344 5.329926490863149 2.2
      vertex 6.571759997357646 5.285777882396478 2.2
    endloop
  endfacet
  facet normal -0.4422886902189997 0.896872741532689 0
    outer loop
      vertex 6.701817603983344 5.329926490863149 5.2
      vertex 6.814503148351734 5.385496851648267 2.2
      vertex 6.701817603983344 5.329926490863149 2.2
    endloop
  endfacet
  facet normal 0.6593458151000672 0.7518398074789789 0
    outer loop
      vertex 5.660800499540843 5.4669789926942025 5.2
      vertex 5.660800499540843 5.4669789926942025 2.2
      vertex 5.557537879754125 5.557537879754125 5.2
    endloop
  endfacet
  facet normal 0.8314696123025469 0.5555702330195998 2.0362146657570264e-18
    outer loop
      vertex 5.39067332602634 5.7749999999999995 5.2
      vertex 5.4669789926942025 5.660800499540843 5.2
      vertex 5.4669789926942025 5.660800499540843 2.2
    endloop
  endfacet
  facet normal 0.7518398074789789 0.6593458151000672 0
    outer loop
      vertex 5.557537879754125 5.557537879754125 5.2
      vertex 5.557537879754125 5.557537879754125 2.2
      vertex 5.4669789926942025 5.660800499540843 5.2
    endloop
  endfacet
  facet normal 0.9807852804032305 0.19509032201612772 0
    outer loop
      vertex 5.285777882396478 6.028240002642353 5.2
      vertex 5.285777882396478 6.028240002642353 2.2
      vertex 5.258982895557499 6.162947498168946 5.2
    endloop
  endfacet
  facet normal 0.9978589232386036 0.06540312923014183 0
    outer loop
      vertex 5.258982895557499 6.162947498168946 5.2
      vertex 5.258982895557499 6.162947498168946 2.2
      vertex 5.25 6.3 5.2
    endloop
  endfacet
  facet normal 0.8968727415326869 0.44228869021900397 0
    outer loop
      vertex 5.39067332602634 5.7749999999999995 5.2
      vertex 5.39067332602634 5.7749999999999995 2.2
      vertex 5.329926490863149 5.898182396016655 5.2
    endloop
  endfacet
  facet normal 0.9469301294951059 0.3214394653031609 0
    outer loop
      vertex 5.329926490863149 5.898182396016655 5.2
      vertex 5.329926490863149 5.898182396016655 2.2
      vertex 5.285777882396478 6.028240002642353 5.2
    endloop
  endfacet
  facet normal 0.9978589232386036 -0.06540312923014183 0
    outer loop
      vertex 5.25 6.3 5.2
      vertex 5.25 6.3 2.2
      vertex 5.258982895557499 6.437052501831054 5.2
    endloop
  endfacet
  facet normal 0.9807852804032305 -0.19509032201612772 0
    outer loop
      vertex 5.258982895557499 6.437052501831054 5.2
      vertex 5.258982895557499 6.437052501831054 2.2
      vertex 5.285777882396478 6.571759997357646 5.2
    endloop
  endfacet
  facet normal 0.9469301294951059 -0.3214394653031609 0
    outer loop
      vertex 5.285777882396478 6.571759997357646 5.2
      vertex 5.285777882396478 6.571759997357646 2.2
      vertex 5.329926490863149 6.701817603983344 5.2
    endloop
  endfacet
  facet normal 0.8968727415326863 -0.44228869021900535 0
    outer loop
      vertex 5.329926490863149 6.701817603983344 5.2
      vertex 5.329926490863149 6.701817603983344 2.2
      vertex 5.385496851648268 6.814503148351734 5.2
    endloop
  endfacet
  facet normal 0.19509032201612772 0.9807852804032305 4.1959681499617665e-19
    outer loop
      vertex 6.028240002642353 5.285777882396478 5.2
      vertex 6.162947498168946 5.258982895557499 5.2
      vertex 6.162947498168946 5.258982895557499 2.2
    endloop
  endfacet
  facet normal 0.06540312923014183 0.9978589232386036 2.491561676243916e-19
    outer loop
      vertex 6.162947498168946 5.258982895557499 5.2
      vertex 6.3 5.25 5.2
      vertex 6.3 5.25 2.2
    endloop
  endfacet
  facet normal 0.5555702330195998 0.8314696123025469 2.0362146657570264e-18
    outer loop
      vertex 5.660800499540843 5.4669789926942025 5.2
      vertex 5.7749999999999995 5.39067332602634 5.2
      vertex 5.7749999999999995 5.39067332602634 2.2
    endloop
  endfacet
  facet normal 0.44228869021900397 0.8968727415326869 5.202701314958852e-19
    outer loop
      vertex 5.7749999999999995 5.39067332602634 5.2
      vertex 5.898182396016655 5.329926490863149 5.2
      vertex 5.898182396016655 5.329926490863149 2.2
    endloop
  endfacet
  facet normal 0.3214394653031609 0.9469301294951059 -1.2422755668724537e-19
    outer loop
      vertex 5.898182396016655 5.329926490863149 5.2
      vertex 6.028240002642353 5.285777882396478 5.2
      vertex 6.028240002642353 5.285777882396478 2.2
    endloop
  endfacet
  facet normal -0.06540312923014183 0.9978589232386036 -2.491561676243916e-19
    outer loop
      vertex 6.3 5.25 5.2
      vertex 6.437052501831054 5.258982895557499 5.2
      vertex 6.437052501831054 5.258982895557499 2.2
    endloop
  endfacet
  facet normal -0.19509032201612772 0.9807852804032305 -4.1959681499617665e-19
    outer loop
      vertex 6.437052501831054 5.258982895557499 5.2
      vertex 6.571759997357646 5.285777882396478 5.2
      vertex 6.571759997357646 5.285777882396478 2.2
    endloop
  endfacet
  facet normal -0.3214394653031609 0.9469301294951059 1.2422755668724537e-19
    outer loop
      vertex 6.571759997357646 5.285777882396478 5.2
      vertex 6.701817603983344 5.329926490863149 5.2
      vertex 6.701817603983344 5.329926490863149 2.2
    endloop
  endfacet
  facet normal -0.4422886902189997 0.896872741532689 2.601568573482148e-19
    outer loop
      vertex 6.701817603983344 5.329926490863149 5.2
      vertex 6.814503148351734 5.385496851648267 5.2
      vertex 6.814503148351734 5.385496851648267 2.2
    endloop
  endfacet
  facet normal 0.896872741532678 0.4422886902190222 0
    outer loop
      vertex 5.329926490863149 54.89818239601665 5.2
      vertex 5.385496851648267 54.78549685164827 2.2
      vertex 5.329926490863149 54.89818239601665 2.2
    endloop
  endfacet
  facet normal 0.9469301294951059 0.3214394653031609 0
    outer loop
      vertex 5.285777882396478 55.02824000264235 5.2
      vertex 5.329926490863149 54.89818239601665 2.2
      vertex 5.285777882396478 55.02824000264235 2.2
    endloop
  endfacet
  facet normal 0.9807852804032301 0.19509032201613022 0
    outer loop
      vertex 5.258982895557499 55.16294749816894 5.2
      vertex 5.285777882396478 55.02824000264235 2.2
      vertex 5.258982895557499 55.16294749816894 2.2
    endloop
  endfacet
  facet normal 0.9978589232386038 0.06540312923014015 0
    outer loop
      vertex 5.25 55.3 5.2
      vertex 5.258982895557499 55.16294749816894 2.2
      vertex 5.25 55.3 2.2
    endloop
  endfacet
  facet normal 0.9978589232386038 -0.06540312923014015 0
    outer loop
      vertex 5.258982895557499 55.437052501831054 5.2
      vertex 5.25 55.3 2.2
      vertex 5.258982895557499 55.437052501831054 2.2
    endloop
  endfacet
  facet normal 0.9807852804032301 -0.19509032201613022 0
    outer loop
      vertex 5.285777882396478 55.571759997357645 5.2
      vertex 5.258982895557499 55.437052501831054 2.2
      vertex 5.285777882396478 55.571759997357645 2.2
    endloop
  endfacet
  facet normal 0.9469301294951059 -0.3214394653031609 0
    outer loop
      vertex 5.329926490863149 55.70181760398334 5.2
      vertex 5.285777882396478 55.571759997357645 2.2
      vertex 5.329926490863149 55.70181760398334 2.2
    endloop
  endfacet
  facet normal 0.8968727415326819 -0.4422886902190143 0
    outer loop
      vertex 5.39067332602634 55.824999999999996 5.2
      vertex 5.329926490863149 55.70181760398334 2.2
      vertex 5.39067332602634 55.824999999999996 2.2
    endloop
  endfacet
  facet normal 0.8314696123025509 -0.5555702330195939 0
    outer loop
      vertex 5.4669789926942025 55.939199500459154 5.2
      vertex 5.39067332602634 55.824999999999996 2.2
      vertex 5.4669789926942025 55.939199500459154 2.2
    endloop
  endfacet
  facet normal 0.7518398074789789 -0.6593458151000672 0
    outer loop
      vertex 5.557537879754125 56.04246212024587 5.2
      vertex 5.4669789926942025 55.939199500459154 2.2
      vertex 5.557537879754125 56.04246212024587 2.2
    endloop
  endfacet
  facet normal 0.6593458151000599 -0.7518398074789854 0
    outer loop
      vertex 5.660800499540843 56.13302100730579 5.2
      vertex 5.557537879754125 56.04246212024587 2.2
      vertex 5.660800499540843 56.13302100730579 2.2
    endloop
  endfacet
  facet normal 0.5555702330196043 -0.8314696123025439 0
    outer loop
      vertex 5.7749999999999995 56.209326673973656 5.2
      vertex 5.660800499540843 56.13302100730579 2.2
      vertex 5.7749999999999995 56.209326673973656 2.2
    endloop
  endfacet
  facet normal 0.44228869021901956 -0.8968727415326792 0
    outer loop
      vertex 5.898182396016655 56.27007350913685 5.2
      vertex 5.7749999999999995 56.209326673973656 2.2
      vertex 5.898182396016655 56.27007350913685 2.2
    endloop
  endfacet
  facet normal 0.3214394653031609 -0.9469301294951059 0
    outer loop
      vertex 6.028240002642353 56.31422211760352 5.2
      vertex 5.898182396016655 56.27007350913685 2.2
      vertex 6.028240002642353 56.31422211760352 2.2
    endloop
  endfacet
  facet normal 0.19509032201612772 -0.9807852804032305 0
    outer loop
      vertex 6.162947498168946 56.3410171044425 5.2
      vertex 6.028240002642353 56.31422211760352 2.2
      vertex 6.162947498168946 56.3410171044425 2.2
    endloop
  endfacet
  facet normal 0.06540312923010963 -0.9978589232386057 0
    outer loop
      vertex 6.3 56.349999999999994 5.2
      vertex 6.162947498168946 56.3410171044425 2.2
      vertex 6.3 56.349999999999994 2.2
    endloop
  endfacet
  facet normal -0.3214394653031609 -0.9469301294951059 0
    outer loop
      vertex 6.701817603983344 56.27007350913685 5.2
      vertex 6.571759997357646 56.31422211760352 2.2
      vertex 6.701817603983344 56.27007350913685 2.2
    endloop
  endfacet
  facet normal -0.442288690219048 -0.8968727415326652 0
    outer loop
      vertex 6.814503148351733 56.214503148351724 5.2
      vertex 6.701817603983344 56.27007350913685 2.2
      vertex 6.814503148351733 56.214503148351724 2.2
    endloop
  endfacet
  facet normal -0.06540312923010963 -0.9978589232386057 0
    outer loop
      vertex 6.437052501831054 56.3410171044425 5.2
      vertex 6.3 56.349999999999994 2.2
      vertex 6.437052501831054 56.3410171044425 2.2
    endloop
  endfacet
  facet normal -0.19509032201612772 -0.9807852804032305 0
    outer loop
      vertex 6.571759997357646 56.31422211760352 5.2
      vertex 6.437052501831054 56.3410171044425 2.2
      vertex 6.571759997357646 56.31422211760352 2.2
    endloop
  endfacet
  facet normal 0.896872741532678 0.4422886902190222 0
    outer loop
      vertex 5.385496851648267 54.78549685164827 5.2
      vertex 5.385496851648267 54.78549685164827 2.2
      vertex 5.329926490863149 54.89818239601665 5.2
    endloop
  endfacet
  facet normal 0.9807852804032301 0.19509032201613022 0
    outer loop
      vertex 5.285777882396478 55.02824000264235 5.2
      vertex 5.285777882396478 55.02824000264235 2.2
      vertex 5.258982895557499 55.16294749816894 5.2
    endloop
  endfacet
  facet normal 0.9978589232386038 0.06540312923014015 0
    outer loop
      vertex 5.258982895557499 55.16294749816894 5.2
      vertex 5.258982895557499 55.16294749816894 2.2
      vertex 5.25 55.3 5.2
    endloop
  endfacet
  facet normal 0.9469301294951059 0.3214394653031609 0
    outer loop
      vertex 5.329926490863149 54.89818239601665 5.2
      vertex 5.329926490863149 54.89818239601665 2.2
      vertex 5.285777882396478 55.02824000264235 5.2
    endloop
  endfacet
  facet normal 0.9978589232386038 -0.06540312923014015 0
    outer loop
      vertex 5.25 55.3 5.2
      vertex 5.25 55.3 2.2
      vertex 5.258982895557499 55.437052501831054 5.2
    endloop
  endfacet
  facet normal 0.9807852804032301 -0.19509032201613022 0
    outer loop
      vertex 5.258982895557499 55.437052501831054 5.2
      vertex 5.258982895557499 55.437052501831054 2.2
      vertex 5.285777882396478 55.571759997357645 5.2
    endloop
  endfacet
  facet normal 0.9469301294951059 -0.3214394653031609 0
    outer loop
      vertex 5.285777882396478 55.571759997357645 5.2
      vertex 5.285777882396478 55.571759997357645 2.2
      vertex 5.329926490863149 55.70181760398334 5.2
    endloop
  endfacet
  facet normal 0.8968727415326819 -0.4422886902190143 0
    outer loop
      vertex 5.329926490863149 55.70181760398334 5.2
      vertex 5.329926490863149 55.70181760398334 2.2
      vertex 5.39067332602634 55.824999999999996 5.2
    endloop
  endfacet
  facet normal 0.8314696123025509 -0.5555702330195939 0
    outer loop
      vertex 5.39067332602634 55.824999999999996 5.2
      vertex 5.39067332602634 55.824999999999996 2.2
      vertex 5.4669789926942025 55.939199500459154 5.2
    endloop
  endfacet
  facet normal 0.7518398074789789 -0.6593458151000672 0
    outer loop
      vertex 5.4669789926942025 55.939199500459154 5.2
      vertex 5.4669789926942025 55.939199500459154 2.2
      vertex 5.557537879754125 56.04246212024587 5.2
    endloop
  endfacet
  facet normal 0.6593458151000599 -0.7518398074789854 0
    outer loop
      vertex 5.557537879754125 56.04246212024587 5.2
      vertex 5.557537879754125 56.04246212024587 2.2
      vertex 5.660800499540843 56.13302100730579 5.2
    endloop
  endfacet
  facet normal 0.5555702330196043 -0.8314696123025439 0
    outer loop
      vertex 5.660800499540843 56.13302100730579 5.2
      vertex 5.660800499540843 56.13302100730579 2.2
      vertex 5.7749999999999995 56.209326673973656 5.2
    endloop
  endfacet
  facet normal 0.44228869021901956 -0.8968727415326792 0
    outer loop
      vertex 5.7749999999999995 56.209326673973656 5.2
      vertex 5.7749999999999995 56.209326673973656 2.2
      vertex 5.898182396016655 56.27007350913685 5.2
    endloop
  endfacet
  facet normal 0.3214394653031609 -0.9469301294951059 0
    outer loop
      vertex 5.898182396016655 56.27007350913685 5.2
      vertex 5.898182396016655 56.27007350913685 2.2
      vertex 6.028240002642353 56.31422211760352 5.2
    endloop
  endfacet
  facet normal 0.19509032201612772 -0.9807852804032305 0
    outer loop
      vertex 6.028240002642353 56.31422211760352 5.2
      vertex 6.028240002642353 56.31422211760352 2.2
      vertex 6.162947498168946 56.3410171044425 5.2
    endloop
  endfacet
  facet normal 0.06540312923010963 -0.9978589232386057 0
    outer loop
      vertex 6.162947498168946 56.3410171044425 5.2
      vertex 6.162947498168946 56.3410171044425 2.2
      vertex 6.3 56.349999999999994 5.2
    endloop
  endfacet
  facet normal -0.06540312923010963 -0.9978589232386057 0
    outer loop
      vertex 6.3 56.349999999999994 5.2
      vertex 6.3 56.349999999999994 2.2
      vertex 6.437052501831054 56.3410171044425 5.2
    endloop
  endfacet
  facet normal -0.3214394653031609 -0.9469301294951059 0
    outer loop
      vertex 6.571759997357646 56.31422211760352 5.2
      vertex 6.571759997357646 56.31422211760352 2.2
      vertex 6.701817603983344 56.27007350913685 5.2
    endloop
  endfacet
  facet normal -0.442288690219048 -0.8968727415326652 0
    outer loop
      vertex 6.701817603983344 56.27007350913685 5.2
      vertex 6.701817603983344 56.27007350913685 2.2
      vertex 6.814503148351733 56.214503148351724 5.2
    endloop
  endfacet
  facet normal -0.19509032201612772 -0.9807852804032305 4.1959681499617665e-19
    outer loop
      vertex 6.571759997357646 56.31422211760352 5.2
      vertex 6.437052501831054 56.3410171044425 5.2
      vertex 6.437052501831054 56.3410171044425 2.2
    endloop
  endfacet
  facet normal -0.7518398074789808 -0.659345815100065 0
    outer loop
      vertex 81.92326330898067 53.56933499846947 31.2
      vertex 81.92326330898067 53.56933499846947 2.2
      vertex 82.22512626584707 53.22512626584708 2.2
    endloop
  endfacet
  facet normal -0.8314696123025415 -0.5555702330196078 0
    outer loop
      vertex 81.66891108675445 53.949999999999996 31.2
      vertex 81.66891108675445 53.949999999999996 2.2
      vertex 81.92326330898067 53.56933499846947 2.2
    endloop
  endfacet
  facet normal -0.5555702330196042 -0.8314696123025438 0
    outer loop
      vertex 82.94999999999999 52.66891108675446 31.2
      vertex 82.56933499846947 52.92326330898067 2.2
      vertex 82.94999999999999 52.66891108675446 2.2
    endloop
  endfacet
  facet normal -0.4422886902190092 -0.8968727415326844 0
    outer loop
      vertex 83.36060798672217 52.46642163621049 31.2
      vertex 82.94999999999999 52.66891108675446 2.2
      vertex 83.36060798672217 52.46642163621049 2.2
    endloop
  endfacet
  facet normal -0.6593458151000583 -0.7518398074789867 0
    outer loop
      vertex 82.56933499846947 52.92326330898067 31.2
      vertex 82.22512626584707 53.22512626584708 2.2
      vertex 82.56933499846947 52.92326330898067 2.2
    endloop
  endfacet
  facet normal -0.32143946530315626 -0.9469301294951075 0
    outer loop
      vertex 83.79413334214117 52.31925960798826 31.2
      vertex 83.36060798672217 52.46642163621049 2.2
      vertex 83.79413334214117 52.31925960798826 2.2
    endloop
  endfacet
  facet normal -0.1950903220161382 -0.9807852804032285 0
    outer loop
      vertex 84.2431583272298 52.229942985191656 31.2
      vertex 83.79413334214117 52.31925960798826 2.2
      vertex 84.2431583272298 52.229942985191656 2.2
    endloop
  endfacet
  facet normal -0.06540312923013505 -0.997858923238604 0
    outer loop
      vertex 84.69999999999999 52.199999999999996 31.2
      vertex 84.2431583272298 52.229942985191656 2.2
      vertex 84.69999999999999 52.199999999999996 2.2
    endloop
  endfacet
  facet normal 0.06540312923013505 -0.997858923238604 0
    outer loop
      vertex 85.15684167277017 52.229942985191656 31.2
      vertex 84.69999999999999 52.199999999999996 2.2
      vertex 85.15684167277017 52.229942985191656 2.2
    endloop
  endfacet
  facet normal 0.1950903220161382 -0.9807852804032285 0
    outer loop
      vertex 85.60586665785881 52.31925960798826 31.2
      vertex 85.15684167277017 52.229942985191656 2.2
      vertex 85.60586665785881 52.31925960798826 2.2
    endloop
  endfacet
  facet normal 0.32143946530315626 -0.9469301294951075 0
    outer loop
      vertex 86.0393920132778 52.46642163621049 31.2
      vertex 85.60586665785881 52.31925960798826 2.2
      vertex 86.0393920132778 52.46642163621049 2.2
    endloop
  endfacet
  facet normal 0.4422886902190092 -0.8968727415326844 0
    outer loop
      vertex 86.44999999999999 52.66891108675446 31.2
      vertex 86.0393920132778 52.46642163621049 2.2
      vertex 86.44999999999999 52.66891108675446 2.2
    endloop
  endfacet
  facet normal 0.5555702330196042 -0.8314696123025438 0
    outer loop
      vertex 86.8306650015305 52.92326330898067 31.2
      vertex 86.44999999999999 52.66891108675446 2.2
      vertex 86.8306650015305 52.92326330898067 2.2
    endloop
  endfacet
  facet normal 0.6593458151000583 -0.7518398074789867 0
    outer loop
      vertex 87.17487373415291 53.22512626584708 31.2
      vertex 86.8306650015305 52.92326330898067 2.2
      vertex 87.17487373415291 53.22512626584708 2.2
    endloop
  endfacet
  facet normal 0.7518398074789808 -0.659345815100065 0
    outer loop
      vertex 87.17487373415291 53.22512626584708 31.2
      vertex 87.17487373415291 53.22512626584708 2.2
      vertex 87.47673669101931 53.56933499846947 2.2
    endloop
  endfacet
  facet normal 0.8314696123025415 -0.5555702330196078 0
    outer loop
      vertex 87.47673669101931 53.56933499846947 31.2
      vertex 87.47673669101931 53.56933499846947 2.2
      vertex 87.73108891324553 53.949999999999996 2.2
    endloop
  endfacet
  facet normal -0.9469301294951028 -0.3214394653031702 0
    outer loop
      vertex 81.31925960798824 54.79413334214117 31.2
      vertex 81.31925960798824 54.79413334214117 2.2
      vertex 81.46642163621048 54.36060798672218 2.2
    endloop
  endfacet
  facet normal -0.8968727415326905 -0.44228869021899664 0
    outer loop
      vertex 81.46642163621048 54.36060798672218 31.2
      vertex 81.46642163621048 54.36060798672218 2.2
      vertex 81.66891108675445 53.949999999999996 2.2
    endloop
  endfacet
  facet normal -0.9807852804032344 -0.19509032201610835 0
    outer loop
      vertex 81.22994298519166 55.243158327229814 31.2
      vertex 81.22994298519166 55.243158327229814 2.2
      vertex 81.31925960798824 54.79413334214117 2.2
    endloop
  endfacet
  facet normal -0.997858923238603 -0.0654031292301505 0
    outer loop
      vertex 81.19999999999999 55.699999999999996 31.2
      vertex 81.19999999999999 55.699999999999996 2.2
      vertex 81.22994298519166 55.243158327229814 2.2
    endloop
  endfacet
  facet normal -0.997858923238603 0.0654031292301505 0
    outer loop
      vertex 81.22994298519166 56.15684167277018 31.2
      vertex 81.22994298519166 56.15684167277018 2.2
      vertex 81.19999999999999 55.699999999999996 2.2
    endloop
  endfacet
  facet normal -0.9807852804032344 0.19509032201610835 0
    outer loop
      vertex 81.31925960798824 56.60586665785882 31.2
      vertex 81.31925960798824 56.60586665785882 2.2
      vertex 81.22994298519166 56.15684167277018 2.2
    endloop
  endfacet
  facet normal -0.9469301294951028 0.3214394653031702 0
    outer loop
      vertex 81.46642163621048 57.03939201327781 31.2
      vertex 81.46642163621048 57.03939201327781 2.2
      vertex 81.31925960798824 56.60586665785882 2.2
    endloop
  endfacet
  facet normal -0.8968727415326905 0.44228869021899664 0
    outer loop
      vertex 81.66891108675445 57.449999999999996 31.2
      vertex 81.66891108675445 57.449999999999996 2.2
      vertex 81.46642163621048 57.03939201327781 2.2
    endloop
  endfacet
  facet normal -0.8314696123025415 0.5555702330196078 0
    outer loop
      vertex 81.92326330898067 57.83066500153052 31.2
      vertex 81.92326330898067 57.83066500153052 2.2
      vertex 81.66891108675445 57.449999999999996 2.2
    endloop
  endfacet
  facet normal -0.7518398074789808 0.659345815100065 0
    outer loop
      vertex 82.22512626584707 58.17487373415291 31.2
      vertex 82.22512626584707 58.17487373415291 2.2
      vertex 81.92326330898067 57.83066500153052 2.2
    endloop
  endfacet
  facet normal -0.6593458151000583 0.7518398074789867 0
    outer loop
      vertex 82.22512626584707 58.17487373415291 31.2
      vertex 82.56933499846947 58.47673669101932 2.2
      vertex 82.22512626584707 58.17487373415291 2.2
    endloop
  endfacet
  facet normal -0.5555702330196042 0.8314696123025438 0
    outer loop
      vertex 82.56933499846947 58.47673669101932 31.2
      vertex 82.94999999999999 58.73108891324553 2.2
      vertex 82.56933499846947 58.47673669101932 2.2
    endloop
  endfacet
  facet normal -0.4422886902190092 0.8968727415326844 0
    outer loop
      vertex 82.94999999999999 58.73108891324553 31.2
      vertex 83.36060798672217 58.9335783637895 2.2
      vertex 82.94999999999999 58.73108891324553 2.2
    endloop
  endfacet
  facet normal -0.32143946530315626 0.9469301294951075 0
    outer loop
      vertex 83.36060798672217 58.9335783637895 31.2
      vertex 83.79413334214117 59.080740392011734 2.2
      vertex 83.36060798672217 58.9335783637895 2.2
    endloop
  endfacet
  facet normal -0.1950903220161382 0.9807852804032285 0
    outer loop
      vertex 83.79413334214117 59.080740392011734 31.2
      vertex 84.2431583272298 59.170057014808336 2.2
      vertex 83.79413334214117 59.080740392011734 2.2
    endloop
  endfacet
  facet normal -0.06540312923013505 0.997858923238604 0
    outer loop
      vertex 84.2431583272298 59.170057014808336 31.2
      vertex 84.69999999999999 59.199999999999996 2.2
      vertex 84.2431583272298 59.170057014808336 2.2
    endloop
  endfacet
  facet normal 0.06540312923013505 0.997858923238604 3.726315105111966e-20
    outer loop
      vertex 85.15684167277017 59.170057014808336 2.2
      vertex 84.69999999999999 59.199999999999996 2.2
      vertex 84.69999999999999 59.199999999999996 31.2
    endloop
  endfacet
  facet normal 0.8314696123025415 0.5555702330196078 0
    outer loop
      vertex 87.73108891324553 57.449999999999996 31.2
      vertex 87.73108891324553 57.449999999999996 2.2
      vertex 87.47673669101931 57.83066500153052 2.2
    endloop
  endfacet
  facet normal 0.8968727415326905 -0.44228869021899664 0
    outer loop
      vertex 87.73108891324553 53.949999999999996 31.2
      vertex 87.73108891324553 53.949999999999996 2.2
      vertex 87.9335783637895 54.36060798672218 2.2
    endloop
  endfacet
  facet normal 0.9469301294951028 -0.3214394653031702 0
    outer loop
      vertex 87.9335783637895 54.36060798672218 31.2
      vertex 87.9335783637895 54.36060798672218 2.2
      vertex 88.08074039201173 54.79413334214117 2.2
    endloop
  endfacet
  facet normal 0.9807852804032344 -0.19509032201610835 0
    outer loop
      vertex 88.08074039201173 54.79413334214117 31.2
      vertex 88.08074039201173 54.79413334214117 2.2
      vertex 88.17005701480832 55.243158327229814 2.2
    endloop
  endfacet
  facet normal 0.997858923238603 -0.0654031292301505 0
    outer loop
      vertex 88.17005701480832 55.243158327229814 31.2
      vertex 88.17005701480832 55.243158327229814 2.2
      vertex 88.19999999999999 55.699999999999996 2.2
    endloop
  endfacet
  facet normal 0.997858923238603 0.0654031292301505 0
    outer loop
      vertex 88.19999999999999 55.699999999999996 31.2
      vertex 88.19999999999999 55.699999999999996 2.2
      vertex 88.17005701480832 56.15684167277018 2.2
    endloop
  endfacet
  facet normal 0.9469301294951028 0.3214394653031702 0
    outer loop
      vertex 88.08074039201173 56.60586665785882 31.2
      vertex 88.08074039201173 56.60586665785882 2.2
      vertex 87.9335783637895 57.03939201327781 2.2
    endloop
  endfacet
  facet normal 0.9807852804032344 0.19509032201610835 0
    outer loop
      vertex 88.17005701480832 56.15684167277018 31.2
      vertex 88.17005701480832 56.15684167277018 2.2
      vertex 88.08074039201173 56.60586665785882 2.2
    endloop
  endfacet
  facet normal 0.8968727415326905 0.44228869021899664 0
    outer loop
      vertex 87.9335783637895 57.03939201327781 31.2
      vertex 87.9335783637895 57.03939201327781 2.2
      vertex 87.73108891324553 57.449999999999996 2.2
    endloop
  endfacet
  facet normal 0.1950903220161382 0.9807852804032285 0
    outer loop
      vertex 85.15684167277017 59.170057014808336 31.2
      vertex 85.60586665785881 59.080740392011734 2.2
      vertex 85.15684167277017 59.170057014808336 2.2
    endloop
  endfacet
  facet normal 0.32143946530315626 0.9469301294951075 0
    outer loop
      vertex 85.60586665785881 59.080740392011734 31.2
      vertex 86.0393920132778 58.9335783637895 2.2
      vertex 85.60586665785881 59.080740392011734 2.2
    endloop
  endfacet
  facet normal 0.4422886902190092 0.8968727415326844 0
    outer loop
      vertex 86.0393920132778 58.9335783637895 31.2
      vertex 86.44999999999999 58.73108891324553 2.2
      vertex 86.0393920132778 58.9335783637895 2.2
    endloop
  endfacet
  facet normal 0.5555702330196042 0.8314696123025438 0
    outer loop
      vertex 86.44999999999999 58.73108891324553 31.2
      vertex 86.8306650015305 58.47673669101932 2.2
      vertex 86.44999999999999 58.73108891324553 2.2
    endloop
  endfacet
  facet normal 0.6593458151000583 0.7518398074789867 0
    outer loop
      vertex 86.8306650015305 58.47673669101932 31.2
      vertex 87.17487373415291 58.17487373415291 2.2
      vertex 86.8306650015305 58.47673669101932 2.2
    endloop
  endfacet
  facet normal 0.7518398074789808 0.659345815100065 0
    outer loop
      vertex 87.47673669101931 57.83066500153052 31.2
      vertex 87.47673669101931 57.83066500153052 2.2
      vertex 87.17487373415291 58.17487373415291 2.2
    endloop
  endfacet
  facet normal -0.8314696123025415 -0.5555702330196078 0
    outer loop
      vertex 81.92326330898067 53.56933499846947 31.2
      vertex 81.66891108675445 53.949999999999996 31.2
      vertex 81.92326330898067 53.56933499846947 2.2
    endloop
  endfacet
  facet normal -0.5555702330196042 -0.8314696123025438 0
    outer loop
      vertex 82.56933499846947 52.92326330898067 31.2
      vertex 82.56933499846947 52.92326330898067 2.2
      vertex 82.94999999999999 52.66891108675446 31.2
    endloop
  endfacet
  facet normal -0.32143946530315626 -0.9469301294951075 0
    outer loop
      vertex 83.36060798672217 52.46642163621049 31.2
      vertex 83.36060798672217 52.46642163621049 2.2
      vertex 83.79413334214117 52.31925960798826 31.2
    endloop
  endfacet
  facet normal -0.4422886902190092 -0.8968727415326844 2.3786800862827817e-19
    outer loop
      vertex 83.36060798672217 52.46642163621049 31.2
      vertex 82.94999999999999 52.66891108675446 31.2
      vertex 82.94999999999999 52.66891108675446 2.2
    endloop
  endfacet
  facet normal -0.6593458151000583 -0.7518398074789867 -1.4905989302413247e-19
    outer loop
      vertex 82.56933499846947 52.92326330898067 31.2
      vertex 82.22512626584707 53.22512626584708 31.2
      vertex 82.22512626584707 53.22512626584708 2.2
    endloop
  endfacet
  facet normal -0.7518398074789808 -0.659345815100065 2.0898346267246667e-19
    outer loop
      vertex 81.92326330898067 53.56933499846947 31.2
      vertex 82.22512626584707 53.22512626584708 2.2
      vertex 82.22512626584707 53.22512626584708 31.2
    endloop
  endfacet
  facet normal -0.1950903220161382 -0.9807852804032285 0
    outer loop
      vertex 83.79413334214117 52.31925960798826 31.2
      vertex 83.79413334214117 52.31925960798826 2.2
      vertex 84.2431583272298 52.229942985191656 31.2
    endloop
  endfacet
  facet normal -0.06540312923013505 -0.997858923238604 0
    outer loop
      vertex 84.2431583272298 52.229942985191656 31.2
      vertex 84.2431583272298 52.229942985191656 2.2
      vertex 84.69999999999999 52.199999999999996 31.2
    endloop
  endfacet
  facet normal 0.06540312923013505 -0.997858923238604 0
    outer loop
      vertex 84.69999999999999 52.199999999999996 31.2
      vertex 84.69999999999999 52.199999999999996 2.2
      vertex 85.15684167277017 52.229942985191656 31.2
    endloop
  endfacet
  facet normal 0.1950903220161382 -0.9807852804032285 0
    outer loop
      vertex 85.15684167277017 52.229942985191656 31.2
      vertex 85.15684167277017 52.229942985191656 2.2
      vertex 85.60586665785881 52.31925960798826 31.2
    endloop
  endfacet
  facet normal 0.32143946530315626 -0.9469301294951075 0
    outer loop
      vertex 85.60586665785881 52.31925960798826 31.2
      vertex 85.60586665785881 52.31925960798826 2.2
      vertex 86.0393920132778 52.46642163621049 31.2
    endloop
  endfacet
  facet normal 0.4422886902190092 -0.8968727415326844 0
    outer loop
      vertex 86.0393920132778 52.46642163621049 31.2
      vertex 86.0393920132778 52.46642163621049 2.2
      vertex 86.44999999999999 52.66891108675446 31.2
    endloop
  endfacet
  facet normal 0.5555702330196042 -0.8314696123025438 0
    outer loop
      vertex 86.44999999999999 52.66891108675446 31.2
      vertex 86.44999999999999 52.66891108675446 2.2
      vertex 86.8306650015305 52.92326330898067 31.2
    endloop
  endfacet
  facet normal 0.6593458151000583 -0.7518398074789867 0
    outer loop
      vertex 86.8306650015305 52.92326330898067 31.2
      vertex 86.8306650015305 52.92326330898067 2.2
      vertex 87.17487373415291 53.22512626584708 31.2
    endloop
  endfacet
  facet normal 0.7518398074789808 -0.659345815100065 -2.0898346267246667e-19
    outer loop
      vertex 87.17487373415291 53.22512626584708 31.2
      vertex 87.47673669101931 53.56933499846947 2.2
      vertex 87.47673669101931 53.56933499846947 31.2
    endloop
  endfacet
  facet normal 0.8314696123025415 -0.5555702330196078 3.207292784151252e-19
    outer loop
      vertex 87.47673669101931 53.56933499846947 31.2
      vertex 87.73108891324553 53.949999999999996 2.2
      vertex 87.73108891324553 53.949999999999996 31.2
    endloop
  endfacet
  facet normal -0.8968727415326905 -0.44228869021899664 4.796261089385941e-19
    outer loop
      vertex 81.46642163621048 54.36060798672218 31.2
      vertex 81.66891108675445 53.949999999999996 2.2
      vertex 81.66891108675445 53.949999999999996 31.2
    endloop
  endfacet
  facet normal -0.9469301294951028 -0.3214394653031702 0
    outer loop
      vertex 81.46642163621048 54.36060798672218 31.2
      vertex 81.31925960798824 54.79413334214117 31.2
      vertex 81.46642163621048 54.36060798672218 2.2
    endloop
  endfacet
  facet normal -0.9807852804032344 -0.19509032201610835 0
    outer loop
      vertex 81.31925960798824 54.79413334214117 31.2
      vertex 81.22994298519166 55.243158327229814 31.2
      vertex 81.31925960798824 54.79413334214117 2.2
    endloop
  endfacet
  facet normal -0.997858923238603 -0.0654031292301505 0
    outer loop
      vertex 81.22994298519166 55.243158327229814 31.2
      vertex 81.19999999999999 55.699999999999996 31.2
      vertex 81.22994298519166 55.243158327229814 2.2
    endloop
  endfacet
  facet normal -0.997858923238603 0.0654031292301505 0
    outer loop
      vertex 81.19999999999999 55.699999999999996 31.2
      vertex 81.22994298519166 56.15684167277018 31.2
      vertex 81.19999999999999 55.699999999999996 2.2
    endloop
  endfacet
  facet normal -0.9807852804032344 0.19509032201610835 0
    outer loop
      vertex 81.22994298519166 56.15684167277018 31.2
      vertex 81.31925960798824 56.60586665785882 31.2
      vertex 81.22994298519166 56.15684167277018 2.2
    endloop
  endfacet
  facet normal -0.9469301294951028 0.3214394653031702 0
    outer loop
      vertex 81.31925960798824 56.60586665785882 31.2
      vertex 81.46642163621048 57.03939201327781 31.2
      vertex 81.31925960798824 56.60586665785882 2.2
    endloop
  endfacet
  facet normal -0.8968727415326905 0.44228869021899664 0
    outer loop
      vertex 81.46642163621048 57.03939201327781 31.2
      vertex 81.66891108675445 57.449999999999996 31.2
      vertex 81.46642163621048 57.03939201327781 2.2
    endloop
  endfacet
  facet normal -0.8314696123025415 0.5555702330196078 0
    outer loop
      vertex 81.66891108675445 57.449999999999996 31.2
      vertex 81.92326330898067 57.83066500153052 31.2
      vertex 81.66891108675445 57.449999999999996 2.2
    endloop
  endfacet
  facet normal -0.7518398074789808 0.659345815100065 0
    outer loop
      vertex 81.92326330898067 57.83066500153052 31.2
      vertex 82.22512626584707 58.17487373415291 31.2
      vertex 81.92326330898067 57.83066500153052 2.2
    endloop
  endfacet
  facet normal -0.6593458151000583 0.7518398074789867 1.4905989302413247e-19
    outer loop
      vertex 82.22512626584707 58.17487373415291 31.2
      vertex 82.56933499846947 58.47673669101932 31.2
      vertex 82.56933499846947 58.47673669101932 2.2
    endloop
  endfacet
  facet normal -0.5555702330196042 0.8314696123025438 1.8607996946742503e-19
    outer loop
      vertex 82.56933499846947 58.47673669101932 31.2
      vertex 82.94999999999999 58.73108891324553 31.2
      vertex 82.94999999999999 58.73108891324553 2.2
    endloop
  endfacet
  facet normal -0.4422886902190092 0.8968727415326844 -2.3786800862827817e-19
    outer loop
      vertex 82.94999999999999 58.73108891324553 31.2
      vertex 83.36060798672217 58.9335783637895 31.2
      vertex 83.36060798672217 58.9335783637895 2.2
    endloop
  endfacet
  facet normal -0.32143946530315626 0.9469301294951075 -3.0320732132629362e-21
    outer loop
      vertex 83.36060798672217 58.9335783637895 31.2
      vertex 83.79413334214117 59.080740392011734 31.2
      vertex 83.79413334214117 59.080740392011734 2.2
    endloop
  endfacet
  facet normal -0.1950903220161382 0.9807852804032285 -6.518027356715118e-20
    outer loop
      vertex 83.79413334214117 59.080740392011734 31.2
      vertex 84.2431583272298 59.170057014808336 31.2
      vertex 84.2431583272298 59.170057014808336 2.2
    endloop
  endfacet
  facet normal -0.06540312923013505 0.997858923238604 -3.726315105111966e-20
    outer loop
      vertex 84.2431583272298 59.170057014808336 31.2
      vertex 84.69999999999999 59.199999999999996 31.2
      vertex 84.69999999999999 59.199999999999996 2.2
    endloop
  endfacet
  facet normal 0.8314696123025415 0.5555702330196078 0
    outer loop
      vertex 87.47673669101931 57.83066500153052 31.2
      vertex 87.73108891324553 57.449999999999996 31.2
      vertex 87.47673669101931 57.83066500153052 2.2
    endloop
  endfacet
  facet normal 0.8968727415326905 -0.44228869021899664 -4.796261089385941e-19
    outer loop
      vertex 87.73108891324553 53.949999999999996 31.2
      vertex 87.9335783637895 54.36060798672218 2.2
      vertex 87.9335783637895 54.36060798672218 31.2
    endloop
  endfacet
  facet normal 0.9469301294951028 -0.3214394653031702 -3.9635127965538727e-20
    outer loop
      vertex 87.9335783637895 54.36060798672218 31.2
      vertex 88.08074039201173 54.79413334214117 2.2
      vertex 88.08074039201173 54.79413334214117 31.2
    endloop
  endfacet
  facet normal 0.9807852804032344 -0.19509032201610835 1.4221591353229052e-19
    outer loop
      vertex 88.08074039201173 54.79413334214117 31.2
      vertex 88.17005701480832 55.243158327229814 2.2
      vertex 88.17005701480832 55.243158327229814 31.2
    endloop
  endfacet
  facet normal 0.997858923238603 -0.0654031292301505 -8.06219811148927e-21
    outer loop
      vertex 88.17005701480832 55.243158327229814 31.2
      vertex 88.19999999999999 55.699999999999996 2.2
      vertex 88.19999999999999 55.699999999999996 31.2
    endloop
  endfacet
  facet normal 0.997858923238603 0.0654031292301505 8.06219811148927e-21
    outer loop
      vertex 88.19999999999999 55.699999999999996 31.2
      vertex 88.17005701480832 56.15684167277018 2.2
      vertex 88.17005701480832 56.15684167277018 31.2
    endloop
  endfacet
  facet normal 0.9807852804032344 0.19509032201610835 -1.4221591353229052e-19
    outer loop
      vertex 88.17005701480832 56.15684167277018 31.2
      vertex 88.08074039201173 56.60586665785882 2.2
      vertex 88.08074039201173 56.60586665785882 31.2
    endloop
  endfacet
  facet normal 0.9469301294951028 0.3214394653031702 3.9635127965538727e-20
    outer loop
      vertex 88.08074039201173 56.60586665785882 31.2
      vertex 87.9335783637895 57.03939201327781 2.2
      vertex 87.9335783637895 57.03939201327781 31.2
    endloop
  endfacet
  facet normal 0.8968727415326905 0.44228869021899664 4.796261089385941e-19
    outer loop
      vertex 87.9335783637895 57.03939201327781 31.2
      vertex 87.73108891324553 57.449999999999996 2.2
      vertex 87.73108891324553 57.449999999999996 31.2
    endloop
  endfacet
  facet normal 0.06540312923013505 0.997858923238604 3.726315105111966e-20
    outer loop
      vertex 84.69999999999999 59.199999999999996 31.2
      vertex 85.15684167277017 59.170057014808336 31.2
      vertex 85.15684167277017 59.170057014808336 2.2
    endloop
  endfacet
  facet normal 0.1950903220161382 0.9807852804032285 6.518027356715118e-20
    outer loop
      vertex 85.15684167277017 59.170057014808336 31.2
      vertex 85.60586665785881 59.080740392011734 31.2
      vertex 85.60586665785881 59.080740392011734 2.2
    endloop
  endfacet
  facet normal 0.32143946530315626 0.9469301294951075 3.0320732132629362e-21
    outer loop
      vertex 85.60586665785881 59.080740392011734 31.2
      vertex 86.0393920132778 58.9335783637895 31.2
      vertex 86.0393920132778 58.9335783637895 2.2
    endloop
  endfacet
  facet normal 0.4422886902190092 0.8968727415326844 2.3786800862827817e-19
    outer loop
      vertex 86.0393920132778 58.9335783637895 31.2
      vertex 86.44999999999999 58.73108891324553 31.2
      vertex 86.44999999999999 58.73108891324553 2.2
    endloop
  endfacet
  facet normal 0.5555702330196042 0.8314696123025438 -1.8607996946742503e-19
    outer loop
      vertex 86.44999999999999 58.73108891324553 31.2
      vertex 86.8306650015305 58.47673669101932 31.2
      vertex 86.8306650015305 58.47673669101932 2.2
    endloop
  endfacet
  facet normal 0.6593458151000583 0.7518398074789867 -1.4905989302413247e-19
    outer loop
      vertex 86.8306650015305 58.47673669101932 31.2
      vertex 87.17487373415291 58.17487373415291 31.2
      vertex 87.17487373415291 58.17487373415291 2.2
    endloop
  endfacet
  facet normal 0.7518398074789808 0.659345815100065 2.0898346267246667e-19
    outer loop
      vertex 87.47673669101931 57.83066500153052 31.2
      vertex 87.17487373415291 58.17487373415291 2.2
      vertex 87.17487373415291 58.17487373415291 31.2
    endloop
  endfacet
  facet normal 0 0 1
    outer loop
      vertex 83.79413334214117 52.31925960798826 31.2
      vertex 84.2431583272298 52.229942985191656 31.2
      vertex 84.06080049954083 54.8669789926942 31.2
    endloop
  endfacet
  facet normal 0 0 1
    outer loop
      vertex 84.2431583272298 52.229942985191656 31.2
      vertex 84.69999999999999 52.199999999999996 31.2
      vertex 84.42824000264234 54.68577788239647 31.2
    endloop
  endfacet
  facet normal 0 0 1
    outer loop
      vertex 84.69999999999999 52.199999999999996 31.2
      vertex 85.15684167277017 52.229942985191656 31.2
      vertex 84.69999999999999 54.65 31.2
    endloop
  endfacet
  facet normal 0 0 1
    outer loop
      vertex 84.2431583272298 52.229942985191656 31.2
      vertex 84.42824000264234 54.68577788239647 31.2
      vertex 84.29818239601664 54.72992649086314 31.2
    endloop
  endfacet
  facet normal 0 0 1
    outer loop
      vertex 84.69999999999999 52.199999999999996 31.2
      vertex 84.56294749816894 54.65898289555749 31.2
      vertex 84.42824000264234 54.68577788239647 31.2
    endloop
  endfacet
  facet normal 0 0 1
    outer loop
      vertex 84.69999999999999 52.199999999999996 31.2
      vertex 84.69999999999999 54.65 31.2
      vertex 84.56294749816894 54.65898289555749 31.2
    endloop
  endfacet
  facet normal 0 0 1
    outer loop
      vertex 85.15684167277017 52.229942985191656 31.2
      vertex 84.83705250183104 54.65898289555749 31.2
      vertex 84.69999999999999 54.65 31.2
    endloop
  endfacet
  facet normal 0 0 1
    outer loop
      vertex 85.15684167277017 52.229942985191656 31.2
      vertex 85.60586665785881 52.31925960798826 31.2
      vertex 85.10181760398333 54.72992649086314 31.2
    endloop
  endfacet
  facet normal 0 0 1
    outer loop
      vertex 85.15684167277017 52.229942985191656 31.2
      vertex 84.97175999735764 54.68577788239647 31.2
      vertex 84.83705250183104 54.65898289555749 31.2
    endloop
  endfacet
  facet normal 0 0 1
    outer loop
      vertex 85.15684167277017 52.229942985191656 31.2
      vertex 85.10181760398333 54.72992649086314 31.2
      vertex 84.97175999735764 54.68577788239647 31.2
    endloop
  endfacet
  facet normal 0 0 1
    outer loop
      vertex 85.60586665785881 52.31925960798826 31.2
      vertex 86.0393920132778 52.46642163621049 31.2
      vertex 85.53302100730579 55.06080049954084 31.2
    endloop
  endfacet
  facet normal 0 0 1
    outer loop
      vertex 81.46642163621048 54.36060798672218 31.2
      vertex 81.31925960798824 56.60586665785882 31.2
      vertex 81.31925960798824 54.79413334214117 31.2
    endloop
  endfacet
  facet normal 0 0 1
    outer loop
      vertex 81.31925960798824 54.79413334214117 31.2
      vertex 81.22994298519166 56.15684167277018 31.2
      vertex 81.22994298519166 55.243158327229814 31.2
    endloop
  endfacet
  facet normal 0 0 1
    outer loop
      vertex 81.22994298519166 55.243158327229814 31.2
      vertex 81.22994298519166 56.15684167277018 31.2
      vertex 81.19999999999999 55.699999999999996 31.2
    endloop
  endfacet
  facet normal 0 0 1
    outer loop
      vertex 81.46642163621048 54.36060798672218 31.2
      vertex 81.66891108675445 53.949999999999996 31.2
      vertex 81.46642163621048 57.03939201327781 31.2
    endloop
  endfacet
  facet normal 0 0 1
    outer loop
      vertex 81.92326330898067 53.56933499846947 31.2
      vertex 81.66891108675445 57.449999999999996 31.2
      vertex 81.66891108675445 53.949999999999996 31.2
    endloop
  endfacet
  facet normal 0 0 1
    outer loop
      vertex 81.92326330898067 53.56933499846947 31.2
      vertex 82.22512626584707 53.22512626584708 31.2
      vertex 81.92326330898067 57.83066500153052 31.2
    endloop
  endfacet
  facet normal 0 0 1
    outer loop
      vertex 81.31925960798824 54.79413334214117 31.2
      vertex 81.31925960798824 56.60586665785882 31.2
      vertex 81.22994298519166 56.15684167277018 31.2
    endloop
  endfacet
  facet normal 0 0 1
    outer loop
      vertex 81.46642163621048 54.36060798672218 31.2
      vertex 81.46642163621048 57.03939201327781 31.2
      vertex 81.31925960798824 56.60586665785882 31.2
    endloop
  endfacet
  facet normal 0 0 1
    outer loop
      vertex 81.66891108675445 53.949999999999996 31.2
      vertex 81.66891108675445 57.449999999999996 31.2
      vertex 81.46642163621048 57.03939201327781 31.2
    endloop
  endfacet
  facet normal 0 0 1
    outer loop
      vertex 81.92326330898067 53.56933499846947 31.2
      vertex 81.92326330898067 57.83066500153052 31.2
      vertex 81.66891108675445 57.449999999999996 31.2
    endloop
  endfacet
  facet normal 0 0 1
    outer loop
      vertex 82.56933499846947 52.92326330898067 31.2
      vertex 82.22512626584707 58.17487373415291 31.2
      vertex 82.22512626584707 53.22512626584708 31.2
    endloop
  endfacet
  facet normal 0 0 1
    outer loop
      vertex 82.56933499846947 52.92326330898067 31.2
      vertex 82.94999999999999 52.66891108675446 31.2
      vertex 82.56933499846947 58.47673669101932 31.2
    endloop
  endfacet
  facet normal 0 0 1
    outer loop
      vertex 83.36060798672217 52.46642163621049 31.2
      vertex 82.94999999999999 58.73108891324553 31.2
      vertex 82.94999999999999 52.66891108675446 31.2
    endloop
  endfacet
  facet normal 0 0 1
    outer loop
      vertex 83.36060798672217 52.46642163621049 31.2
      vertex 83.79413334214117 52.31925960798826 31.2
      vertex 83.36060798672217 58.9335783637895 31.2
    endloop
  endfacet
  facet normal 0 0 1
    outer loop
      vertex 83.79413334214117 52.31925960798826 31.2
      vertex 83.95753787975411 54.95753787975412 31.2
      vertex 83.86697899269419 55.06080049954084 31.2
    endloop
  endfacet
  facet normal 0 0 1
    outer loop
      vertex 83.79413334214117 52.31925960798826 31.2
      vertex 83.86697899269419 55.06080049954084 31.2
      vertex 83.79067332602632 55.175 31.2
    endloop
  endfacet
  facet normal 0 0 1
    outer loop
      vertex 83.79413334214117 52.31925960798826 31.2
      vertex 83.79067332602632 55.175 31.2
      vertex 83.72992649086314 55.29818239601665 31.2
    endloop
  endfacet
  facet normal 0 0 1
    outer loop
      vertex 83.79413334214117 52.31925960798826 31.2
      vertex 83.72992649086314 55.29818239601665 31.2
      vertex 83.68577788239647 55.42824000264235 31.2
    endloop
  endfacet
  facet normal 0 0 1
    outer loop
      vertex 83.79413334214117 52.31925960798826 31.2
      vertex 84.06080049954083 54.8669789926942 31.2
      vertex 83.95753787975411 54.95753787975412 31.2
    endloop
  endfacet
  facet normal 0 0 1
    outer loop
      vertex 84.2431583272298 52.229942985191656 31.2
      vertex 84.17499999999998 54.79067332602634 31.2
      vertex 84.06080049954083 54.8669789926942 31.2
    endloop
  endfacet
  facet normal 0 0 1
    outer loop
      vertex 83.79413334214117 52.31925960798826 31.2
      vertex 83.68577788239647 55.42824000264235 31.2
      vertex 83.65898289555749 55.56294749816894 31.2
    endloop
  endfacet
  facet normal 0 0 1
    outer loop
      vertex 83.79413334214117 52.31925960798826 31.2
      vertex 83.65898289555749 55.56294749816894 31.2
      vertex 83.64999999999999 55.699999999999996 31.2
    endloop
  endfacet
  facet normal 0 0 1
    outer loop
      vertex 84.2431583272298 52.229942985191656 31.2
      vertex 84.29818239601664 54.72992649086314 31.2
      vertex 84.17499999999998 54.79067332602634 31.2
    endloop
  endfacet
  facet normal 0 0 1
    outer loop
      vertex 83.79413334214117 52.31925960798826 31.2
      vertex 83.64999999999999 55.699999999999996 31.2
      vertex 83.36060798672217 58.9335783637895 31.2
    endloop
  endfacet
  facet normal 0 0 1
    outer loop
      vertex 82.22512626584707 53.22512626584708 31.2
      vertex 82.22512626584707 58.17487373415291 31.2
      vertex 81.92326330898067 57.83066500153052 31.2
    endloop
  endfacet
  facet normal 0 0 1
    outer loop
      vertex 82.56933499846947 52.92326330898067 31.2
      vertex 82.56933499846947 58.47673669101932 31.2
      vertex 82.22512626584707 58.17487373415291 31.2
    endloop
  endfacet
  facet normal 0 0 1
    outer loop
      vertex 82.56933499846947 58.47673669101932 31.2
      vertex 82.94999999999999 52.66891108675446 31.2
      vertex 82.94999999999999 58.73108891324553 31.2
    endloop
  endfacet
  facet normal 0 0 1
    outer loop
      vertex 83.36060798672217 52.46642163621049 31.2
      vertex 83.36060798672217 58.9335783637895 31.2
      vertex 82.94999999999999 58.73108891324553 31.2
    endloop
  endfacet
  facet normal 0 0 1
    outer loop
      vertex 83.64999999999999 55.699999999999996 31.2
      vertex 83.65898289555749 55.83705250183105 31.2
      vertex 83.36060798672217 58.9335783637895 31.2
    endloop
  endfacet
  facet normal 0 0 1
    outer loop
      vertex 83.65898289555749 55.83705250183105 31.2
      vertex 83.68577788239647 55.971759997357644 31.2
      vertex 83.36060798672217 58.9335783637895 31.2
    endloop
  endfacet
  facet normal 0 0 1
    outer loop
      vertex 83.68577788239647 55.971759997357644 31.2
      vertex 83.72992649086314 56.10181760398334 31.2
      vertex 83.36060798672217 58.9335783637895 31.2
    endloop
  endfacet
  facet normal 0 0 1
    outer loop
      vertex 83.72992649086314 56.10181760398334 31.2
      vertex 83.79067332602632 56.224999999999994 31.2
      vertex 83.36060798672217 58.9335783637895 31.2
    endloop
  endfacet
  facet normal 0 0 1
    outer loop
      vertex 83.79067332602632 56.224999999999994 31.2
      vertex 83.86697899269419 56.33919950045915 31.2
      vertex 83.36060798672217 58.9335783637895 31.2
    endloop
  endfacet
  facet normal 0 0 1
    outer loop
      vertex 83.86697899269419 56.33919950045915 31.2
      vertex 83.95753787975411 56.44246212024587 31.2
      vertex 83.79413334214117 59.080740392011734 31.2
    endloop
  endfacet
  facet normal 0 0 1
    outer loop
      vertex 83.95753787975411 56.44246212024587 31.2
      vertex 84.06080049954083 56.53302100730579 31.2
      vertex 83.79413334214117 59.080740392011734 31.2
    endloop
  endfacet
  facet normal 0 0 1
    outer loop
      vertex 84.06080049954083 56.53302100730579 31.2
      vertex 84.17499999999998 56.609326673973655 31.2
      vertex 83.79413334214117 59.080740392011734 31.2
    endloop
  endfacet
  facet normal 0 0 1
    outer loop
      vertex 84.17499999999998 56.609326673973655 31.2
      vertex 84.29818239601664 56.67007350913685 31.2
      vertex 83.79413334214117 59.080740392011734 31.2
    endloop
  endfacet
  facet normal 0 0 1
    outer loop
      vertex 84.29818239601664 56.67007350913685 31.2
      vertex 84.42824000264234 56.71422211760352 31.2
      vertex 84.2431583272298 59.170057014808336 31.2
    endloop
  endfacet
  facet normal 0 0 1
    outer loop
      vertex 84.42824000264234 56.71422211760352 31.2
      vertex 84.56294749816894 56.7410171044425 31.2
      vertex 84.2431583272298 59.170057014808336 31.2
    endloop
  endfacet
  facet normal 0 0 1
    outer loop
      vertex 84.56294749816894 56.7410171044425 31.2
      vertex 84.69999999999999 56.74999999999999 31.2
      vertex 84.2431583272298 59.170057014808336 31.2
    endloop
  endfacet
  facet normal 0 0 1
    outer loop
      vertex 84.69999999999999 56.74999999999999 31.2
      vertex 84.83705250183104 56.7410171044425 31.2
      vertex 84.69999999999999 59.199999999999996 31.2
    endloop
  endfacet
  facet normal 0 0 1
    outer loop
      vertex 84.83705250183104 56.7410171044425 31.2
      vertex 84.97175999735764 56.71422211760352 31.2
      vertex 84.69999999999999 59.199999999999996 31.2
    endloop
  endfacet
  facet normal 0 0 1
    outer loop
      vertex 83.86697899269419 56.33919950045915 31.2
      vertex 83.79413334214117 59.080740392011734 31.2
      vertex 83.36060798672217 58.9335783637895 31.2
    endloop
  endfacet
  facet normal 0 0 1
    outer loop
      vertex 84.29818239601664 56.67007350913685 31.2
      vertex 84.2431583272298 59.170057014808336 31.2
      vertex 83.79413334214117 59.080740392011734 31.2
    endloop
  endfacet
  facet normal 0 0 1
    outer loop
      vertex 84.69999999999999 56.74999999999999 31.2
      vertex 84.69999999999999 59.199999999999996 31.2
      vertex 84.2431583272298 59.170057014808336 31.2
    endloop
  endfacet
  facet normal 0 0 1
    outer loop
      vertex 85.10181760398333 54.72992649086314 31.2
      vertex 85.60586665785881 52.31925960798826 31.2
      vertex 85.225 54.79067332602634 31.2
    endloop
  endfacet
  facet normal 0 0 1
    outer loop
      vertex 85.225 54.79067332602634 31.2
      vertex 85.60586665785881 52.31925960798826 31.2
      vertex 85.33919950045915 54.8669789926942 31.2
    endloop
  endfacet
  facet normal 0 0 1
    outer loop
      vertex 85.33919950045915 54.8669789926942 31.2
      vertex 85.60586665785881 52.31925960798826 31.2
      vertex 85.44246212024586 54.95753787975412 31.2
    endloop
  endfacet
  facet normal 0 0 1
    outer loop
      vertex 85.44246212024586 54.95753787975412 31.2
      vertex 85.60586665785881 52.31925960798826 31.2
      vertex 85.53302100730579 55.06080049954084 31.2
    endloop
  endfacet
  facet normal 0 0 1
    outer loop
      vertex 86.0393920132778 52.46642163621049 31.2
      vertex 85.60932667397365 55.175 31.2
      vertex 85.53302100730579 55.06080049954084 31.2
    endloop
  endfacet
  facet normal 0 0 1
    outer loop
      vertex 86.0393920132778 52.46642163621049 31.2
      vertex 85.67007350913684 55.29818239601665 31.2
      vertex 85.60932667397365 55.175 31.2
    endloop
  endfacet
  facet normal 0 0 1
    outer loop
      vertex 86.0393920132778 52.46642163621049 31.2
      vertex 85.71422211760351 55.42824000264235 31.2
      vertex 85.67007350913684 55.29818239601665 31.2
    endloop
  endfacet
  facet normal 0 0 1
    outer loop
      vertex 86.0393920132778 52.46642163621049 31.2
      vertex 85.74101710444249 55.56294749816894 31.2
      vertex 85.71422211760351 55.42824000264235 31.2
    endloop
  endfacet
  facet normal 0 0 1
    outer loop
      vertex 86.0393920132778 52.46642163621049 31.2
      vertex 85.74999999999999 55.699999999999996 31.2
      vertex 85.74101710444249 55.56294749816894 31.2
    endloop
  endfacet
  facet normal 0 0 1
    outer loop
      vertex 86.0393920132778 52.46642163621049 31.2
      vertex 86.44999999999999 52.66891108675446 31.2
      vertex 86.0393920132778 58.9335783637895 31.2
    endloop
  endfacet
  facet normal 0 0 1
    outer loop
      vertex 86.0393920132778 52.46642163621049 31.2
      vertex 85.60586665785881 59.080740392011734 31.2
      vertex 85.74999999999999 55.699999999999996 31.2
    endloop
  endfacet
  facet normal 0 0 1
    outer loop
      vertex 86.44999999999999 52.66891108675446 31.2
      vertex 86.8306650015305 52.92326330898067 31.2
      vertex 86.44999999999999 58.73108891324553 31.2
    endloop
  endfacet
  facet normal 0 0 1
    outer loop
      vertex 86.8306650015305 52.92326330898067 31.2
      vertex 87.17487373415291 53.22512626584708 31.2
      vertex 86.8306650015305 58.47673669101932 31.2
    endloop
  endfacet
  facet normal 0 0 1
    outer loop
      vertex 87.17487373415291 53.22512626584708 31.2
      vertex 87.47673669101931 53.56933499846947 31.2
      vertex 87.17487373415291 58.17487373415291 31.2
    endloop
  endfacet
  facet normal 0 0 1
    outer loop
      vertex 87.47673669101931 53.56933499846947 31.2
      vertex 87.73108891324553 53.949999999999996 31.2
      vertex 87.47673669101931 57.83066500153052 31.2
    endloop
  endfacet
  facet normal 0 0 1
    outer loop
      vertex 86.44999999999999 52.66891108675446 31.2
      vertex 86.44999999999999 58.73108891324553 31.2
      vertex 86.0393920132778 58.9335783637895 31.2
    endloop
  endfacet
  facet normal 0 0 1
    outer loop
      vertex 85.67007350913684 56.10181760398334 31.2
      vertex 85.60586665785881 59.080740392011734 31.2
      vertex 85.60932667397365 56.224999999999994 31.2
    endloop
  endfacet
  facet normal 0 0 1
    outer loop
      vertex 85.60932667397365 56.224999999999994 31.2
      vertex 85.60586665785881 59.080740392011734 31.2
      vertex 85.53302100730579 56.33919950045915 31.2
    endloop
  endfacet
  facet normal 0 0 1
    outer loop
      vertex 85.10181760398333 56.67007350913685 31.2
      vertex 85.225 56.609326673973655 31.2
      vertex 85.15684167277017 59.170057014808336 31.2
    endloop
  endfacet
  facet normal 0 0 1
    outer loop
      vertex 85.33919950045915 56.53302100730579 31.2
      vertex 85.15684167277017 59.170057014808336 31.2
      vertex 85.225 56.609326673973655 31.2
    endloop
  endfacet
  facet normal 0 0 1
    outer loop
      vertex 84.97175999735764 56.71422211760352 31.2
      vertex 85.10181760398333 56.67007350913685 31.2
      vertex 85.15684167277017 59.170057014808336 31.2
    endloop
  endfacet
  facet normal 0 0 1
    outer loop
      vertex 85.33919950045915 56.53302100730579 31.2
      vertex 85.44246212024586 56.44246212024587 31.2
      vertex 85.60586665785881 59.080740392011734 31.2
    endloop
  endfacet
  facet normal 0 0 1
    outer loop
      vertex 85.44246212024586 56.44246212024587 31.2
      vertex 85.53302100730579 56.33919950045915 31.2
      vertex 85.60586665785881 59.080740392011734 31.2
    endloop
  endfacet
  facet normal 0 0 1
    outer loop
      vertex 85.74999999999999 55.699999999999996 31.2
      vertex 85.60586665785881 59.080740392011734 31.2
      vertex 85.74101710444249 55.83705250183105 31.2
    endloop
  endfacet
  facet normal 0 0 1
    outer loop
      vertex 85.74101710444249 55.83705250183105 31.2
      vertex 85.60586665785881 59.080740392011734 31.2
      vertex 85.71422211760351 55.971759997357644 31.2
    endloop
  endfacet
  facet normal 0 0 1
    outer loop
      vertex 86.0393920132778 52.46642163621049 31.2
      vertex 86.0393920132778 58.9335783637895 31.2
      vertex 85.60586665785881 59.080740392011734 31.2
    endloop
  endfacet
  facet normal 0 0 1
    outer loop
      vertex 85.71422211760351 55.971759997357644 31.2
      vertex 85.60586665785881 59.080740392011734 31.2
      vertex 85.67007350913684 56.10181760398334 31.2
    endloop
  endfacet
  facet normal 0 0 1
    outer loop
      vertex 86.8306650015305 52.92326330898067 31.2
      vertex 86.8306650015305 58.47673669101932 31.2
      vertex 86.44999999999999 58.73108891324553 31.2
    endloop
  endfacet
  facet normal 0 0 1
    outer loop
      vertex 87.17487373415291 53.22512626584708 31.2
      vertex 87.17487373415291 58.17487373415291 31.2
      vertex 86.8306650015305 58.47673669101932 31.2
    endloop
  endfacet
  facet normal 0 0 1
    outer loop
      vertex 87.47673669101931 53.56933499846947 31.2
      vertex 87.47673669101931 57.83066500153052 31.2
      vertex 87.17487373415291 58.17487373415291 31.2
    endloop
  endfacet
  facet normal 0 0 1
    outer loop
      vertex 87.73108891324553 53.949999999999996 31.2
      vertex 87.73108891324553 57.449999999999996 31.2
      vertex 87.47673669101931 57.83066500153052 31.2
    endloop
  endfacet
  facet normal 0 0 1
    outer loop
      vertex 87.73108891324553 53.949999999999996 31.2
      vertex 87.9335783637895 54.36060798672218 31.2
      vertex 87.73108891324553 57.449999999999996 31.2
    endloop
  endfacet
  facet normal 0 0 1
    outer loop
      vertex 87.9335783637895 54.36060798672218 31.2
      vertex 88.08074039201173 54.79413334214117 31.2
      vertex 87.9335783637895 57.03939201327781 31.2
    endloop
  endfacet
  facet normal 0 0 1
    outer loop
      vertex 88.08074039201173 54.79413334214117 31.2
      vertex 88.17005701480832 55.243158327229814 31.2
      vertex 88.08074039201173 56.60586665785882 31.2
    endloop
  endfacet
  facet normal 0 0 1
    outer loop
      vertex 88.17005701480832 55.243158327229814 31.2
      vertex 88.19999999999999 55.699999999999996 31.2
      vertex 88.17005701480832 56.15684167277018 31.2
    endloop
  endfacet
  facet normal 0 0 1
    outer loop
      vertex 87.9335783637895 54.36060798672218 31.2
      vertex 87.9335783637895 57.03939201327781 31.2
      vertex 87.73108891324553 57.449999999999996 31.2
    endloop
  endfacet
  facet normal 0 0 1
    outer loop
      vertex 88.08074039201173 54.79413334214117 31.2
      vertex 88.08074039201173 56.60586665785882 31.2
      vertex 87.9335783637895 57.03939201327781 31.2
    endloop
  endfacet
  facet normal 0 0 1
    outer loop
      vertex 88.17005701480832 55.243158327229814 31.2
      vertex 88.17005701480832 56.15684167277018 31.2
      vertex 88.08074039201173 56.60586665785882 31.2
    endloop
  endfacet
  facet normal 0 0 1
    outer loop
      vertex 84.97175999735764 56.71422211760352 31.2
      vertex 85.15684167277017 59.170057014808336 31.2
      vertex 84.69999999999999 59.199999999999996 31.2
    endloop
  endfacet
  facet normal 0 0 1
    outer loop
      vertex 85.33919950045915 56.53302100730579 31.2
      vertex 85.60586665785881 59.080740392011734 31.2
      vertex 85.15684167277017 59.170057014808336 31.2
    endloop
  endfacet
  facet normal -0.7518398074789834 -0.659345815100062 0
    outer loop
      vertex 81.92326330898067 3.769334998469478 31.2
      vertex 81.92326330898067 3.769334998469478 2.2
      vertex 82.22512626584707 3.425126265847084 2.2
    endloop
  endfacet
  facet normal -0.44228869021900297 -0.8968727415326875 0
    outer loop
      vertex 83.36060798672217 2.666421636210497 31.2
      vertex 82.94999999999999 2.868911086754465 2.2
      vertex 83.36060798672217 2.666421636210497 2.2
    endloop
  endfacet
  facet normal -0.6593458151000566 -0.751839807478988 0
    outer loop
      vertex 82.56933499846947 3.123263308980677 31.2
      vertex 82.22512626584707 3.425126265847084 2.2
      vertex 82.56933499846947 3.123263308980677 2.2
    endloop
  endfacet
  facet normal -0.5555702330196075 -0.8314696123025416 0
    outer loop
      vertex 82.94999999999999 2.868911086754465 31.2
      vertex 82.56933499846947 3.123263308980677 2.2
      vertex 82.94999999999999 2.868911086754465 2.2
    endloop
  endfacet
  facet normal -0.3214394653031606 -0.946930129495106 0
    outer loop
      vertex 83.79413334214117 2.5192596079882614 31.2
      vertex 83.36060798672217 2.666421636210497 2.2
      vertex 83.79413334214117 2.5192596079882614 2.2
    endloop
  endfacet
  facet normal -0.19509032201612886 -0.9807852804032304 0
    outer loop
      vertex 84.2431583272298 2.429942985191664 31.2
      vertex 83.79413334214117 2.5192596079882614 2.2
      vertex 84.2431583272298 2.429942985191664 2.2
    endloop
  endfacet
  facet normal -0.06540312923014277 -0.9978589232386035 0
    outer loop
      vertex 84.69999999999999 2.4000000000000004 31.2
      vertex 84.2431583272298 2.429942985191664 2.2
      vertex 84.69999999999999 2.4000000000000004 2.2
    endloop
  endfacet
  facet normal -0.8314696123025406 -0.5555702330196092 0
    outer loop
      vertex 81.66891108675445 4.15 31.2
      vertex 81.66891108675445 4.15 2.2
      vertex 81.92326330898067 3.769334998469478 2.2
    endloop
  endfacet
  facet normal -0.8968727415326913 -0.44228869021899514 0
    outer loop
      vertex 81.46642163621048 4.560607986722186 31.2
      vertex 81.46642163621048 4.560607986722186 2.2
      vertex 81.66891108675445 4.15 2.2
    endloop
  endfacet
  facet normal -0.9469301294951024 -0.32143946530317136 0
    outer loop
      vertex 81.31925960798824 4.994133342141177 31.2
      vertex 81.31925960798824 4.994133342141177 2.2
      vertex 81.46642163621048 4.560607986722186 2.2
    endloop
  endfacet
  facet normal -0.9807852804032345 -0.19509032201610796 0
    outer loop
      vertex 81.22994298519166 5.44315832722982 31.2
      vertex 81.22994298519166 5.44315832722982 2.2
      vertex 81.31925960798824 4.994133342141177 2.2
    endloop
  endfacet
  facet normal -0.997858923238603 -0.06540312923015063 0
    outer loop
      vertex 81.19999999999999 5.9 31.2
      vertex 81.19999999999999 5.9 2.2
      vertex 81.22994298519166 5.44315832722982 2.2
    endloop
  endfacet
  facet normal -0.997858923238603 0.06540312923015063 0
    outer loop
      vertex 81.22994298519166 6.356841672770181 31.2
      vertex 81.22994298519166 6.356841672770181 2.2
      vertex 81.19999999999999 5.9 2.2
    endloop
  endfacet
  facet normal -0.9807852804032345 0.19509032201610796 0
    outer loop
      vertex 81.31925960798824 6.805866657858823 31.2
      vertex 81.31925960798824 6.805866657858823 2.2
      vertex 81.22994298519166 6.356841672770181 2.2
    endloop
  endfacet
  facet normal -0.9469301294951024 0.32143946530317136 0
    outer loop
      vertex 81.46642163621048 7.239392013277815 31.2
      vertex 81.46642163621048 7.239392013277815 2.2
      vertex 81.31925960798824 6.805866657858823 2.2
    endloop
  endfacet
  facet normal -0.8968727415326913 0.44228869021899514 0
    outer loop
      vertex 81.66891108675445 7.65 31.2
      vertex 81.66891108675445 7.65 2.2
      vertex 81.46642163621048 7.239392013277815 2.2
    endloop
  endfacet
  facet normal 0.06540312923014277 -0.9978589232386035 0
    outer loop
      vertex 85.15684167277017 2.429942985191664 31.2
      vertex 84.69999999999999 2.4000000000000004 2.2
      vertex 85.15684167277017 2.429942985191664 2.2
    endloop
  endfacet
  facet normal 0.19509032201612886 -0.9807852804032304 0
    outer loop
      vertex 85.60586665785881 2.5192596079882614 31.2
      vertex 85.15684167277017 2.429942985191664 2.2
      vertex 85.60586665785881 2.5192596079882614 2.2
    endloop
  endfacet
  facet normal 0.3214394653031606 -0.946930129495106 0
    outer loop
      vertex 86.0393920132778 2.666421636210497 31.2
      vertex 85.60586665785881 2.5192596079882614 2.2
      vertex 86.0393920132778 2.666421636210497 2.2
    endloop
  endfacet
  facet normal 0.44228869021900297 -0.8968727415326875 0
    outer loop
      vertex 86.44999999999999 2.868911086754465 31.2
      vertex 86.0393920132778 2.666421636210497 2.2
      vertex 86.44999999999999 2.868911086754465 2.2
    endloop
  endfacet
  facet normal 0.5555702330196075 -0.8314696123025416 0
    outer loop
      vertex 86.8306650015305 3.123263308980677 31.2
      vertex 86.44999999999999 2.868911086754465 2.2
      vertex 86.8306650015305 3.123263308980677 2.2
    endloop
  endfacet
  facet normal 0.6593458151000566 -0.751839807478988 0
    outer loop
      vertex 87.17487373415291 3.425126265847084 31.2
      vertex 86.8306650015305 3.123263308980677 2.2
      vertex 87.17487373415291 3.425126265847084 2.2
    endloop
  endfacet
  facet normal 0.7518398074789834 -0.659345815100062 0
    outer loop
      vertex 87.17487373415291 3.425126265847084 31.2
      vertex 87.17487373415291 3.425126265847084 2.2
      vertex 87.47673669101931 3.769334998469478 2.2
    endloop
  endfacet
  facet normal 0.8314696123025406 -0.5555702330196092 0
    outer loop
      vertex 87.47673669101931 3.769334998469478 31.2
      vertex 87.47673669101931 3.769334998469478 2.2
      vertex 87.73108891324553 4.15 2.2
    endloop
  endfacet
  facet normal 0.8968727415326913 -0.44228869021899514 0
    outer loop
      vertex 87.73108891324553 4.15 31.2
      vertex 87.73108891324553 4.15 2.2
      vertex 87.9335783637895 4.560607986722186 2.2
    endloop
  endfacet
  facet normal 0.9469301294951024 -0.32143946530317136 0
    outer loop
      vertex 87.9335783637895 4.560607986722186 31.2
      vertex 87.9335783637895 4.560607986722186 2.2
      vertex 88.08074039201173 4.994133342141177 2.2
    endloop
  endfacet
  facet normal 0.9807852804032345 -0.19509032201610796 0
    outer loop
      vertex 88.08074039201173 4.994133342141177 31.2
      vertex 88.08074039201173 4.994133342141177 2.2
      vertex 88.17005701480832 5.44315832722982 2.2
    endloop
  endfacet
  facet normal 0.997858923238603 -0.06540312923015063 0
    outer loop
      vertex 88.17005701480832 5.44315832722982 31.2
      vertex 88.17005701480832 5.44315832722982 2.2
      vertex 88.19999999999999 5.9 2.2
    endloop
  endfacet
  facet normal 0.997858923238603 0.06540312923015063 0
    outer loop
      vertex 88.19999999999999 5.9 31.2
      vertex 88.19999999999999 5.9 2.2
      vertex 88.17005701480832 6.356841672770181 2.2
    endloop
  endfacet
  facet normal 0.9807852804032345 0.19509032201610796 0
    outer loop
      vertex 88.17005701480832 6.356841672770181 31.2
      vertex 88.17005701480832 6.356841672770181 2.2
      vertex 88.08074039201173 6.805866657858823 2.2
    endloop
  endfacet
  facet normal 0.9469301294951024 0.32143946530317136 0
    outer loop
      vertex 88.08074039201173 6.805866657858823 31.2
      vertex 88.08074039201173 6.805866657858823 2.2
      vertex 87.9335783637895 7.239392013277815 2.2
    endloop
  endfacet
  facet normal 0.8968727415326913 0.44228869021899514 0
    outer loop
      vertex 87.9335783637895 7.239392013277815 31.2
      vertex 87.9335783637895 7.239392013277815 2.2
      vertex 87.73108891324553 7.65 2.2
    endloop
  endfacet
  facet normal -0.8314696123025404 0.5555702330196096 0
    outer loop
      vertex 81.92326330898067 8.030665001530522 31.2
      vertex 81.92326330898067 8.030665001530522 2.2
      vertex 81.66891108675445 7.65 2.2
    endloop
  endfacet
  facet normal -0.7518398074789842 0.6593458151000611 0
    outer loop
      vertex 82.22512626584707 8.374873734152917 31.2
      vertex 82.22512626584707 8.374873734152917 2.2
      vertex 81.92326330898067 8.030665001530522 2.2
    endloop
  endfacet
  facet normal -0.6593458151000562 0.7518398074789886 0
    outer loop
      vertex 82.22512626584707 8.374873734152917 31.2
      vertex 82.56933499846947 8.676736691019324 2.2
      vertex 82.22512626584707 8.374873734152917 2.2
    endloop
  endfacet
  facet normal -0.555570233019607 0.8314696123025421 0
    outer loop
      vertex 82.56933499846947 8.676736691019324 31.2
      vertex 82.94999999999999 8.931088913245535 2.2
      vertex 82.56933499846947 8.676736691019324 2.2
    endloop
  endfacet
  facet normal -0.44228869021900297 0.8968727415326875 0
    outer loop
      vertex 82.94999999999999 8.931088913245535 31.2
      vertex 83.36060798672217 9.133578363789503 2.2
      vertex 82.94999999999999 8.931088913245535 2.2
    endloop
  endfacet
  facet normal -0.3214394653031632 0.946930129495105 0
    outer loop
      vertex 83.36060798672217 9.133578363789503 31.2
      vertex 83.79413334214117 9.28074039201174 2.2
      vertex 83.36060798672217 9.133578363789503 2.2
    endloop
  endfacet
  facet normal -0.195090322016127 0.9807852804032308 0
    outer loop
      vertex 83.79413334214117 9.28074039201174 31.2
      vertex 84.2431583272298 9.370057014808337 2.2
      vertex 83.79413334214117 9.28074039201174 2.2
    endloop
  endfacet
  facet normal -0.06540312923014277 0.9978589232386035 0
    outer loop
      vertex 84.2431583272298 9.370057014808337 31.2
      vertex 84.69999999999999 9.4 2.2
      vertex 84.2431583272298 9.370057014808337 2.2
    endloop
  endfacet
  facet normal 0.06540312923014277 0.9978589232386035 0
    outer loop
      vertex 84.69999999999999 9.4 31.2
      vertex 85.15684167277017 9.370057014808337 2.2
      vertex 84.69999999999999 9.4 2.2
    endloop
  endfacet
  facet normal 0.195090322016127 0.9807852804032308 0
    outer loop
      vertex 85.15684167277017 9.370057014808337 31.2
      vertex 85.60586665785881 9.28074039201174 2.2
      vertex 85.15684167277017 9.370057014808337 2.2
    endloop
  endfacet
  facet normal 0.44228869021900297 0.8968727415326875 0
    outer loop
      vertex 86.0393920132778 9.133578363789503 31.2
      vertex 86.44999999999999 8.931088913245535 2.2
      vertex 86.0393920132778 9.133578363789503 2.2
    endloop
  endfacet
  facet normal 0.3214394653031632 0.946930129495105 0
    outer loop
      vertex 85.60586665785881 9.28074039201174 31.2
      vertex 86.0393920132778 9.133578363789503 2.2
      vertex 85.60586665785881 9.28074039201174 2.2
    endloop
  endfacet
  facet normal 0.6593458151000562 0.7518398074789886 0
    outer loop
      vertex 86.8306650015305 8.676736691019324 31.2
      vertex 87.17487373415291 8.374873734152917 2.2
      vertex 86.8306650015305 8.676736691019324 2.2
    endloop
  endfacet
  facet normal 0.7518398074789842 0.6593458151000611 0
    outer loop
      vertex 87.47673669101931 8.030665001530522 31.2
      vertex 87.47673669101931 8.030665001530522 2.2
      vertex 87.17487373415291 8.374873734152917 2.2
    endloop
  endfacet
  facet normal 0.8314696123025404 0.5555702330196096 0
    outer loop
      vertex 87.73108891324553 7.65 31.2
      vertex 87.73108891324553 7.65 2.2
      vertex 87.47673669101931 8.030665001530522 2.2
    endloop
  endfacet
  facet normal 0.555570233019607 0.8314696123025421 0
    outer loop
      vertex 86.44999999999999 8.931088913245535 31.2
      vertex 86.8306650015305 8.676736691019324 2.2
      vertex 86.44999999999999 8.931088913245535 2.2
    endloop
  endfacet
  facet normal -0.44228869021900297 -0.8968727415326875 3.587470587834357e-19
    outer loop
      vertex 83.36060798672217 2.666421636210497 31.2
      vertex 82.94999999999999 2.868911086754465 31.2
      vertex 82.94999999999999 2.868911086754465 2.2
    endloop
  endfacet
  facet normal -0.3214394653031606 -0.946930129495106 0
    outer loop
      vertex 83.36060798672217 2.666421636210497 31.2
      vertex 83.36060798672217 2.666421636210497 2.2
      vertex 83.79413334214117 2.5192596079882614 31.2
    endloop
  endfacet
  facet normal -0.6593458151000566 -0.751839807478988 -1.0302824371230485e-19
    outer loop
      vertex 82.56933499846947 3.123263308980677 31.2
      vertex 82.22512626584707 3.425126265847084 31.2
      vertex 82.22512626584707 3.425126265847084 2.2
    endloop
  endfacet
  facet normal -0.5555702330196075 -0.8314696123025416 0
    outer loop
      vertex 82.56933499846947 3.123263308980677 31.2
      vertex 82.56933499846947 3.123263308980677 2.2
      vertex 82.94999999999999 2.868911086754465 31.2
    endloop
  endfacet
  facet normal -0.7518398074789834 -0.659345815100062 2.532109352651556e-19
    outer loop
      vertex 81.92326330898067 3.769334998469478 31.2
      vertex 82.22512626584707 3.425126265847084 2.2
      vertex 82.22512626584707 3.425126265847084 31.2
    endloop
  endfacet
  facet normal -0.19509032201612886 -0.9807852804032304 0
    outer loop
      vertex 83.79413334214117 2.5192596079882614 31.2
      vertex 83.79413334214117 2.5192596079882614 2.2
      vertex 84.2431583272298 2.429942985191664 31.2
    endloop
  endfacet
  facet normal -0.06540312923014277 -0.9978589232386035 0
    outer loop
      vertex 84.2431583272298 2.429942985191664 31.2
      vertex 84.2431583272298 2.429942985191664 2.2
      vertex 84.69999999999999 2.4000000000000004 31.2
    endloop
  endfacet
  facet normal 0.06540312923014277 -0.9978589232386035 0
    outer loop
      vertex 84.69999999999999 2.4000000000000004 31.2
      vertex 84.69999999999999 2.4000000000000004 2.2
      vertex 85.15684167277017 2.429942985191664 31.2
    endloop
  endfacet
  facet normal -0.8968727415326913 -0.44228869021899514 0
    outer loop
      vertex 81.66891108675445 4.15 31.2
      vertex 81.46642163621048 4.560607986722186 31.2
      vertex 81.66891108675445 4.15 2.2
    endloop
  endfacet
  facet normal -0.8314696123025406 -0.5555702330196092 1.1599564032692812e-19
    outer loop
      vertex 81.66891108675445 4.15 31.2
      vertex 81.92326330898067 3.769334998469478 2.2
      vertex 81.92326330898067 3.769334998469478 31.2
    endloop
  endfacet
  facet normal -0.9469301294951024 -0.32143946530317136 0
    outer loop
      vertex 81.46642163621048 4.560607986722186 31.2
      vertex 81.31925960798824 4.994133342141177 31.2
      vertex 81.46642163621048 4.560607986722186 2.2
    endloop
  endfacet
  facet normal -0.9807852804032345 -0.19509032201610796 0
    outer loop
      vertex 81.31925960798824 4.994133342141177 31.2
      vertex 81.22994298519166 5.44315832722982 31.2
      vertex 81.31925960798824 4.994133342141177 2.2
    endloop
  endfacet
  facet normal -0.997858923238603 -0.06540312923015063 0
    outer loop
      vertex 81.22994298519166 5.44315832722982 31.2
      vertex 81.19999999999999 5.9 31.2
      vertex 81.22994298519166 5.44315832722982 2.2
    endloop
  endfacet
  facet normal -0.997858923238603 0.06540312923015063 0
    outer loop
      vertex 81.19999999999999 5.9 31.2
      vertex 81.22994298519166 6.356841672770181 31.2
      vertex 81.19999999999999 5.9 2.2
    endloop
  endfacet
  facet normal -0.9807852804032345 0.19509032201610796 0
    outer loop
      vertex 81.22994298519166 6.356841672770181 31.2
      vertex 81.31925960798824 6.805866657858823 31.2
      vertex 81.22994298519166 6.356841672770181 2.2
    endloop
  endfacet
  facet normal -0.9469301294951024 0.32143946530317136 0
    outer loop
      vertex 81.31925960798824 6.805866657858823 31.2
      vertex 81.46642163621048 7.239392013277815 31.2
      vertex 81.31925960798824 6.805866657858823 2.2
    endloop
  endfacet
  facet normal -0.8968727415326913 0.44228869021899514 0
    outer loop
      vertex 81.46642163621048 7.239392013277815 31.2
      vertex 81.66891108675445 7.65 31.2
      vertex 81.46642163621048 7.239392013277815 2.2
    endloop
  endfacet
  facet normal 0.19509032201612886 -0.9807852804032304 0
    outer loop
      vertex 85.15684167277017 2.429942985191664 31.2
      vertex 85.15684167277017 2.429942985191664 2.2
      vertex 85.60586665785881 2.5192596079882614 31.2
    endloop
  endfacet
  facet normal 0.3214394653031606 -0.946930129495106 0
    outer loop
      vertex 85.60586665785881 2.5192596079882614 31.2
      vertex 85.60586665785881 2.5192596079882614 2.2
      vertex 86.0393920132778 2.666421636210497 31.2
    endloop
  endfacet
  facet normal 0.44228869021900297 -0.8968727415326875 0
    outer loop
      vertex 86.0393920132778 2.666421636210497 31.2
      vertex 86.0393920132778 2.666421636210497 2.2
      vertex 86.44999999999999 2.868911086754465 31.2
    endloop
  endfacet
  facet normal 0.5555702330196075 -0.8314696123025416 0
    outer loop
      vertex 86.44999999999999 2.868911086754465 31.2
      vertex 86.44999999999999 2.868911086754465 2.2
      vertex 86.8306650015305 3.123263308980677 31.2
    endloop
  endfacet
  facet normal 0.6593458151000566 -0.751839807478988 0
    outer loop
      vertex 86.8306650015305 3.123263308980677 31.2
      vertex 86.8306650015305 3.123263308980677 2.2
      vertex 87.17487373415291 3.425126265847084 31.2
    endloop
  endfacet
  facet normal 0.7518398074789834 -0.659345815100062 -2.532109352651556e-19
    outer loop
      vertex 87.17487373415291 3.425126265847084 31.2
      vertex 87.47673669101931 3.769334998469478 2.2
      vertex 87.47673669101931 3.769334998469478 31.2
    endloop
  endfacet
  facet normal 0.8314696123025406 -0.5555702330196092 -1.1599564032692812e-19
    outer loop
      vertex 87.47673669101931 3.769334998469478 31.2
      vertex 87.73108891324553 4.15 2.2
      vertex 87.73108891324553 4.15 31.2
    endloop
  endfacet
  facet normal 0.8968727415326913 -0.44228869021899514 4.806046207786126e-19
    outer loop
      vertex 87.73108891324553 4.15 31.2
      vertex 87.9335783637895 4.560607986722186 2.2
      vertex 87.9335783637895 4.560607986722186 31.2
    endloop
  endfacet
  facet normal 0.9469301294951024 -0.32143946530317136 1.3101495362402606e-19
    outer loop
      vertex 87.9335783637895 4.560607986722186 31.2
      vertex 88.08074039201173 4.994133342141177 2.2
      vertex 88.08074039201173 4.994133342141177 31.2
    endloop
  endfacet
  facet normal 0.9807852804032345 -0.19509032201610796 -1.5436304441552384e-19
    outer loop
      vertex 88.08074039201173 4.994133342141177 31.2
      vertex 88.17005701480832 5.44315832722982 2.2
      vertex 88.17005701480832 5.44315832722982 31.2
    endloop
  endfacet
  facet normal 0.997858923238603 -0.06540312923015063 -5.128493296396034e-20
    outer loop
      vertex 88.17005701480832 5.44315832722982 31.2
      vertex 88.19999999999999 5.9 2.2
      vertex 88.19999999999999 5.9 31.2
    endloop
  endfacet
  facet normal 0.997858923238603 0.06540312923015063 5.128493296396034e-20
    outer loop
      vertex 88.19999999999999 5.9 31.2
      vertex 88.17005701480832 6.356841672770181 2.2
      vertex 88.17005701480832 6.356841672770181 31.2
    endloop
  endfacet
  facet normal 0.9807852804032345 0.19509032201610796 1.5436304441552384e-19
    outer loop
      vertex 88.17005701480832 6.356841672770181 31.2
      vertex 88.08074039201173 6.805866657858823 2.2
      vertex 88.08074039201173 6.805866657858823 31.2
    endloop
  endfacet
  facet normal 0.9469301294951024 0.32143946530317136 -1.3101495362402606e-19
    outer loop
      vertex 88.08074039201173 6.805866657858823 31.2
      vertex 87.9335783637895 7.239392013277815 2.2
      vertex 87.9335783637895 7.239392013277815 31.2
    endloop
  endfacet
  facet normal 0.8968727415326913 0.44228869021899514 -4.806046207786126e-19
    outer loop
      vertex 87.9335783637895 7.239392013277815 31.2
      vertex 87.73108891324553 7.65 2.2
      vertex 87.73108891324553 7.65 31.2
    endloop
  endfacet
  facet normal -0.8314696123025404 0.5555702330196096 0
    outer loop
      vertex 81.66891108675445 7.65 31.2
      vertex 81.92326330898067 8.030665001530522 31.2
      vertex 81.66891108675445 7.65 2.2
    endloop
  endfacet
  facet normal -0.7518398074789842 0.6593458151000611 0
    outer loop
      vertex 81.92326330898067 8.030665001530522 31.2
      vertex 82.22512626584707 8.374873734152917 31.2
      vertex 81.92326330898067 8.030665001530522 2.2
    endloop
  endfacet
  facet normal -0.6593458151000562 0.7518398074789886 8.768436060836228e-20
    outer loop
      vertex 82.22512626584707 8.374873734152917 31.2
      vertex 82.56933499846947 8.676736691019324 31.2
      vertex 82.56933499846947 8.676736691019324 2.2
    endloop
  endfacet
  facet normal -0.555570233019607 0.8314696123025421 -1.0124178505583519e-19
    outer loop
      vertex 82.56933499846947 8.676736691019324 31.2
      vertex 82.94999999999999 8.931088913245535 31.2
      vertex 82.94999999999999 8.931088913245535 2.2
    endloop
  endfacet
  facet normal -0.44228869021900297 0.8968727415326875 -3.587470587834357e-19
    outer loop
      vertex 82.94999999999999 8.931088913245535 31.2
      vertex 83.36060798672217 9.133578363789503 31.2
      vertex 83.36060798672217 9.133578363789503 2.2
    endloop
  endfacet
  facet normal -0.3214394653031632 0.946930129495105 -2.1333600589400874e-20
    outer loop
      vertex 83.36060798672217 9.133578363789503 31.2
      vertex 83.79413334214117 9.28074039201174 31.2
      vertex 83.79413334214117 9.28074039201174 2.2
    endloop
  endfacet
  facet normal -0.195090322016127 0.9807852804032308 1.2593296595139156e-20
    outer loop
      vertex 83.79413334214117 9.28074039201174 31.2
      vertex 84.2431583272298 9.370057014808337 31.2
      vertex 84.2431583272298 9.370057014808337 2.2
    endloop
  endfacet
  facet normal -0.06540312923014277 0.9978589232386035 4.2666277892668543e-20
    outer loop
      vertex 84.2431583272298 9.370057014808337 31.2
      vertex 84.69999999999999 9.4 31.2
      vertex 84.69999999999999 9.4 2.2
    endloop
  endfacet
  facet normal 0.06540312923014277 0.9978589232386035 -4.2666277892668543e-20
    outer loop
      vertex 84.69999999999999 9.4 31.2
      vertex 85.15684167277017 9.370057014808337 31.2
      vertex 85.15684167277017 9.370057014808337 2.2
    endloop
  endfacet
  facet normal 0.195090322016127 0.9807852804032308 -1.2593296595139156e-20
    outer loop
      vertex 85.15684167277017 9.370057014808337 31.2
      vertex 85.60586665785881 9.28074039201174 31.2
      vertex 85.60586665785881 9.28074039201174 2.2
    endloop
  endfacet
  facet normal 0.44228869021900297 0.8968727415326875 3.587470587834357e-19
    outer loop
      vertex 86.0393920132778 9.133578363789503 31.2
      vertex 86.44999999999999 8.931088913245535 31.2
      vertex 86.44999999999999 8.931088913245535 2.2
    endloop
  endfacet
  facet normal 0.3214394653031632 0.946930129495105 2.1333600589400874e-20
    outer loop
      vertex 85.60586665785881 9.28074039201174 31.2
      vertex 86.0393920132778 9.133578363789503 31.2
      vertex 86.0393920132778 9.133578363789503 2.2
    endloop
  endfacet
  facet normal 0.6593458151000562 0.7518398074789886 -8.768436060836228e-20
    outer loop
      vertex 86.8306650015305 8.676736691019324 31.2
      vertex 87.17487373415291 8.374873734152917 31.2
      vertex 87.17487373415291 8.374873734152917 2.2
    endloop
  endfacet
  facet normal 0.8314696123025404 0.5555702330196096 2.6157061324094637e-19
    outer loop
      vertex 87.73108891324553 7.65 31.2
      vertex 87.47673669101931 8.030665001530522 2.2
      vertex 87.47673669101931 8.030665001530522 31.2
    endloop
  endfacet
  facet normal 0.7518398074789842 0.6593458151000611 -8.046765373180737e-20
    outer loop
      vertex 87.47673669101931 8.030665001530522 31.2
      vertex 87.17487373415291 8.374873734152917 2.2
      vertex 87.17487373415291 8.374873734152917 31.2
    endloop
  endfacet
  facet normal 0.555570233019607 0.8314696123025421 1.0124178505583519e-19
    outer loop
      vertex 86.44999999999999 8.931088913245535 31.2
      vertex 86.8306650015305 8.676736691019324 31.2
      vertex 86.8306650015305 8.676736691019324 2.2
    endloop
  endfacet
  facet normal 0 0 1
    outer loop
      vertex 83.79413334214117 2.5192596079882614 31.2
      vertex 84.2431583272298 2.429942985191664 31.2
      vertex 84.06080049954083 5.066978992694203 31.2
    endloop
  endfacet
  facet normal 0 0 1
    outer loop
      vertex 84.2431583272298 2.429942985191664 31.2
      vertex 84.69999999999999 2.4000000000000004 31.2
      vertex 84.42824000264234 4.885777882396479 31.2
    endloop
  endfacet
  facet normal 0 0 1
    outer loop
      vertex 84.69999999999999 2.4000000000000004 31.2
      vertex 85.15684167277017 2.429942985191664 31.2
      vertex 84.69999999999999 4.8500000000000005 31.2
    endloop
  endfacet
  facet normal 0 0 1
    outer loop
      vertex 81.46642163621048 4.560607986722186 31.2
      vertex 81.31925960798824 6.805866657858823 31.2
      vertex 81.31925960798824 4.994133342141177 31.2
    endloop
  endfacet
  facet normal 0 0 1
    outer loop
      vertex 81.31925960798824 4.994133342141177 31.2
      vertex 81.22994298519166 6.356841672770181 31.2
      vertex 81.22994298519166 5.44315832722982 31.2
    endloop
  endfacet
  facet normal 0 0 1
    outer loop
      vertex 81.66891108675445 4.15 31.2
      vertex 81.92326330898067 3.769334998469478 31.2
      vertex 81.66891108675445 7.65 31.2
    endloop
  endfacet
  facet normal 0 0 1
    outer loop
      vertex 81.92326330898067 3.769334998469478 31.2
      vertex 82.22512626584707 3.425126265847084 31.2
      vertex 81.92326330898067 8.030665001530522 31.2
    endloop
  endfacet
  facet normal 0 0 1
    outer loop
      vertex 81.66891108675445 4.15 31.2
      vertex 81.46642163621048 7.239392013277815 31.2
      vertex 81.46642163621048 4.560607986722186 31.2
    endloop
  endfacet
  facet normal 0 0 1
    outer loop
      vertex 81.22994298519166 5.44315832722982 31.2
      vertex 81.22994298519166 6.356841672770181 31.2
      vertex 81.19999999999999 5.9 31.2
    endloop
  endfacet
  facet normal 0 0 1
    outer loop
      vertex 81.31925960798824 4.994133342141177 31.2
      vertex 81.31925960798824 6.805866657858823 31.2
      vertex 81.22994298519166 6.356841672770181 31.2
    endloop
  endfacet
  facet normal 0 0 1
    outer loop
      vertex 81.46642163621048 4.560607986722186 31.2
      vertex 81.46642163621048 7.239392013277815 31.2
      vertex 81.31925960798824 6.805866657858823 31.2
    endloop
  endfacet
  facet normal 0 0 1
    outer loop
      vertex 81.66891108675445 4.15 31.2
      vertex 81.66891108675445 7.65 31.2
      vertex 81.46642163621048 7.239392013277815 31.2
    endloop
  endfacet
  facet normal 0 0 1
    outer loop
      vertex 81.92326330898067 3.769334998469478 31.2
      vertex 81.92326330898067 8.030665001530522 31.2
      vertex 81.66891108675445 7.65 31.2
    endloop
  endfacet
  facet normal 0 0 1
    outer loop
      vertex 83.36060798672217 2.666421636210497 31.2
      vertex 83.79413334214117 2.5192596079882614 31.2
      vertex 83.36060798672217 9.133578363789503 31.2
    endloop
  endfacet
  facet normal 0 0 1
    outer loop
      vertex 82.56933499846947 3.123263308980677 31.2
      vertex 82.22512626584707 8.374873734152917 31.2
      vertex 82.22512626584707 3.425126265847084 31.2
    endloop
  endfacet
  facet normal 0 0 1
    outer loop
      vertex 82.56933499846947 3.123263308980677 31.2
      vertex 82.94999999999999 2.868911086754465 31.2
      vertex 82.56933499846947 8.676736691019324 31.2
    endloop
  endfacet
  facet normal 0 0 1
    outer loop
      vertex 83.36060798672217 2.666421636210497 31.2
      vertex 82.94999999999999 8.931088913245535 31.2
      vertex 82.94999999999999 2.868911086754465 31.2
    endloop
  endfacet
  facet normal 0 0 1
    outer loop
      vertex 83.79413334214117 2.5192596079882614 31.2
      vertex 83.95753787975411 5.157537879754125 31.2
      vertex 83.86697899269419 5.260800499540844 31.2
    endloop
  endfacet
  facet normal 0 0 1
    outer loop
      vertex 83.79413334214117 2.5192596079882614 31.2
      vertex 84.06080049954083 5.066978992694203 31.2
      vertex 83.95753787975411 5.157537879754125 31.2
    endloop
  endfacet
  facet normal 0 0 1
    outer loop
      vertex 84.2431583272298 2.429942985191664 31.2
      vertex 84.17499999999998 4.990673326026339 31.2
      vertex 84.06080049954083 5.066978992694203 31.2
    endloop
  endfacet
  facet normal 0 0 1
    outer loop
      vertex 83.79413334214117 2.5192596079882614 31.2
      vertex 83.86697899269419 5.260800499540844 31.2
      vertex 83.79067332602632 5.375 31.2
    endloop
  endfacet
  facet normal 0 0 1
    outer loop
      vertex 83.79413334214117 2.5192596079882614 31.2
      vertex 83.79067332602632 5.375 31.2
      vertex 83.72992649086314 5.498182396016656 31.2
    endloop
  endfacet
  facet normal 0 0 1
    outer loop
      vertex 83.79413334214117 2.5192596079882614 31.2
      vertex 83.72992649086314 5.498182396016656 31.2
      vertex 83.68577788239647 5.628240002642354 31.2
    endloop
  endfacet
  facet normal 0 0 1
    outer loop
      vertex 83.79413334214117 2.5192596079882614 31.2
      vertex 83.68577788239647 5.628240002642354 31.2
      vertex 83.65898289555749 5.762947498168947 31.2
    endloop
  endfacet
  facet normal 0 0 1
    outer loop
      vertex 83.79413334214117 2.5192596079882614 31.2
      vertex 83.65898289555749 5.762947498168947 31.2
      vertex 83.64999999999999 5.9 31.2
    endloop
  endfacet
  facet normal 0 0 1
    outer loop
      vertex 84.2431583272298 2.429942985191664 31.2
      vertex 84.42824000264234 4.885777882396479 31.2
      vertex 84.29818239601664 4.929926490863149 31.2
    endloop
  endfacet
  facet normal 0 0 1
    outer loop
      vertex 84.69999999999999 2.4000000000000004 31.2
      vertex 84.56294749816894 4.858982895557499 31.2
      vertex 84.42824000264234 4.885777882396479 31.2
    endloop
  endfacet
  facet normal 0 0 1
    outer loop
      vertex 84.2431583272298 2.429942985191664 31.2
      vertex 84.29818239601664 4.929926490863149 31.2
      vertex 84.17499999999998 4.990673326026339 31.2
    endloop
  endfacet
  facet normal 0 0 1
    outer loop
      vertex 84.69999999999999 2.4000000000000004 31.2
      vertex 84.69999999999999 4.8500000000000005 31.2
      vertex 84.56294749816894 4.858982895557499 31.2
    endloop
  endfacet
  facet normal 0 0 1
    outer loop
      vertex 85.15684167277017 2.429942985191664 31.2
      vertex 84.83705250183104 4.858982895557499 31.2
      vertex 84.69999999999999 4.8500000000000005 31.2
    endloop
  endfacet
  facet normal 0 0 1
    outer loop
      vertex 82.22512626584707 3.425126265847084 31.2
      vertex 82.22512626584707 8.374873734152917 31.2
      vertex 81.92326330898067 8.030665001530522 31.2
    endloop
  endfacet
  facet normal 0 0 1
    outer loop
      vertex 82.56933499846947 3.123263308980677 31.2
      vertex 82.56933499846947 8.676736691019324 31.2
      vertex 82.22512626584707 8.374873734152917 31.2
    endloop
  endfacet
  facet normal 0 0 1
    outer loop
      vertex 82.56933499846947 8.676736691019324 31.2
      vertex 82.94999999999999 2.868911086754465 31.2
      vertex 82.94999999999999 8.931088913245535 31.2
    endloop
  endfacet
  facet normal 0 0 1
    outer loop
      vertex 83.36060798672217 2.666421636210497 31.2
      vertex 83.36060798672217 9.133578363789503 31.2
      vertex 82.94999999999999 8.931088913245535 31.2
    endloop
  endfacet
  facet normal 0 0 1
    outer loop
      vertex 83.79413334214117 2.5192596079882614 31.2
      vertex 83.64999999999999 5.9 31.2
      vertex 83.36060798672217 9.133578363789503 31.2
    endloop
  endfacet
  facet normal 0 0 1
    outer loop
      vertex 83.64999999999999 5.9 31.2
      vertex 83.65898289555749 6.037052501831054 31.2
      vertex 83.36060798672217 9.133578363789503 31.2
    endloop
  endfacet
  facet normal 0 0 1
    outer loop
      vertex 83.65898289555749 6.037052501831054 31.2
      vertex 83.68577788239647 6.171759997357647 31.2
      vertex 83.36060798672217 9.133578363789503 31.2
    endloop
  endfacet
  facet normal 0 0 1
    outer loop
      vertex 83.68577788239647 6.171759997357647 31.2
      vertex 83.72992649086314 6.301817603983345 31.2
      vertex 83.36060798672217 9.133578363789503 31.2
    endloop
  endfacet
  facet normal 0 0 1
    outer loop
      vertex 83.72992649086314 6.301817603983345 31.2
      vertex 83.79067332602632 6.425000000000001 31.2
      vertex 83.36060798672217 9.133578363789503 31.2
    endloop
  endfacet
  facet normal 0 0 1
    outer loop
      vertex 83.79067332602632 6.425000000000001 31.2
      vertex 83.86697899269419 6.539199500459157 31.2
      vertex 83.36060798672217 9.133578363789503 31.2
    endloop
  endfacet
  facet normal 0 0 1
    outer loop
      vertex 83.86697899269419 6.539199500459157 31.2
      vertex 83.95753787975411 6.642462120245876 31.2
      vertex 83.79413334214117 9.28074039201174 31.2
    endloop
  endfacet
  facet normal 0 0 1
    outer loop
      vertex 83.95753787975411 6.642462120245876 31.2
      vertex 84.06080049954083 6.733021007305798 31.2
      vertex 83.79413334214117 9.28074039201174 31.2
    endloop
  endfacet
  facet normal 0 0 1
    outer loop
      vertex 84.06080049954083 6.733021007305798 31.2
      vertex 84.17499999999998 6.809326673973661 31.2
      vertex 83.79413334214117 9.28074039201174 31.2
    endloop
  endfacet
  facet normal 0 0 1
    outer loop
      vertex 84.17499999999998 6.809326673973661 31.2
      vertex 84.29818239601664 6.870073509136851 31.2
      vertex 83.79413334214117 9.28074039201174 31.2
    endloop
  endfacet
  facet normal 0 0 1
    outer loop
      vertex 85.15684167277017 2.429942985191664 31.2
      vertex 85.60586665785881 2.5192596079882614 31.2
      vertex 85.10181760398333 4.929926490863149 31.2
    endloop
  endfacet
  facet normal 0 0 1
    outer loop
      vertex 85.60586665785881 2.5192596079882614 31.2
      vertex 86.0393920132778 2.666421636210497 31.2
      vertex 85.53302100730579 5.260800499540844 31.2
    endloop
  endfacet
  facet normal 0 0 1
    outer loop
      vertex 85.15684167277017 2.429942985191664 31.2
      vertex 84.97175999735764 4.885777882396479 31.2
      vertex 84.83705250183104 4.858982895557499 31.2
    endloop
  endfacet
  facet normal 0 0 1
    outer loop
      vertex 85.15684167277017 2.429942985191664 31.2
      vertex 85.10181760398333 4.929926490863149 31.2
      vertex 84.97175999735764 4.885777882396479 31.2
    endloop
  endfacet
  facet normal 0 0 1
    outer loop
      vertex 85.10181760398333 4.929926490863149 31.2
      vertex 85.60586665785881 2.5192596079882614 31.2
      vertex 85.225 4.990673326026339 31.2
    endloop
  endfacet
  facet normal 0 0 1
    outer loop
      vertex 85.225 4.990673326026339 31.2
      vertex 85.60586665785881 2.5192596079882614 31.2
      vertex 85.33919950045915 5.066978992694203 31.2
    endloop
  endfacet
  facet normal 0 0 1
    outer loop
      vertex 85.33919950045915 5.066978992694203 31.2
      vertex 85.60586665785881 2.5192596079882614 31.2
      vertex 85.44246212024586 5.157537879754125 31.2
    endloop
  endfacet
  facet normal 0 0 1
    outer loop
      vertex 85.44246212024586 5.157537879754125 31.2
      vertex 85.60586665785881 2.5192596079882614 31.2
      vertex 85.53302100730579 5.260800499540844 31.2
    endloop
  endfacet
  facet normal 0 0 1
    outer loop
      vertex 86.0393920132778 2.666421636210497 31.2
      vertex 85.60932667397365 5.375 31.2
      vertex 85.53302100730579 5.260800499540844 31.2
    endloop
  endfacet
  facet normal 0 0 1
    outer loop
      vertex 86.0393920132778 2.666421636210497 31.2
      vertex 85.67007350913684 5.498182396016656 31.2
      vertex 85.60932667397365 5.375 31.2
    endloop
  endfacet
  facet normal 0 0 1
    outer loop
      vertex 86.0393920132778 2.666421636210497 31.2
      vertex 85.71422211760351 5.628240002642354 31.2
      vertex 85.67007350913684 5.498182396016656 31.2
    endloop
  endfacet
  facet normal 0 0 1
    outer loop
      vertex 86.0393920132778 2.666421636210497 31.2
      vertex 85.74101710444249 5.762947498168947 31.2
      vertex 85.71422211760351 5.628240002642354 31.2
    endloop
  endfacet
  facet normal 0 0 1
    outer loop
      vertex 86.0393920132778 2.666421636210497 31.2
      vertex 85.74999999999999 5.9 31.2
      vertex 85.74101710444249 5.762947498168947 31.2
    endloop
  endfacet
  facet normal 0 0 1
    outer loop
      vertex 86.0393920132778 2.666421636210497 31.2
      vertex 86.44999999999999 2.868911086754465 31.2
      vertex 86.0393920132778 9.133578363789503 31.2
    endloop
  endfacet
  facet normal 0 0 1
    outer loop
      vertex 86.44999999999999 2.868911086754465 31.2
      vertex 86.8306650015305 3.123263308980677 31.2
      vertex 86.44999999999999 8.931088913245535 31.2
    endloop
  endfacet
  facet normal 0 0 1
    outer loop
      vertex 86.8306650015305 3.123263308980677 31.2
      vertex 87.17487373415291 3.425126265847084 31.2
      vertex 86.8306650015305 8.676736691019324 31.2
    endloop
  endfacet
  facet normal 0 0 1
    outer loop
      vertex 87.17487373415291 3.425126265847084 31.2
      vertex 87.47673669101931 3.769334998469478 31.2
      vertex 87.17487373415291 8.374873734152917 31.2
    endloop
  endfacet
  facet normal 0 0 1
    outer loop
      vertex 87.47673669101931 3.769334998469478 31.2
      vertex 87.73108891324553 4.15 31.2
      vertex 87.47673669101931 8.030665001530522 31.2
    endloop
  endfacet
  facet normal 0 0 1
    outer loop
      vertex 86.0393920132778 2.666421636210497 31.2
      vertex 85.60586665785881 9.28074039201174 31.2
      vertex 85.74999999999999 5.9 31.2
    endloop
  endfacet
  facet normal 0 0 1
    outer loop
      vertex 85.225 6.809326673973661 31.2
      vertex 85.15684167277017 9.370057014808337 31.2
      vertex 85.10181760398333 6.870073509136851 31.2
    endloop
  endfacet
  facet normal 0 0 1
    outer loop
      vertex 85.225 6.809326673973661 31.2
      vertex 85.33919950045915 6.733021007305798 31.2
      vertex 85.15684167277017 9.370057014808337 31.2
    endloop
  endfacet
  facet normal 0 0 1
    outer loop
      vertex 85.67007350913684 6.301817603983345 31.2
      vertex 85.60586665785881 9.28074039201174 31.2
      vertex 85.60932667397365 6.425000000000001 31.2
    endloop
  endfacet
  facet normal 0 0 1
    outer loop
      vertex 85.60932667397365 6.425000000000001 31.2
      vertex 85.60586665785881 9.28074039201174 31.2
      vertex 85.53302100730579 6.539199500459157 31.2
    endloop
  endfacet
  facet normal 0 0 1
    outer loop
      vertex 85.33919950045915 6.733021007305798 31.2
      vertex 85.44246212024586 6.642462120245876 31.2
      vertex 85.60586665785881 9.28074039201174 31.2
    endloop
  endfacet
  facet normal 0 0 1
    outer loop
      vertex 85.44246212024586 6.642462120245876 31.2
      vertex 85.53302100730579 6.539199500459157 31.2
      vertex 85.60586665785881 9.28074039201174 31.2
    endloop
  endfacet
  facet normal 0 0 1
    outer loop
      vertex 85.74999999999999 5.9 31.2
      vertex 85.60586665785881 9.28074039201174 31.2
      vertex 85.74101710444249 6.037052501831054 31.2
    endloop
  endfacet
  facet normal 0 0 1
    outer loop
      vertex 85.74101710444249 6.037052501831054 31.2
      vertex 85.60586665785881 9.28074039201174 31.2
      vertex 85.71422211760351 6.171759997357647 31.2
    endloop
  endfacet
  facet normal 0 0 1
    outer loop
      vertex 86.0393920132778 2.666421636210497 31.2
      vertex 86.0393920132778 9.133578363789503 31.2
      vertex 85.60586665785881 9.28074039201174 31.2
    endloop
  endfacet
  facet normal 0 0 1
    outer loop
      vertex 86.44999999999999 2.868911086754465 31.2
      vertex 86.44999999999999 8.931088913245535 31.2
      vertex 86.0393920132778 9.133578363789503 31.2
    endloop
  endfacet
  facet normal 0 0 1
    outer loop
      vertex 85.71422211760351 6.171759997357647 31.2
      vertex 85.60586665785881 9.28074039201174 31.2
      vertex 85.67007350913684 6.301817603983345 31.2
    endloop
  endfacet
  facet normal 0 0 1
    outer loop
      vertex 87.47673669101931 3.769334998469478 31.2
      vertex 87.47673669101931 8.030665001530522 31.2
      vertex 87.17487373415291 8.374873734152917 31.2
    endloop
  endfacet
  facet normal 0 0 1
    outer loop
      vertex 87.73108891324553 4.15 31.2
      vertex 87.73108891324553 7.65 31.2
      vertex 87.47673669101931 8.030665001530522 31.2
    endloop
  endfacet
  facet normal 0 0 1
    outer loop
      vertex 86.8306650015305 3.123263308980677 31.2
      vertex 86.8306650015305 8.676736691019324 31.2
      vertex 86.44999999999999 8.931088913245535 31.2
    endloop
  endfacet
  facet normal 0 0 1
    outer loop
      vertex 87.17487373415291 3.425126265847084 31.2
      vertex 87.17487373415291 8.374873734152917 31.2
      vertex 86.8306650015305 8.676736691019324 31.2
    endloop
  endfacet
  facet normal 0 0 1
    outer loop
      vertex 87.73108891324553 4.15 31.2
      vertex 87.9335783637895 4.560607986722186 31.2
      vertex 87.73108891324553 7.65 31.2
    endloop
  endfacet
  facet normal 0 0 1
    outer loop
      vertex 87.9335783637895 4.560607986722186 31.2
      vertex 88.08074039201173 4.994133342141177 31.2
      vertex 87.9335783637895 7.239392013277815 31.2
    endloop
  endfacet
  facet normal 0 0 1
    outer loop
      vertex 88.08074039201173 4.994133342141177 31.2
      vertex 88.17005701480832 5.44315832722982 31.2
      vertex 88.08074039201173 6.805866657858823 31.2
    endloop
  endfacet
  facet normal 0 0 1
    outer loop
      vertex 88.17005701480832 5.44315832722982 31.2
      vertex 88.19999999999999 5.9 31.2
      vertex 88.17005701480832 6.356841672770181 31.2
    endloop
  endfacet
  facet normal 0 0 1
    outer loop
      vertex 88.17005701480832 5.44315832722982 31.2
      vertex 88.17005701480832 6.356841672770181 31.2
      vertex 88.08074039201173 6.805866657858823 31.2
    endloop
  endfacet
  facet normal 0 0 1
    outer loop
      vertex 87.9335783637895 4.560607986722186 31.2
      vertex 87.9335783637895 7.239392013277815 31.2
      vertex 87.73108891324553 7.65 31.2
    endloop
  endfacet
  facet normal 0 0 1
    outer loop
      vertex 88.08074039201173 4.994133342141177 31.2
      vertex 88.08074039201173 6.805866657858823 31.2
      vertex 87.9335783637895 7.239392013277815 31.2
    endloop
  endfacet
  facet normal 0 0 1
    outer loop
      vertex 83.86697899269419 6.539199500459157 31.2
      vertex 83.79413334214117 9.28074039201174 31.2
      vertex 83.36060798672217 9.133578363789503 31.2
    endloop
  endfacet
  facet normal 0 0 1
    outer loop
      vertex 84.29818239601664 6.870073509136851 31.2
      vertex 84.2431583272298 9.370057014808337 31.2
      vertex 83.79413334214117 9.28074039201174 31.2
    endloop
  endfacet
  facet normal 0 0 1
    outer loop
      vertex 84.29818239601664 6.870073509136851 31.2
      vertex 84.42824000264234 6.914222117603522 31.2
      vertex 84.2431583272298 9.370057014808337 31.2
    endloop
  endfacet
  facet normal 0 0 1
    outer loop
      vertex 84.42824000264234 6.914222117603522 31.2
      vertex 84.56294749816894 6.941017104442501 31.2
      vertex 84.2431583272298 9.370057014808337 31.2
    endloop
  endfacet
  facet normal 0 0 1
    outer loop
      vertex 84.56294749816894 6.941017104442501 31.2
      vertex 84.69999999999999 6.95 31.2
      vertex 84.2431583272298 9.370057014808337 31.2
    endloop
  endfacet
  facet normal 0 0 1
    outer loop
      vertex 84.83705250183104 6.941017104442501 31.2
      vertex 84.69999999999999 9.4 31.2
      vertex 84.69999999999999 6.95 31.2
    endloop
  endfacet
  facet normal 0 0 1
    outer loop
      vertex 84.83705250183104 6.941017104442501 31.2
      vertex 84.97175999735764 6.914222117603522 31.2
      vertex 84.69999999999999 9.4 31.2
    endloop
  endfacet
  facet normal 0 0 1
    outer loop
      vertex 84.69999999999999 6.95 31.2
      vertex 84.69999999999999 9.4 31.2
      vertex 84.2431583272298 9.370057014808337 31.2
    endloop
  endfacet
  facet normal 0 0 1
    outer loop
      vertex 84.97175999735764 6.914222117603522 31.2
      vertex 85.10181760398333 6.870073509136851 31.2
      vertex 85.15684167277017 9.370057014808337 31.2
    endloop
  endfacet
  facet normal 0 0 1
    outer loop
      vertex 84.97175999735764 6.914222117603522 31.2
      vertex 85.15684167277017 9.370057014808337 31.2
      vertex 84.69999999999999 9.4 31.2
    endloop
  endfacet
  facet normal 0 0 1
    outer loop
      vertex 85.33919950045915 6.733021007305798 31.2
      vertex 85.60586665785881 9.28074039201174 31.2
      vertex 85.15684167277017 9.370057014808337 31.2
    endloop
  endfacet
  facet normal 0.3214394653031663 0.946930129495104 0
    outer loop
      vertex 7.013200715890833 9.210359963005347 5.2
      vertex 7.013200715890833 9.210359963005347 2.2
      vertex 6.805866657858823 9.28074039201174 2.2
    endloop
  endfacet
  facet normal -0.7518398074789772 -0.6593458151000692 0
    outer loop
      vertex 3.123263308980677 3.769334998469478 31.2
      vertex 3.123263308980677 3.769334998469478 2.2
      vertex 3.425126265847084 3.425126265847084 2.2
    endloop
  endfacet
  facet normal -0.6593458151000692 -0.7518398074789772 0
    outer loop
      vertex 3.769334998469478 3.123263308980677 31.2
      vertex 3.425126265847084 3.425126265847084 2.2
      vertex 3.769334998469478 3.123263308980677 2.2
    endloop
  endfacet
  facet normal -0.5555702330196018 -0.8314696123025456 0
    outer loop
      vertex 4.15 2.868911086754465 31.2
      vertex 3.769334998469478 3.123263308980677 2.2
      vertex 4.15 2.868911086754465 2.2
    endloop
  endfacet
  facet normal -0.4422886902190014 -0.8968727415326883 0
    outer loop
      vertex 4.560607986722186 2.666421636210497 31.2
      vertex 4.15 2.868911086754465 2.2
      vertex 4.560607986722186 2.666421636210497 2.2
    endloop
  endfacet
  facet normal -0.32143946530316175 -0.9469301294951056 0
    outer loop
      vertex 4.994133342141177 2.5192596079882614 31.2
      vertex 4.560607986722186 2.666421636210497 2.2
      vertex 4.994133342141177 2.5192596079882614 2.2
    endloop
  endfacet
  facet normal -0.1950903220161285 -0.9807852804032304 0
    outer loop
      vertex 5.44315832722982 2.429942985191664 31.2
      vertex 4.994133342141177 2.5192596079882614 2.2
      vertex 5.44315832722982 2.429942985191664 2.2
    endloop
  endfacet
  facet normal -0.8968727415326883 -0.4422886902190014 0
    outer loop
      vertex 2.666421636210497 4.560607986722186 31.2
      vertex 2.666421636210497 4.560607986722186 2.2
      vertex 2.868911086754465 4.15 2.2
    endloop
  endfacet
  facet normal -0.9807852804032304 -0.1950903220161285 0
    outer loop
      vertex 2.429942985191664 5.44315832722982 31.2
      vertex 2.429942985191664 5.44315832722982 2.2
      vertex 2.5192596079882614 4.994133342141177 2.2
    endloop
  endfacet
  facet normal -0.9469301294951056 -0.32143946530316175 0
    outer loop
      vertex 2.5192596079882614 4.994133342141177 31.2
      vertex 2.5192596079882614 4.994133342141177 2.2
      vertex 2.666421636210497 4.560607986722186 2.2
    endloop
  endfacet
  facet normal -0.9978589232386035 -0.0654031292301429 0
    outer loop
      vertex 2.4000000000000004 5.9 31.2
      vertex 2.4000000000000004 5.9 2.2
      vertex 2.429942985191664 5.44315832722982 2.2
    endloop
  endfacet
  facet normal -0.9978589232386035 0.0654031292301429 0
    outer loop
      vertex 2.429942985191664 6.356841672770181 31.2
      vertex 2.429942985191664 6.356841672770181 2.2
      vertex 2.4000000000000004 5.9 2.2
    endloop
  endfacet
  facet normal -0.9807852804032304 0.1950903220161285 0
    outer loop
      vertex 2.5192596079882614 6.805866657858823 31.2
      vertex 2.5192596079882614 6.805866657858823 2.2
      vertex 2.429942985191664 6.356841672770181 2.2
    endloop
  endfacet
  facet normal -0.9469301294951056 0.32143946530316175 0
    outer loop
      vertex 2.666421636210497 7.239392013277815 31.2
      vertex 2.666421636210497 7.239392013277815 2.2
      vertex 2.5192596079882614 6.805866657858823 2.2
    endloop
  endfacet
  facet normal -0.8968727415326883 0.4422886902190014 0
    outer loop
      vertex 2.868911086754465 7.65 31.2
      vertex 2.868911086754465 7.65 2.2
      vertex 2.666421636210497 7.239392013277815 2.2
    endloop
  endfacet
  facet normal -0.8314696123025456 -0.5555702330196018 0
    outer loop
      vertex 2.868911086754465 4.15 31.2
      vertex 2.868911086754465 4.15 2.2
      vertex 3.123263308980677 3.769334998469478 2.2
    endloop
  endfacet
  facet normal -0.0654031292301429 -0.9978589232386035 0
    outer loop
      vertex 5.9 2.4000000000000004 31.2
      vertex 5.44315832722982 2.429942985191664 2.2
      vertex 5.9 2.4000000000000004 2.2
    endloop
  endfacet
  facet normal 0.0654031292301429 -0.9978589232386035 0
    outer loop
      vertex 6.356841672770181 2.429942985191664 31.2
      vertex 5.9 2.4000000000000004 2.2
      vertex 6.356841672770181 2.429942985191664 2.2
    endloop
  endfacet
  facet normal 0.1950903220161285 -0.9807852804032304 0
    outer loop
      vertex 6.805866657858823 2.5192596079882614 31.2
      vertex 6.356841672770181 2.429942985191664 2.2
      vertex 6.805866657858823 2.5192596079882614 2.2
    endloop
  endfacet
  facet normal 0.32143946530316175 -0.9469301294951056 0
    outer loop
      vertex 7.239392013277815 2.666421636210497 31.2
      vertex 6.805866657858823 2.5192596079882614 2.2
      vertex 7.239392013277815 2.666421636210497 2.2
    endloop
  endfacet
  facet normal 0.4422886902190014 -0.8968727415326883 0
    outer loop
      vertex 7.65 2.868911086754465 31.2
      vertex 7.239392013277815 2.666421636210497 2.2
      vertex 7.65 2.868911086754465 2.2
    endloop
  endfacet
  facet normal 0.5555702330196022 -0.8314696123025452 0
    outer loop
      vertex 8.030665001530522 3.123263308980677 31.2
      vertex 7.65 2.868911086754465 2.2
      vertex 8.030665001530522 3.123263308980677 2.2
    endloop
  endfacet
  facet normal 0.6593458151000682 -0.7518398074789779 0
    outer loop
      vertex 8.374873734152917 3.425126265847084 31.2
      vertex 8.030665001530522 3.123263308980677 2.2
      vertex 8.374873734152917 3.425126265847084 2.2
    endloop
  endfacet
  facet normal 0.7518398074789776 -0.6593458151000686 0
    outer loop
      vertex 8.374873734152917 3.425126265847084 31.2
      vertex 8.374873734152917 3.425126265847084 2.2
      vertex 8.676736691019324 3.769334998469478 2.2
    endloop
  endfacet
  facet normal 0.8314696123025459 -0.5555702330196011 0
    outer loop
      vertex 8.676736691019324 3.769334998469478 31.2
      vertex 8.676736691019324 3.769334998469478 2.2
      vertex 8.931088913245535 4.15 2.2
    endloop
  endfacet
  facet normal 0.8968727415326883 -0.4422886902190014 0
    outer loop
      vertex 8.931088913245535 4.15 31.2
      vertex 8.931088913245535 4.15 2.2
      vertex 9.133578363789503 4.560607986722186 2.2
    endloop
  endfacet
  facet normal 0.9469301294951046 -0.32143946530316436 0
    outer loop
      vertex 9.133578363789503 4.560607986722186 31.2
      vertex 9.133578363789503 4.560607986722186 2.2
      vertex 9.28074039201174 4.994133342141177 2.2
    endloop
  endfacet
  facet normal 0.9807852804032309 -0.19509032201612664 0
    outer loop
      vertex 9.28074039201174 4.994133342141177 31.2
      vertex 9.28074039201174 4.994133342141177 2.2
      vertex 9.370057014808337 5.44315832722982 2.2
    endloop
  endfacet
  facet normal 0.9978589232386035 -0.0654031292301429 0
    outer loop
      vertex 9.370057014808337 5.44315832722982 31.2
      vertex 9.370057014808337 5.44315832722982 2.2
      vertex 9.4 5.9 2.2
    endloop
  endfacet
  facet normal 0.9978589232386035 0.0654031292301429 0
    outer loop
      vertex 9.4 5.9 31.2
      vertex 9.4 5.9 2.2
      vertex 9.370057014808337 6.356841672770181 2.2
    endloop
  endfacet
  facet normal 0.9807852804032309 0.19509032201612664 0
    outer loop
      vertex 9.370057014808337 6.356841672770181 31.2
      vertex 9.370057014808337 6.356841672770181 2.2
      vertex 9.28074039201174 6.805866657858823 2.2
    endloop
  endfacet
  facet normal 0.9469301294951037 0.3214394653031676 0
    outer loop
      vertex 9.28074039201174 6.805866657858823 31.2
      vertex 9.28074039201174 6.805866657858823 2.2
      vertex 9.210359963005347 7.013200715890832 2.2
    endloop
  endfacet
  facet normal 0.9469301294951037 0.3214394653031676 0
    outer loop
      vertex 9.210359963005347 7.013200715890832 5.2
      vertex 9.28074039201174 6.805866657858823 31.2
      vertex 9.210359963005347 7.013200715890832 2.2
    endloop
  endfacet
  facet normal 0.9469301294951057 0.3214394653031615 -2.1803108903670266e-19
    outer loop
      vertex 9.210359963005347 7.013200715890832 5.2
      vertex 9.133578363789503 7.239392013277815 5.2
      vertex 9.133578363789503 7.239392013277815 31.2
    endloop
  endfacet
  facet normal 0.8968727415326883 0.4422886902190014 0
    outer loop
      vertex 8.931088913245535 7.65 5.2
      vertex 8.931088913245535 7.65 31.2
      vertex 9.133578363789503 7.239392013277815 5.2
    endloop
  endfacet
  facet normal -0.8314696123025452 0.5555702330196022 0
    outer loop
      vertex 3.123263308980677 8.030665001530522 31.2
      vertex 3.123263308980677 8.030665001530522 2.2
      vertex 2.868911086754465 7.65 2.2
    endloop
  endfacet
  facet normal -0.7518398074789779 0.6593458151000682 0
    outer loop
      vertex 3.425126265847084 8.374873734152917 31.2
      vertex 3.425126265847084 8.374873734152917 2.2
      vertex 3.123263308980677 8.030665001530522 2.2
    endloop
  endfacet
  facet normal -0.6593458151000686 0.7518398074789776 0
    outer loop
      vertex 3.425126265847084 8.374873734152917 31.2
      vertex 3.769334998469478 8.676736691019324 2.2
      vertex 3.425126265847084 8.374873734152917 2.2
    endloop
  endfacet
  facet normal -0.5555702330196011 0.8314696123025459 0
    outer loop
      vertex 3.769334998469478 8.676736691019324 31.2
      vertex 4.15 8.931088913245535 2.2
      vertex 3.769334998469478 8.676736691019324 2.2
    endloop
  endfacet
  facet normal -0.4422886902190014 0.8968727415326883 0
    outer loop
      vertex 4.15 8.931088913245535 31.2
      vertex 4.560607986722186 9.133578363789503 2.2
      vertex 4.15 8.931088913245535 2.2
    endloop
  endfacet
  facet normal -0.32143946530316436 0.9469301294951046 0
    outer loop
      vertex 4.560607986722186 9.133578363789503 31.2
      vertex 4.994133342141177 9.28074039201174 2.2
      vertex 4.560607986722186 9.133578363789503 2.2
    endloop
  endfacet
  facet normal -0.19509032201612664 0.9807852804032309 0
    outer loop
      vertex 4.994133342141177 9.28074039201174 31.2
      vertex 5.44315832722982 9.370057014808337 2.2
      vertex 4.994133342141177 9.28074039201174 2.2
    endloop
  endfacet
  facet normal -0.0654031292301429 0.9978589232386035 0
    outer loop
      vertex 5.44315832722982 9.370057014808337 31.2
      vertex 5.9 9.4 2.2
      vertex 5.44315832722982 9.370057014808337 2.2
    endloop
  endfacet
  facet normal 0.0654031292301429 0.9978589232386035 0
    outer loop
      vertex 5.9 9.4 31.2
      vertex 6.356841672770181 9.370057014808337 2.2
      vertex 5.9 9.4 2.2
    endloop
  endfacet
  facet normal 0.19509032201612664 0.9807852804032309 0
    outer loop
      vertex 6.356841672770181 9.370057014808337 31.2
      vertex 6.805866657858823 9.28074039201174 2.2
      vertex 6.356841672770181 9.370057014808337 2.2
    endloop
  endfacet
  facet normal 0.3214394653031663 0.946930129495104 -1.2371891451235704e-19
    outer loop
      vertex 7.013200715890833 9.210359963005347 5.2
      vertex 6.805866657858823 9.28074039201174 2.2
      vertex 6.805866657858823 9.28074039201174 31.2
    endloop
  endfacet
  facet normal 0.32143946530316264 0.9469301294951054 -3.30145384042565e-17
    outer loop
      vertex 7.013200715890833 9.210359963005347 5.2
      vertex 6.805866657858823 9.28074039201174 31.2
      vertex 7.239392013277815 9.133578363789503 5.2
    endloop
  endfacet
  facet normal 0.7518398074789784 0.6593458151000676 0
    outer loop
      vertex 8.374873734152917 8.374873734152917 5.2
      vertex 8.374873734152917 8.374873734152917 31.2
      vertex 8.676736691019324 8.030665001530522 5.2
    endloop
  endfacet
  facet normal 0.6593458151000676 0.7518398074789784 -2.951243568565565e-19
    outer loop
      vertex 8.374873734152917 8.374873734152917 5.2
      vertex 8.030665001530522 8.676736691019324 5.2
      vertex 8.030665001530522 8.676736691019324 31.2
    endloop
  endfacet
  facet normal 0.4422886902190014 0.8968727415326883 4.949849034934818e-19
    outer loop
      vertex 7.65 8.931088913245535 5.2
      vertex 7.239392013277815 9.133578363789503 5.2
      vertex 7.239392013277815 9.133578363789503 31.2
    endloop
  endfacet
  facet normal 0.5555702330196015 0.8314696123025457 0
    outer loop
      vertex 7.65 8.931088913245535 5.2
      vertex 7.65 8.931088913245535 31.2
      vertex 8.030665001530522 8.676736691019324 5.2
    endloop
  endfacet
  facet normal 0.8314696123025457 0.5555702330196015 4.9619958032499e-19
    outer loop
      vertex 8.931088913245535 7.65 5.2
      vertex 8.676736691019324 8.030665001530522 5.2
      vertex 8.676736691019324 8.030665001530522 31.2
    endloop
  endfacet
  facet normal -0.7518398074789772 -0.6593458151000692 0
    outer loop
      vertex 3.425126265847084 3.425126265847084 31.2
      vertex 3.123263308980677 3.769334998469478 31.2
      vertex 3.425126265847084 3.425126265847084 2.2
    endloop
  endfacet
  facet normal -0.6593458151000692 -0.7518398074789772 0
    outer loop
      vertex 3.425126265847084 3.425126265847084 31.2
      vertex 3.425126265847084 3.425126265847084 2.2
      vertex 3.769334998469478 3.123263308980677 31.2
    endloop
  endfacet
  facet normal -0.5555702330196018 -0.8314696123025456 0
    outer loop
      vertex 3.769334998469478 3.123263308980677 31.2
      vertex 3.769334998469478 3.123263308980677 2.2
      vertex 4.15 2.868911086754465 31.2
    endloop
  endfacet
  facet normal -0.4422886902190014 -0.8968727415326883 0
    outer loop
      vertex 4.15 2.868911086754465 31.2
      vertex 4.15 2.868911086754465 2.2
      vertex 4.560607986722186 2.666421636210497 31.2
    endloop
  endfacet
  facet normal -0.32143946530316175 -0.9469301294951056 0
    outer loop
      vertex 4.560607986722186 2.666421636210497 31.2
      vertex 4.560607986722186 2.666421636210497 2.2
      vertex 4.994133342141177 2.5192596079882614 31.2
    endloop
  endfacet
  facet normal -0.1950903220161285 -0.9807852804032304 0
    outer loop
      vertex 4.994133342141177 2.5192596079882614 31.2
      vertex 4.994133342141177 2.5192596079882614 2.2
      vertex 5.44315832722982 2.429942985191664 31.2
    endloop
  endfacet
  facet normal -0.0654031292301429 -0.9978589232386035 0
    outer loop
      vertex 5.44315832722982 2.429942985191664 31.2
      vertex 5.44315832722982 2.429942985191664 2.2
      vertex 5.9 2.4000000000000004 31.2
    endloop
  endfacet
  facet normal -0.8968727415326883 -0.4422886902190014 0
    outer loop
      vertex 2.868911086754465 4.15 31.2
      vertex 2.666421636210497 4.560607986722186 31.2
      vertex 2.868911086754465 4.15 2.2
    endloop
  endfacet
  facet normal -0.9469301294951056 -0.32143946530316175 0
    outer loop
      vertex 2.666421636210497 4.560607986722186 31.2
      vertex 2.5192596079882614 4.994133342141177 31.2
      vertex 2.666421636210497 4.560607986722186 2.2
    endloop
  endfacet
  facet normal -0.9807852804032304 -0.1950903220161285 0
    outer loop
      vertex 2.5192596079882614 4.994133342141177 31.2
      vertex 2.429942985191664 5.44315832722982 31.2
      vertex 2.5192596079882614 4.994133342141177 2.2
    endloop
  endfacet
  facet normal -0.9978589232386035 -0.0654031292301429 0
    outer loop
      vertex 2.429942985191664 5.44315832722982 31.2
      vertex 2.4000000000000004 5.9 31.2
      vertex 2.429942985191664 5.44315832722982 2.2
    endloop
  endfacet
  facet normal -0.9978589232386035 0.0654031292301429 0
    outer loop
      vertex 2.4000000000000004 5.9 31.2
      vertex 2.429942985191664 6.356841672770181 31.2
      vertex 2.4000000000000004 5.9 2.2
    endloop
  endfacet
  facet normal -0.9807852804032304 0.1950903220161285 0
    outer loop
      vertex 2.429942985191664 6.356841672770181 31.2
      vertex 2.5192596079882614 6.805866657858823 31.2
      vertex 2.429942985191664 6.356841672770181 2.2
    endloop
  endfacet
  facet normal -0.9469301294951056 0.32143946530316175 0
    outer loop
      vertex 2.5192596079882614 6.805866657858823 31.2
      vertex 2.666421636210497 7.239392013277815 31.2
      vertex 2.5192596079882614 6.805866657858823 2.2
    endloop
  endfacet
  facet normal -0.8968727415326883 0.4422886902190014 0
    outer loop
      vertex 2.666421636210497 7.239392013277815 31.2
      vertex 2.868911086754465 7.65 31.2
      vertex 2.666421636210497 7.239392013277815 2.2
    endloop
  endfacet
  facet normal -0.8314696123025456 -0.5555702330196018 1.0980824507777484e-19
    outer loop
      vertex 2.868911086754465 4.15 31.2
      vertex 3.123263308980677 3.769334998469478 2.2
      vertex 3.123263308980677 3.769334998469478 31.2
    endloop
  endfacet
  facet normal 0.0654031292301429 -0.9978589232386035 0
    outer loop
      vertex 5.9 2.4000000000000004 31.2
      vertex 5.9 2.4000000000000004 2.2
      vertex 6.356841672770181 2.429942985191664 31.2
    endloop
  endfacet
  facet normal 0.1950903220161285 -0.9807852804032304 0
    outer loop
      vertex 6.356841672770181 2.429942985191664 31.2
      vertex 6.356841672770181 2.429942985191664 2.2
      vertex 6.805866657858823 2.5192596079882614 31.2
    endloop
  endfacet
  facet normal 0.32143946530316175 -0.9469301294951056 0
    outer loop
      vertex 6.805866657858823 2.5192596079882614 31.2
      vertex 6.805866657858823 2.5192596079882614 2.2
      vertex 7.239392013277815 2.666421636210497 31.2
    endloop
  endfacet
  facet normal 0.4422886902190014 -0.8968727415326883 0
    outer loop
      vertex 7.239392013277815 2.666421636210497 31.2
      vertex 7.239392013277815 2.666421636210497 2.2
      vertex 7.65 2.868911086754465 31.2
    endloop
  endfacet
  facet normal 0.5555702330196022 -0.8314696123025452 0
    outer loop
      vertex 7.65 2.868911086754465 31.2
      vertex 7.65 2.868911086754465 2.2
      vertex 8.030665001530522 3.123263308980677 31.2
    endloop
  endfacet
  facet normal 0.6593458151000682 -0.7518398074789779 0
    outer loop
      vertex 8.030665001530522 3.123263308980677 31.2
      vertex 8.030665001530522 3.123263308980677 2.2
      vertex 8.374873734152917 3.425126265847084 31.2
    endloop
  endfacet
  facet normal 0.7518398074789776 -0.6593458151000686 -6.908433802247291e-20
    outer loop
      vertex 8.374873734152917 3.425126265847084 31.2
      vertex 8.676736691019324 3.769334998469478 2.2
      vertex 8.676736691019324 3.769334998469478 31.2
    endloop
  endfacet
  facet normal 0.8314696123025459 -0.5555702330196011 -2.992936163430465e-19
    outer loop
      vertex 8.676736691019324 3.769334998469478 31.2
      vertex 8.931088913245535 4.15 2.2
      vertex 8.931088913245535 4.15 31.2
    endloop
  endfacet
  facet normal 0.8968727415326883 -0.4422886902190014 -4.4377956864932855e-19
    outer loop
      vertex 8.931088913245535 4.15 31.2
      vertex 9.133578363789503 4.560607986722186 2.2
      vertex 9.133578363789503 4.560607986722186 31.2
    endloop
  endfacet
  facet normal 0.9469301294951046 -0.32143946530316436 1.4931648100063972e-19
    outer loop
      vertex 9.133578363789503 4.560607986722186 31.2
      vertex 9.28074039201174 4.994133342141177 2.2
      vertex 9.28074039201174 4.994133342141177 31.2
    endloop
  endfacet
  facet normal 0.9807852804032309 -0.19509032201612664 2.3864595843970557e-19
    outer loop
      vertex 9.28074039201174 4.994133342141177 31.2
      vertex 9.370057014808337 5.44315832722982 2.2
      vertex 9.370057014808337 5.44315832722982 31.2
    endloop
  endfacet
  facet normal 0.9978589232386035 -0.0654031292301429 -5.564569595647879e-22
    outer loop
      vertex 9.370057014808337 5.44315832722982 31.2
      vertex 9.4 5.9 2.2
      vertex 9.4 5.9 31.2
    endloop
  endfacet
  facet normal 0.9978589232386035 0.0654031292301429 5.564569595647879e-22
    outer loop
      vertex 9.4 5.9 31.2
      vertex 9.370057014808337 6.356841672770181 2.2
      vertex 9.370057014808337 6.356841672770181 31.2
    endloop
  endfacet
  facet normal 0.9807852804032309 0.19509032201612664 -2.3864595843970557e-19
    outer loop
      vertex 9.370057014808337 6.356841672770181 31.2
      vertex 9.28074039201174 6.805866657858823 2.2
      vertex 9.28074039201174 6.805866657858823 31.2
    endloop
  endfacet
  facet normal 0.8968727415326883 0.4422886902190014 0
    outer loop
      vertex 9.133578363789503 7.239392013277815 5.2
      vertex 8.931088913245535 7.65 31.2
      vertex 9.133578363789503 7.239392013277815 31.2
    endloop
  endfacet
  facet normal 0.9469301294951047 0.32143946530316436 -2.8200824297059964e-17
    outer loop
      vertex 9.210359963005347 7.013200715890832 5.2
      vertex 9.133578363789503 7.239392013277815 31.2
      vertex 9.28074039201174 6.805866657858823 31.2
    endloop
  endfacet
  facet normal -0.8314696123025452 0.5555702330196022 0
    outer loop
      vertex 2.868911086754465 7.65 31.2
      vertex 3.123263308980677 8.030665001530522 31.2
      vertex 2.868911086754465 7.65 2.2
    endloop
  endfacet
  facet normal -0.7518398074789779 0.6593458151000682 0
    outer loop
      vertex 3.123263308980677 8.030665001530522 31.2
      vertex 3.425126265847084 8.374873734152917 31.2
      vertex 3.123263308980677 8.030665001530522 2.2
    endloop
  endfacet
  facet normal -0.6593458151000686 0.7518398074789776 -6.908433802247291e-20
    outer loop
      vertex 3.425126265847084 8.374873734152917 31.2
      vertex 3.769334998469478 8.676736691019324 31.2
      vertex 3.769334998469478 8.676736691019324 2.2
    endloop
  endfacet
  facet normal -0.5555702330196011 0.8314696123025459 -2.992936163430465e-19
    outer loop
      vertex 3.769334998469478 8.676736691019324 31.2
      vertex 4.15 8.931088913245535 31.2
      vertex 4.15 8.931088913245535 2.2
    endloop
  endfacet
  facet normal -0.4422886902190014 0.8968727415326883 -4.4377956864932855e-19
    outer loop
      vertex 4.15 8.931088913245535 31.2
      vertex 4.560607986722186 9.133578363789503 31.2
      vertex 4.560607986722186 9.133578363789503 2.2
    endloop
  endfacet
  facet normal -0.32143946530316436 0.9469301294951046 1.4931648100063972e-19
    outer loop
      vertex 4.560607986722186 9.133578363789503 31.2
      vertex 4.994133342141177 9.28074039201174 31.2
      vertex 4.994133342141177 9.28074039201174 2.2
    endloop
  endfacet
  facet normal -0.19509032201612664 0.9807852804032309 2.3864595843970557e-19
    outer loop
      vertex 4.994133342141177 9.28074039201174 31.2
      vertex 5.44315832722982 9.370057014808337 31.2
      vertex 5.44315832722982 9.370057014808337 2.2
    endloop
  endfacet
  facet normal -0.0654031292301429 0.9978589232386035 -5.564569595647879e-22
    outer loop
      vertex 5.44315832722982 9.370057014808337 31.2
      vertex 5.9 9.4 31.2
      vertex 5.9 9.4 2.2
    endloop
  endfacet
  facet normal 0.0654031292301429 0.9978589232386035 5.564569595647879e-22
    outer loop
      vertex 5.9 9.4 31.2
      vertex 6.356841672770181 9.370057014808337 31.2
      vertex 6.356841672770181 9.370057014808337 2.2
    endloop
  endfacet
  facet normal 0.19509032201612664 0.9807852804032309 -2.3864595843970557e-19
    outer loop
      vertex 6.356841672770181 9.370057014808337 31.2
      vertex 6.805866657858823 9.28074039201174 31.2
      vertex 6.805866657858823 9.28074039201174 2.2
    endloop
  endfacet
  facet normal 0.6593458151000676 0.7518398074789784 0
    outer loop
      vertex 8.374873734152917 8.374873734152917 5.2
      vertex 8.030665001530522 8.676736691019324 31.2
      vertex 8.374873734152917 8.374873734152917 31.2
    endloop
  endfacet
  facet normal 0.4422886902190014 0.8968727415326883 0
    outer loop
      vertex 7.65 8.931088913245535 5.2
      vertex 7.239392013277815 9.133578363789503 31.2
      vertex 7.65 8.931088913245535 31.2
    endloop
  endfacet
  facet normal 0.32143946530316436 0.9469301294951047 0
    outer loop
      vertex 7.239392013277815 9.133578363789503 5.2
      vertex 6.805866657858823 9.28074039201174 31.2
      vertex 7.239392013277815 9.133578363789503 31.2
    endloop
  endfacet
  facet normal 0.5555702330196015 0.8314696123025457 0
    outer loop
      vertex 8.030665001530522 8.676736691019324 5.2
      vertex 7.65 8.931088913245535 31.2
      vertex 8.030665001530522 8.676736691019324 31.2
    endloop
  endfacet
  facet normal 0.8314696123025457 0.5555702330196015 0
    outer loop
      vertex 8.931088913245535 7.65 5.2
      vertex 8.676736691019324 8.030665001530522 31.2
      vertex 8.931088913245535 7.65 31.2
    endloop
  endfacet
  facet normal 0.7518398074789784 0.6593458151000676 0
    outer loop
      vertex 8.676736691019324 8.030665001530522 5.2
      vertex 8.374873734152917 8.374873734152917 31.2
      vertex 8.676736691019324 8.030665001530522 31.2
    endloop
  endfacet
  facet normal 0 0 1
    outer loop
      vertex 4.994133342141177 2.5192596079882614 31.2
      vertex 5.44315832722982 2.429942985191664 31.2
      vertex 5.260800499540844 5.066978992694203 31.2
    endloop
  endfacet
  facet normal 0 0 1
    outer loop
      vertex 5.44315832722982 2.429942985191664 31.2
      vertex 5.9 2.4000000000000004 31.2
      vertex 5.628240002642354 4.885777882396479 31.2
    endloop
  endfacet
  facet normal 0 0 1
    outer loop
      vertex 2.5192596079882614 4.994133342141177 31.2
      vertex 2.429942985191664 6.356841672770181 31.2
      vertex 2.429942985191664 5.44315832722982 31.2
    endloop
  endfacet
  facet normal 0 0 1
    outer loop
      vertex 2.666421636210497 4.560607986722186 31.2
      vertex 2.5192596079882614 6.805866657858823 31.2
      vertex 2.5192596079882614 4.994133342141177 31.2
    endloop
  endfacet
  facet normal 0 0 1
    outer loop
      vertex 2.868911086754465 4.15 31.2
      vertex 2.666421636210497 7.239392013277815 31.2
      vertex 2.666421636210497 4.560607986722186 31.2
    endloop
  endfacet
  facet normal 0 0 1
    outer loop
      vertex 2.429942985191664 5.44315832722982 31.2
      vertex 2.429942985191664 6.356841672770181 31.2
      vertex 2.4000000000000004 5.9 31.2
    endloop
  endfacet
  facet normal 0 0 1
    outer loop
      vertex 2.5192596079882614 4.994133342141177 31.2
      vertex 2.5192596079882614 6.805866657858823 31.2
      vertex 2.429942985191664 6.356841672770181 31.2
    endloop
  endfacet
  facet normal 0 0 1
    outer loop
      vertex 2.666421636210497 4.560607986722186 31.2
      vertex 2.666421636210497 7.239392013277815 31.2
      vertex 2.5192596079882614 6.805866657858823 31.2
    endloop
  endfacet
  facet normal 0 0 1
    outer loop
      vertex 2.868911086754465 4.15 31.2
      vertex 2.868911086754465 7.65 31.2
      vertex 2.666421636210497 7.239392013277815 31.2
    endloop
  endfacet
  facet normal 0 0 1
    outer loop
      vertex 2.868911086754465 4.15 31.2
      vertex 3.123263308980677 3.769334998469478 31.2
      vertex 2.868911086754465 7.65 31.2
    endloop
  endfacet
  facet normal 0 0 1
    outer loop
      vertex 3.425126265847084 3.425126265847084 31.2
      vertex 3.123263308980677 8.030665001530522 31.2
      vertex 3.123263308980677 3.769334998469478 31.2
    endloop
  endfacet
  facet normal 0 0 1
    outer loop
      vertex 3.425126265847084 3.425126265847084 31.2
      vertex 3.769334998469478 3.123263308980677 31.2
      vertex 3.425126265847084 8.374873734152917 31.2
    endloop
  endfacet
  facet normal 0 0 1
    outer loop
      vertex 3.769334998469478 3.123263308980677 31.2
      vertex 4.15 2.868911086754465 31.2
      vertex 3.769334998469478 8.676736691019324 31.2
    endloop
  endfacet
  facet normal 0 0 1
    outer loop
      vertex 4.994133342141177 2.5192596079882614 31.2
      vertex 4.929926490863149 5.498182396016656 31.2
      vertex 4.885777882396479 5.628240002642354 31.2
    endloop
  endfacet
  facet normal 0 0 1
    outer loop
      vertex 4.560607986722186 2.666421636210497 31.2
      vertex 4.994133342141177 2.5192596079882614 31.2
      vertex 4.560607986722186 9.133578363789503 31.2
    endloop
  endfacet
  facet normal 0 0 1
    outer loop
      vertex 4.994133342141177 2.5192596079882614 31.2
      vertex 4.885777882396479 5.628240002642354 31.2
      vertex 4.858982895557499 5.762947498168947 31.2
    endloop
  endfacet
  facet normal 0 0 1
    outer loop
      vertex 4.994133342141177 2.5192596079882614 31.2
      vertex 4.858982895557499 5.762947498168947 31.2
      vertex 4.8500000000000005 5.9 31.2
    endloop
  endfacet
  facet normal 0 0 1
    outer loop
      vertex 4.994133342141177 2.5192596079882614 31.2
      vertex 5.157537879754125 5.157537879754125 31.2
      vertex 5.066978992694203 5.260800499540844 31.2
    endloop
  endfacet
  facet normal 0 0 1
    outer loop
      vertex 4.994133342141177 2.5192596079882614 31.2
      vertex 5.260800499540844 5.066978992694203 31.2
      vertex 5.157537879754125 5.157537879754125 31.2
    endloop
  endfacet
  facet normal 0 0 1
    outer loop
      vertex 5.44315832722982 2.429942985191664 31.2
      vertex 5.628240002642354 4.885777882396479 31.2
      vertex 5.498182396016656 4.929926490863149 31.2
    endloop
  endfacet
  facet normal 0 0 1
    outer loop
      vertex 5.44315832722982 2.429942985191664 31.2
      vertex 5.375 4.990673326026339 31.2
      vertex 5.260800499540844 5.066978992694203 31.2
    endloop
  endfacet
  facet normal 0 0 1
    outer loop
      vertex 5.44315832722982 2.429942985191664 31.2
      vertex 5.498182396016656 4.929926490863149 31.2
      vertex 5.375 4.990673326026339 31.2
    endloop
  endfacet
  facet normal 0 0 1
    outer loop
      vertex 4.994133342141177 2.5192596079882614 31.2
      vertex 5.066978992694203 5.260800499540844 31.2
      vertex 4.990673326026339 5.375 31.2
    endloop
  endfacet
  facet normal 0 0 1
    outer loop
      vertex 4.994133342141177 2.5192596079882614 31.2
      vertex 4.990673326026339 5.375 31.2
      vertex 4.929926490863149 5.498182396016656 31.2
    endloop
  endfacet
  facet normal 0 0 1
    outer loop
      vertex 4.15 2.868911086754465 31.2
      vertex 4.560607986722186 2.666421636210497 31.2
      vertex 4.15 8.931088913245535 31.2
    endloop
  endfacet
  facet normal 0 0 1
    outer loop
      vertex 3.123263308980677 3.769334998469478 31.2
      vertex 3.123263308980677 8.030665001530522 31.2
      vertex 2.868911086754465 7.65 31.2
    endloop
  endfacet
  facet normal 0 0 1
    outer loop
      vertex 3.425126265847084 3.425126265847084 31.2
      vertex 3.425126265847084 8.374873734152917 31.2
      vertex 3.123263308980677 8.030665001530522 31.2
    endloop
  endfacet
  facet normal 0 0 1
    outer loop
      vertex 3.769334998469478 3.123263308980677 31.2
      vertex 3.769334998469478 8.676736691019324 31.2
      vertex 3.425126265847084 8.374873734152917 31.2
    endloop
  endfacet
  facet normal 0 0 1
    outer loop
      vertex 4.15 2.868911086754465 31.2
      vertex 4.15 8.931088913245535 31.2
      vertex 3.769334998469478 8.676736691019324 31.2
    endloop
  endfacet
  facet normal 0 0 1
    outer loop
      vertex 4.994133342141177 2.5192596079882614 31.2
      vertex 4.8500000000000005 5.9 31.2
      vertex 4.560607986722186 9.133578363789503 31.2
    endloop
  endfacet
  facet normal 0 0 1
    outer loop
      vertex 4.560607986722186 2.666421636210497 31.2
      vertex 4.560607986722186 9.133578363789503 31.2
      vertex 4.15 8.931088913245535 31.2
    endloop
  endfacet
  facet normal 0 0 1
    outer loop
      vertex 4.8500000000000005 5.9 31.2
      vertex 4.858982895557499 6.037052501831054 31.2
      vertex 4.560607986722186 9.133578363789503 31.2
    endloop
  endfacet
  facet normal 0 0 1
    outer loop
      vertex 4.858982895557499 6.037052501831054 31.2
      vertex 4.885777882396479 6.171759997357647 31.2
      vertex 4.560607986722186 9.133578363789503 31.2
    endloop
  endfacet
  facet normal 0 0 1
    outer loop
      vertex 4.885777882396479 6.171759997357647 31.2
      vertex 4.929926490863149 6.301817603983345 31.2
      vertex 4.560607986722186 9.133578363789503 31.2
    endloop
  endfacet
  facet normal 0 0 1
    outer loop
      vertex 4.929926490863149 6.301817603983345 31.2
      vertex 4.990673326026339 6.425000000000001 31.2
      vertex 4.560607986722186 9.133578363789503 31.2
    endloop
  endfacet
  facet normal 0 0 1
    outer loop
      vertex 4.990673326026339 6.425000000000001 31.2
      vertex 5.066978992694203 6.539199500459157 31.2
      vertex 4.560607986722186 9.133578363789503 31.2
    endloop
  endfacet
  facet normal 0 0 1
    outer loop
      vertex 5.066978992694203 6.539199500459157 31.2
      vertex 5.157537879754125 6.642462120245876 31.2
      vertex 4.994133342141177 9.28074039201174 31.2
    endloop
  endfacet
  facet normal 0 0 1
    outer loop
      vertex 4.994133342141177 9.28074039201174 31.2
      vertex 5.157537879754125 6.642462120245876 31.2
      vertex 5.260800499540844 6.733021007305798 31.2
    endloop
  endfacet
  facet normal 0 0 1
    outer loop
      vertex 4.994133342141177 9.28074039201174 31.2
      vertex 5.260800499540844 6.733021007305798 31.2
      vertex 5.375 6.809326673973661 31.2
    endloop
  endfacet
  facet normal 0 0 1
    outer loop
      vertex 4.994133342141177 9.28074039201174 31.2
      vertex 5.375 6.809326673973661 31.2
      vertex 5.498182396016656 6.870073509136851 31.2
    endloop
  endfacet
  facet normal 0 0 1
    outer loop
      vertex 5.9 2.4000000000000004 31.2
      vertex 6.356841672770181 2.429942985191664 31.2
      vertex 5.9 4.8500000000000005 31.2
    endloop
  endfacet
  facet normal 0 0 1
    outer loop
      vertex 6.356841672770181 2.429942985191664 31.2
      vertex 6.805866657858823 2.5192596079882614 31.2
      vertex 6.301817603983345 4.929926490863149 31.2
    endloop
  endfacet
  facet normal 0 0 1
    outer loop
      vertex 6.805866657858823 2.5192596079882614 31.2
      vertex 7.239392013277815 2.666421636210497 31.2
      vertex 6.733021007305798 5.260800499540844 31.2
    endloop
  endfacet
  facet normal 0 0 1
    outer loop
      vertex 5.9 2.4000000000000004 31.2
      vertex 5.762947498168947 4.858982895557499 31.2
      vertex 5.628240002642354 4.885777882396479 31.2
    endloop
  endfacet
  facet normal 0 0 1
    outer loop
      vertex 5.9 2.4000000000000004 31.2
      vertex 5.9 4.8500000000000005 31.2
      vertex 5.762947498168947 4.858982895557499 31.2
    endloop
  endfacet
  facet normal 0 0 1
    outer loop
      vertex 6.356841672770181 2.429942985191664 31.2
      vertex 6.037052501831054 4.858982895557499 31.2
      vertex 5.9 4.8500000000000005 31.2
    endloop
  endfacet
  facet normal 0 0 1
    outer loop
      vertex 6.356841672770181 2.429942985191664 31.2
      vertex 6.171759997357647 4.885777882396479 31.2
      vertex 6.037052501831054 4.858982895557499 31.2
    endloop
  endfacet
  facet normal 0 0 1
    outer loop
      vertex 6.356841672770181 2.429942985191664 31.2
      vertex 6.301817603983345 4.929926490863149 31.2
      vertex 6.171759997357647 4.885777882396479 31.2
    endloop
  endfacet
  facet normal 0 0 1
    outer loop
      vertex 6.805866657858823 2.5192596079882614 31.2
      vertex 6.425000000000001 4.990673326026339 31.2
      vertex 6.301817603983345 4.929926490863149 31.2
    endloop
  endfacet
  facet normal 0 0 1
    outer loop
      vertex 6.805866657858823 2.5192596079882614 31.2
      vertex 6.539199500459157 5.066978992694203 31.2
      vertex 6.425000000000001 4.990673326026339 31.2
    endloop
  endfacet
  facet normal 0 0 1
    outer loop
      vertex 6.805866657858823 2.5192596079882614 31.2
      vertex 6.642462120245876 5.157537879754125 31.2
      vertex 6.539199500459157 5.066978992694203 31.2
    endloop
  endfacet
  facet normal 0 0 1
    outer loop
      vertex 6.805866657858823 2.5192596079882614 31.2
      vertex 6.733021007305798 5.260800499540844 31.2
      vertex 6.642462120245876 5.157537879754125 31.2
    endloop
  endfacet
  facet normal 0 0 1
    outer loop
      vertex 7.239392013277815 2.666421636210497 31.2
      vertex 6.809326673973661 5.375 31.2
      vertex 6.733021007305798 5.260800499540844 31.2
    endloop
  endfacet
  facet normal 0 0 1
    outer loop
      vertex 7.239392013277815 2.666421636210497 31.2
      vertex 6.870073509136851 5.498182396016656 31.2
      vertex 6.809326673973661 5.375 31.2
    endloop
  endfacet
  facet normal 0 0 1
    outer loop
      vertex 7.239392013277815 2.666421636210497 31.2
      vertex 6.914222117603522 5.628240002642354 31.2
      vertex 6.870073509136851 5.498182396016656 31.2
    endloop
  endfacet
  facet normal 0 0 1
    outer loop
      vertex 7.239392013277815 2.666421636210497 31.2
      vertex 6.941017104442501 5.762947498168947 31.2
      vertex 6.914222117603522 5.628240002642354 31.2
    endloop
  endfacet
  facet normal 0 0 1
    outer loop
      vertex 7.239392013277815 2.666421636210497 31.2
      vertex 6.95 5.9 31.2
      vertex 6.941017104442501 5.762947498168947 31.2
    endloop
  endfacet
  facet normal 0 0 1
    outer loop
      vertex 7.239392013277815 2.666421636210497 31.2
      vertex 7.65 2.868911086754465 31.2
      vertex 7.239392013277815 9.133578363789503 31.2
    endloop
  endfacet
  facet normal 0 0 1
    outer loop
      vertex 7.65 2.868911086754465 31.2
      vertex 8.030665001530522 3.123263308980677 31.2
      vertex 7.65 8.931088913245535 31.2
    endloop
  endfacet
  facet normal 0 0 1
    outer loop
      vertex 8.030665001530522 3.123263308980677 31.2
      vertex 8.374873734152917 3.425126265847084 31.2
      vertex 8.030665001530522 8.676736691019324 31.2
    endloop
  endfacet
  facet normal 0 0 1
    outer loop
      vertex 8.374873734152917 3.425126265847084 31.2
      vertex 8.676736691019324 3.769334998469478 31.2
      vertex 8.374873734152917 8.374873734152917 31.2
    endloop
  endfacet
  facet normal 0 0 1
    outer loop
      vertex 7.239392013277815 2.666421636210497 31.2
      vertex 6.805866657858823 9.28074039201174 31.2
      vertex 6.95 5.9 31.2
    endloop
  endfacet
  facet normal 0 0 1
    outer loop
      vertex 6.301817603983345 6.870073509136851 31.2
      vertex 6.425000000000001 6.809326673973661 31.2
      vertex 6.356841672770181 9.370057014808337 31.2
    endloop
  endfacet
  facet normal 0 0 1
    outer loop
      vertex 6.95 5.9 31.2
      vertex 6.805866657858823 9.28074039201174 31.2
      vertex 6.941017104442501 6.037052501831054 31.2
    endloop
  endfacet
  facet normal 0 0 1
    outer loop
      vertex 6.914222117603522 6.171759997357647 31.2
      vertex 6.941017104442501 6.037052501831054 31.2
      vertex 6.805866657858823 9.28074039201174 31.2
    endloop
  endfacet
  facet normal 0 0 1
    outer loop
      vertex 6.425000000000001 6.809326673973661 31.2
      vertex 6.539199500459157 6.733021007305798 31.2
      vertex 6.356841672770181 9.370057014808337 31.2
    endloop
  endfacet
  facet normal 0 0 1
    outer loop
      vertex 6.539199500459157 6.733021007305798 31.2
      vertex 6.642462120245876 6.642462120245876 31.2
      vertex 6.805866657858823 9.28074039201174 31.2
    endloop
  endfacet
  facet normal 0 0 1
    outer loop
      vertex 6.914222117603522 6.171759997357647 31.2
      vertex 6.805866657858823 9.28074039201174 31.2
      vertex 6.870073509136851 6.301817603983345 31.2
    endloop
  endfacet
  facet normal 0 0 1
    outer loop
      vertex 6.870073509136851 6.301817603983345 31.2
      vertex 6.805866657858823 9.28074039201174 31.2
      vertex 6.809326673973661 6.425000000000001 31.2
    endloop
  endfacet
  facet normal 0 0 1
    outer loop
      vertex 6.733021007305798 6.539199500459157 31.2
      vertex 6.809326673973661 6.425000000000001 31.2
      vertex 6.805866657858823 9.28074039201174 31.2
    endloop
  endfacet
  facet normal 0 0 1
    outer loop
      vertex 6.733021007305798 6.539199500459157 31.2
      vertex 6.805866657858823 9.28074039201174 31.2
      vertex 6.642462120245876 6.642462120245876 31.2
    endloop
  endfacet
  facet normal 0 0 1
    outer loop
      vertex 7.239392013277815 2.666421636210497 31.2
      vertex 7.239392013277815 9.133578363789503 31.2
      vertex 6.805866657858823 9.28074039201174 31.2
    endloop
  endfacet
  facet normal 0 0 1
    outer loop
      vertex 7.65 2.868911086754465 31.2
      vertex 7.65 8.931088913245535 31.2
      vertex 7.239392013277815 9.133578363789503 31.2
    endloop
  endfacet
  facet normal 0 0 1
    outer loop
      vertex 7.65 8.931088913245535 31.2
      vertex 8.030665001530522 3.123263308980677 31.2
      vertex 8.030665001530522 8.676736691019324 31.2
    endloop
  endfacet
  facet normal 0 0 1
    outer loop
      vertex 8.374873734152917 3.425126265847084 31.2
      vertex 8.374873734152917 8.374873734152917 31.2
      vertex 8.030665001530522 8.676736691019324 31.2
    endloop
  endfacet
  facet normal 0 0 1
    outer loop
      vertex 8.676736691019324 3.769334998469478 31.2
      vertex 8.931088913245535 4.15 31.2
      vertex 8.676736691019324 8.030665001530522 31.2
    endloop
  endfacet
  facet normal 0 0 1
    outer loop
      vertex 8.931088913245535 4.15 31.2
      vertex 9.133578363789503 4.560607986722186 31.2
      vertex 8.931088913245535 7.65 31.2
    endloop
  endfacet
  facet normal 0 0 1
    outer loop
      vertex 9.133578363789503 4.560607986722186 31.2
      vertex 9.28074039201174 4.994133342141177 31.2
      vertex 9.133578363789503 7.239392013277815 31.2
    endloop
  endfacet
  facet normal 0 0 1
    outer loop
      vertex 9.28074039201174 4.994133342141177 31.2
      vertex 9.370057014808337 5.44315832722982 31.2
      vertex 9.28074039201174 6.805866657858823 31.2
    endloop
  endfacet
  facet normal 0 0 1
    outer loop
      vertex 8.676736691019324 3.769334998469478 31.2
      vertex 8.676736691019324 8.030665001530522 31.2
      vertex 8.374873734152917 8.374873734152917 31.2
    endloop
  endfacet
  facet normal 0 0 1
    outer loop
      vertex 8.931088913245535 4.15 31.2
      vertex 8.931088913245535 7.65 31.2
      vertex 8.676736691019324 8.030665001530522 31.2
    endloop
  endfacet
  facet normal 0 0 1
    outer loop
      vertex 9.133578363789503 4.560607986722186 31.2
      vertex 9.133578363789503 7.239392013277815 31.2
      vertex 8.931088913245535 7.65 31.2
    endloop
  endfacet
  facet normal 0 0 1
    outer loop
      vertex 9.370057014808337 5.44315832722982 31.2
      vertex 9.4 5.9 31.2
      vertex 9.370057014808337 6.356841672770181 31.2
    endloop
  endfacet
  facet normal 0 0 1
    outer loop
      vertex 9.370057014808337 5.44315832722982 31.2
      vertex 9.370057014808337 6.356841672770181 31.2
      vertex 9.28074039201174 6.805866657858823 31.2
    endloop
  endfacet
  facet normal 0 0 1
    outer loop
      vertex 9.28074039201174 4.994133342141177 31.2
      vertex 9.28074039201174 6.805866657858823 31.2
      vertex 9.133578363789503 7.239392013277815 31.2
    endloop
  endfacet
  facet normal 0 0 1
    outer loop
      vertex 5.066978992694203 6.539199500459157 31.2
      vertex 4.994133342141177 9.28074039201174 31.2
      vertex 4.560607986722186 9.133578363789503 31.2
    endloop
  endfacet
  facet normal 0 0 1
    outer loop
      vertex 5.498182396016656 6.870073509136851 31.2
      vertex 5.628240002642354 6.914222117603522 31.2
      vertex 5.44315832722982 9.370057014808337 31.2
    endloop
  endfacet
  facet normal 0 0 1
    outer loop
      vertex 5.628240002642354 6.914222117603522 31.2
      vertex 5.762947498168947 6.941017104442501 31.2
      vertex 5.44315832722982 9.370057014808337 31.2
    endloop
  endfacet
  facet normal 0 0 1
    outer loop
      vertex 4.994133342141177 9.28074039201174 31.2
      vertex 5.498182396016656 6.870073509136851 31.2
      vertex 5.44315832722982 9.370057014808337 31.2
    endloop
  endfacet
  facet normal 0 0 1
    outer loop
      vertex 5.762947498168947 6.941017104442501 31.2
      vertex 5.9 6.95 31.2
      vertex 5.44315832722982 9.370057014808337 31.2
    endloop
  endfacet
  facet normal 0 0 1
    outer loop
      vertex 5.9 6.95 31.2
      vertex 6.037052501831054 6.941017104442501 31.2
      vertex 5.9 9.4 31.2
    endloop
  endfacet
  facet normal 0 0 1
    outer loop
      vertex 6.037052501831054 6.941017104442501 31.2
      vertex 6.171759997357647 6.914222117603522 31.2
      vertex 5.9 9.4 31.2
    endloop
  endfacet
  facet normal 0 0 1
    outer loop
      vertex 6.171759997357647 6.914222117603522 31.2
      vertex 6.301817603983345 6.870073509136851 31.2
      vertex 6.356841672770181 9.370057014808337 31.2
    endloop
  endfacet
  facet normal 0 0 1
    outer loop
      vertex 5.9 6.95 31.2
      vertex 5.9 9.4 31.2
      vertex 5.44315832722982 9.370057014808337 31.2
    endloop
  endfacet
  facet normal 0 0 1
    outer loop
      vertex 6.171759997357647 6.914222117603522 31.2
      vertex 6.356841672770181 9.370057014808337 31.2
      vertex 5.9 9.4 31.2
    endloop
  endfacet
  facet normal 0 0 1
    outer loop
      vertex 6.539199500459157 6.733021007305798 31.2
      vertex 6.805866657858823 9.28074039201174 31.2
      vertex 6.356841672770181 9.370057014808337 31.2
    endloop
  endfacet
  facet normal 0.3214394653031573 -0.9469301294951071 0
    outer loop
      vertex 7.013200715890855 52.389640036994656 5.2
      vertex 6.805866657858823 52.31925960798826 2.2
      vertex 7.013200715890855 52.389640036994656 2.2
    endloop
  endfacet
  facet normal 0.9469301294951054 -0.3214394653031625 0
    outer loop
      vertex 9.210359963005345 54.586799284109155 5.2
      vertex 9.210359963005345 54.586799284109155 2.2
      vertex 9.28074039201174 54.79413334214117 2.2
    endloop
  endfacet
  facet normal -0.5555702330195985 -0.8314696123025478 0
    outer loop
      vertex 4.15 52.66891108675446 31.2
      vertex 3.769334998469478 52.92326330898067 2.2
      vertex 4.15 52.66891108675446 2.2
    endloop
  endfacet
  facet normal -0.8314696123025465 -0.5555702330196004 0
    outer loop
      vertex 2.868911086754465 53.949999999999996 31.2
      vertex 2.868911086754465 53.949999999999996 2.2
      vertex 3.123263308980677 53.56933499846947 2.2
    endloop
  endfacet
  facet normal -0.7518398074789745 -0.659345815100072 0
    outer loop
      vertex 3.123263308980677 53.56933499846947 31.2
      vertex 3.123263308980677 53.56933499846947 2.2
      vertex 3.425126265847084 53.22512626584708 2.2
    endloop
  endfacet
  facet normal -0.6593458151000708 -0.7518398074789757 0
    outer loop
      vertex 3.769334998469478 52.92326330898067 31.2
      vertex 3.425126265847084 53.22512626584708 2.2
      vertex 3.769334998469478 52.92326330898067 2.2
    endloop
  endfacet
  facet normal -0.3214394653031574 -0.946930129495107 0
    outer loop
      vertex 4.994133342141177 52.31925960798826 31.2
      vertex 4.560607986722186 52.46642163621049 2.2
      vertex 4.994133342141177 52.31925960798826 2.2
    endloop
  endfacet
  facet normal -0.44228869021900763 -0.8968727415326851 0
    outer loop
      vertex 4.560607986722186 52.46642163621049 31.2
      vertex 4.15 52.66891108675446 2.2
      vertex 4.560607986722186 52.46642163621049 2.2
    endloop
  endfacet
  facet normal -0.19509032201613782 -0.9807852804032287 0
    outer loop
      vertex 5.44315832722982 52.229942985191656 31.2
      vertex 4.994133342141177 52.31925960798826 2.2
      vertex 5.44315832722982 52.229942985191656 2.2
    endloop
  endfacet
  facet normal -0.06540312923013518 -0.997858923238604 0
    outer loop
      vertex 5.9 52.199999999999996 31.2
      vertex 5.44315832722982 52.229942985191656 2.2
      vertex 5.9 52.199999999999996 2.2
    endloop
  endfacet
  facet normal 0.06540312923013518 -0.997858923238604 0
    outer loop
      vertex 6.356841672770181 52.229942985191656 31.2
      vertex 5.9 52.199999999999996 2.2
      vertex 6.356841672770181 52.229942985191656 2.2
    endloop
  endfacet
  facet normal 0.19509032201613782 -0.9807852804032287 0
    outer loop
      vertex 6.805866657858823 52.31925960798826 31.2
      vertex 6.356841672770181 52.229942985191656 2.2
      vertex 6.805866657858823 52.31925960798826 2.2
    endloop
  endfacet
  facet normal 0.3214394653031572 -0.9469301294951071 3.692180738313904e-18
    outer loop
      vertex 7.013200715890855 52.389640036994656 5.2
      vertex 7.239392013277815 52.46642163621049 31.2
      vertex 6.805866657858823 52.31925960798826 2.2
    endloop
  endfacet
  facet normal 0.32143946530315753 -0.9469301294951069 1.5767287239489668e-19
    outer loop
      vertex 7.013200715890855 52.389640036994656 5.2
      vertex 7.239392013277815 52.46642163621049 5.2
      vertex 7.239392013277815 52.46642163621049 31.2
    endloop
  endfacet
  facet normal 0.44228869021900763 -0.8968727415326851 -3.601582706275838e-19
    outer loop
      vertex 7.239392013277815 52.46642163621049 5.2
      vertex 7.65 52.66891108675446 5.2
      vertex 7.65 52.66891108675446 31.2
    endloop
  endfacet
  facet normal 0.555570233019599 -0.8314696123025475 -1.7572531566522973e-19
    outer loop
      vertex 7.65 52.66891108675446 5.2
      vertex 8.030665001530522 52.92326330898067 5.2
      vertex 8.030665001530522 52.92326330898067 31.2
    endloop
  endfacet
  facet normal 0.6593458151000698 -0.7518398074789765 3.635816814725565e-19
    outer loop
      vertex 8.030665001530522 52.92326330898067 5.2
      vertex 8.374873734152917 53.22512626584708 5.2
      vertex 8.374873734152917 53.22512626584708 31.2
    endloop
  endfacet
  facet normal 0.751839807478975 -0.6593458151000715 -2.772496528825909e-20
    outer loop
      vertex 8.374873734152917 53.22512626584708 5.2
      vertex 8.676736691019324 53.56933499846947 5.2
      vertex 8.676736691019324 53.56933499846947 31.2
    endloop
  endfacet
  facet normal 0.8314696123025469 -0.5555702330195998 1.5328876036753017e-19
    outer loop
      vertex 8.676736691019324 53.56933499846947 5.2
      vertex 8.931088913245535 53.949999999999996 5.2
      vertex 8.931088913245535 53.949999999999996 31.2
    endloop
  endfacet
  facet normal -0.8968727415326875 -0.44228869021900297 0
    outer loop
      vertex 2.666421636210497 54.36060798672218 31.2
      vertex 2.666421636210497 54.36060798672218 2.2
      vertex 2.868911086754465 53.949999999999996 2.2
    endloop
  endfacet
  facet normal -0.946930129495106 -0.3214394653031606 0
    outer loop
      vertex 2.5192596079882614 54.79413334214117 31.2
      vertex 2.5192596079882614 54.79413334214117 2.2
      vertex 2.666421636210497 54.36060798672218 2.2
    endloop
  endfacet
  facet normal -0.9807852804032304 -0.19509032201612886 0
    outer loop
      vertex 2.429942985191664 55.243158327229814 31.2
      vertex 2.429942985191664 55.243158327229814 2.2
      vertex 2.5192596079882614 54.79413334214117 2.2
    endloop
  endfacet
  facet normal -0.9978589232386035 -0.06540312923014277 0
    outer loop
      vertex 2.4000000000000004 55.699999999999996 31.2
      vertex 2.4000000000000004 55.699999999999996 2.2
      vertex 2.429942985191664 55.243158327229814 2.2
    endloop
  endfacet
  facet normal -0.9978589232386035 0.06540312923014277 0
    outer loop
      vertex 2.429942985191664 56.15684167277018 31.2
      vertex 2.429942985191664 56.15684167277018 2.2
      vertex 2.4000000000000004 55.699999999999996 2.2
    endloop
  endfacet
  facet normal -0.9807852804032304 0.19509032201612886 0
    outer loop
      vertex 2.5192596079882614 56.60586665785882 31.2
      vertex 2.5192596079882614 56.60586665785882 2.2
      vertex 2.429942985191664 56.15684167277018 2.2
    endloop
  endfacet
  facet normal -0.946930129495106 0.3214394653031606 0
    outer loop
      vertex 2.666421636210497 57.03939201327781 31.2
      vertex 2.666421636210497 57.03939201327781 2.2
      vertex 2.5192596079882614 56.60586665785882 2.2
    endloop
  endfacet
  facet normal -0.8968727415326875 0.44228869021900297 0
    outer loop
      vertex 2.868911086754465 57.449999999999996 31.2
      vertex 2.868911086754465 57.449999999999996 2.2
      vertex 2.666421636210497 57.03939201327781 2.2
    endloop
  endfacet
  facet normal -0.8314696123025465 0.5555702330196004 0
    outer loop
      vertex 3.123263308980677 57.83066500153052 31.2
      vertex 3.123263308980677 57.83066500153052 2.2
      vertex 2.868911086754465 57.449999999999996 2.2
    endloop
  endfacet
  facet normal -0.7518398074789745 0.659345815100072 0
    outer loop
      vertex 3.425126265847084 58.17487373415291 31.2
      vertex 3.425126265847084 58.17487373415291 2.2
      vertex 3.123263308980677 57.83066500153052 2.2
    endloop
  endfacet
  facet normal -0.6593458151000708 0.7518398074789757 0
    outer loop
      vertex 3.425126265847084 58.17487373415291 31.2
      vertex 3.769334998469478 58.47673669101932 2.2
      vertex 3.425126265847084 58.17487373415291 2.2
    endloop
  endfacet
  facet normal -0.5555702330195985 0.8314696123025478 0
    outer loop
      vertex 3.769334998469478 58.47673669101932 31.2
      vertex 4.15 58.73108891324553 2.2
      vertex 3.769334998469478 58.47673669101932 2.2
    endloop
  endfacet
  facet normal -0.44228869021900763 0.8968727415326851 0
    outer loop
      vertex 4.15 58.73108891324553 31.2
      vertex 4.560607986722186 58.9335783637895 2.2
      vertex 4.15 58.73108891324553 2.2
    endloop
  endfacet
  facet normal -0.3214394653031574 0.946930129495107 0
    outer loop
      vertex 4.560607986722186 58.9335783637895 31.2
      vertex 4.994133342141177 59.080740392011734 2.2
      vertex 4.560607986722186 58.9335783637895 2.2
    endloop
  endfacet
  facet normal -0.19509032201613782 0.9807852804032287 0
    outer loop
      vertex 4.994133342141177 59.080740392011734 31.2
      vertex 5.44315832722982 59.170057014808336 2.2
      vertex 4.994133342141177 59.080740392011734 2.2
    endloop
  endfacet
  facet normal -0.06540312923013518 0.997858923238604 0
    outer loop
      vertex 5.44315832722982 59.170057014808336 31.2
      vertex 5.9 59.199999999999996 2.2
      vertex 5.44315832722982 59.170057014808336 2.2
    endloop
  endfacet
  facet normal 0.9807852804032308 -0.195090322016127 0
    outer loop
      vertex 9.28074039201174 54.79413334214117 31.2
      vertex 9.28074039201174 54.79413334214117 2.2
      vertex 9.370057014808337 55.243158327229814 2.2
    endloop
  endfacet
  facet normal 0.9978589232386035 -0.06540312923014277 0
    outer loop
      vertex 9.370057014808337 55.243158327229814 31.2
      vertex 9.370057014808337 55.243158327229814 2.2
      vertex 9.4 55.699999999999996 2.2
    endloop
  endfacet
  facet normal 0.9469301294951055 -0.3214394653031623 1.5758677225204088e-17
    outer loop
      vertex 9.210359963005345 54.586799284109155 5.2
      vertex 9.28074039201174 54.79413334214117 2.2
      vertex 9.133578363789503 54.36060798672218 31.2
    endloop
  endfacet
  facet normal 0.9978589232386035 0.06540312923014277 0
    outer loop
      vertex 9.4 55.699999999999996 31.2
      vertex 9.4 55.699999999999996 2.2
      vertex 9.370057014808337 56.15684167277018 2.2
    endloop
  endfacet
  facet normal 0.9807852804032308 0.195090322016127 0
    outer loop
      vertex 9.370057014808337 56.15684167277018 31.2
      vertex 9.370057014808337 56.15684167277018 2.2
      vertex 9.28074039201174 56.60586665785882 2.2
    endloop
  endfacet
  facet normal 0.946930129495105 0.3214394653031632 0
    outer loop
      vertex 9.28074039201174 56.60586665785882 31.2
      vertex 9.28074039201174 56.60586665785882 2.2
      vertex 9.133578363789503 57.03939201327781 2.2
    endloop
  endfacet
  facet normal 0.8968727415326875 0.44228869021900297 0
    outer loop
      vertex 9.133578363789503 57.03939201327781 31.2
      vertex 9.133578363789503 57.03939201327781 2.2
      vertex 8.931088913245535 57.449999999999996 2.2
    endloop
  endfacet
  facet normal 0.8314696123025469 0.5555702330195997 0
    outer loop
      vertex 8.931088913245535 57.449999999999996 31.2
      vertex 8.931088913245535 57.449999999999996 2.2
      vertex 8.676736691019324 57.83066500153052 2.2
    endloop
  endfacet
  facet normal 0.8968727415326875 -0.4422886902190029 -4.0014095018152443e-19
    outer loop
      vertex 8.931088913245535 53.949999999999996 5.2
      vertex 9.133578363789503 54.36060798672218 5.2
      vertex 9.133578363789503 54.36060798672218 31.2
    endloop
  endfacet
  facet normal 0.9469301294951049 -0.3214394653031639 0
    outer loop
      vertex 9.133578363789503 54.36060798672218 5.2
      vertex 9.210359963005345 54.586799284109155 5.2
      vertex 9.133578363789503 54.36060798672218 31.2
    endloop
  endfacet
  facet normal 0.06540312923013518 0.997858923238604 -5.0172019044830817e-20
    outer loop
      vertex 6.356841672770181 59.170057014808336 2.2
      vertex 5.9 59.199999999999996 2.2
      vertex 5.9 59.199999999999996 31.2
    endloop
  endfacet
  facet normal 0.19509032201613782 0.9807852804032287 0
    outer loop
      vertex 6.356841672770181 59.170057014808336 31.2
      vertex 6.805866657858823 59.080740392011734 2.2
      vertex 6.356841672770181 59.170057014808336 2.2
    endloop
  endfacet
  facet normal 0.3214394653031574 0.946930129495107 0
    outer loop
      vertex 6.805866657858823 59.080740392011734 31.2
      vertex 7.239392013277815 58.9335783637895 2.2
      vertex 6.805866657858823 59.080740392011734 2.2
    endloop
  endfacet
  facet normal 0.5555702330195988 0.8314696123025475 0
    outer loop
      vertex 7.65 58.73108891324553 31.2
      vertex 8.030665001530522 58.47673669101932 2.2
      vertex 7.65 58.73108891324553 2.2
    endloop
  endfacet
  facet normal 0.65934581510007 0.7518398074789766 0
    outer loop
      vertex 8.030665001530522 58.47673669101932 31.2
      vertex 8.374873734152917 58.17487373415291 2.2
      vertex 8.030665001530522 58.47673669101932 2.2
    endloop
  endfacet
  facet normal 0.44228869021900763 0.8968727415326851 0
    outer loop
      vertex 7.239392013277815 58.9335783637895 31.2
      vertex 7.65 58.73108891324553 2.2
      vertex 7.239392013277815 58.9335783637895 2.2
    endloop
  endfacet
  facet normal 0.751839807478975 0.6593458151000715 0
    outer loop
      vertex 8.676736691019324 57.83066500153052 31.2
      vertex 8.676736691019324 57.83066500153052 2.2
      vertex 8.374873734152917 58.17487373415291 2.2
    endloop
  endfacet
  facet normal -0.5555702330195985 -0.8314696123025478 0
    outer loop
      vertex 3.769334998469478 52.92326330898067 31.2
      vertex 3.769334998469478 52.92326330898067 2.2
      vertex 4.15 52.66891108675446 31.2
    endloop
  endfacet
  facet normal -0.7518398074789745 -0.659345815100072 0
    outer loop
      vertex 3.425126265847084 53.22512626584708 31.2
      vertex 3.123263308980677 53.56933499846947 31.2
      vertex 3.425126265847084 53.22512626584708 2.2
    endloop
  endfacet
  facet normal -0.8314696123025465 -0.5555702330196004 0
    outer loop
      vertex 3.123263308980677 53.56933499846947 31.2
      vertex 2.868911086754465 53.949999999999996 31.2
      vertex 3.123263308980677 53.56933499846947 2.2
    endloop
  endfacet
  facet normal -0.6593458151000708 -0.7518398074789757 0
    outer loop
      vertex 3.425126265847084 53.22512626584708 31.2
      vertex 3.425126265847084 53.22512626584708 2.2
      vertex 3.769334998469478 52.92326330898067 31.2
    endloop
  endfacet
  facet normal -0.3214394653031574 -0.946930129495107 0
    outer loop
      vertex 4.560607986722186 52.46642163621049 31.2
      vertex 4.560607986722186 52.46642163621049 2.2
      vertex 4.994133342141177 52.31925960798826 31.2
    endloop
  endfacet
  facet normal -0.44228869021900763 -0.8968727415326851 0
    outer loop
      vertex 4.15 52.66891108675446 31.2
      vertex 4.15 52.66891108675446 2.2
      vertex 4.560607986722186 52.46642163621049 31.2
    endloop
  endfacet
  facet normal -0.19509032201613782 -0.9807852804032287 0
    outer loop
      vertex 4.994133342141177 52.31925960798826 31.2
      vertex 4.994133342141177 52.31925960798826 2.2
      vertex 5.44315832722982 52.229942985191656 31.2
    endloop
  endfacet
  facet normal -0.06540312923013518 -0.997858923238604 0
    outer loop
      vertex 5.44315832722982 52.229942985191656 31.2
      vertex 5.44315832722982 52.229942985191656 2.2
      vertex 5.9 52.199999999999996 31.2
    endloop
  endfacet
  facet normal 0.06540312923013518 -0.997858923238604 0
    outer loop
      vertex 5.9 52.199999999999996 31.2
      vertex 5.9 52.199999999999996 2.2
      vertex 6.356841672770181 52.229942985191656 31.2
    endloop
  endfacet
  facet normal 0.19509032201613782 -0.9807852804032287 0
    outer loop
      vertex 6.356841672770181 52.229942985191656 31.2
      vertex 6.356841672770181 52.229942985191656 2.2
      vertex 6.805866657858823 52.31925960798826 31.2
    endloop
  endfacet
  facet normal 0.3214394653031574 -0.946930129495107 0
    outer loop
      vertex 6.805866657858823 52.31925960798826 31.2
      vertex 6.805866657858823 52.31925960798826 2.2
      vertex 7.239392013277815 52.46642163621049 31.2
    endloop
  endfacet
  facet normal 0.44228869021900763 -0.8968727415326851 0
    outer loop
      vertex 7.239392013277815 52.46642163621049 5.2
      vertex 7.65 52.66891108675446 31.2
      vertex 7.239392013277815 52.46642163621049 31.2
    endloop
  endfacet
  facet normal 0.555570233019599 -0.8314696123025475 0
    outer loop
      vertex 7.65 52.66891108675446 5.2
      vertex 8.030665001530522 52.92326330898067 31.2
      vertex 7.65 52.66891108675446 31.2
    endloop
  endfacet
  facet normal 0.6593458151000698 -0.7518398074789765 0
    outer loop
      vertex 8.030665001530522 52.92326330898067 5.2
      vertex 8.374873734152917 53.22512626584708 31.2
      vertex 8.030665001530522 52.92326330898067 31.2
    endloop
  endfacet
  facet normal 0.751839807478975 -0.6593458151000715 0
    outer loop
      vertex 8.374873734152917 53.22512626584708 5.2
      vertex 8.676736691019324 53.56933499846947 31.2
      vertex 8.374873734152917 53.22512626584708 31.2
    endloop
  endfacet
  facet normal 0.8314696123025469 -0.5555702330195998 0
    outer loop
      vertex 8.676736691019324 53.56933499846947 5.2
      vertex 8.931088913245535 53.949999999999996 31.2
      vertex 8.676736691019324 53.56933499846947 31.2
    endloop
  endfacet
  facet normal -0.8968727415326875 -0.44228869021900297 0
    outer loop
      vertex 2.868911086754465 53.949999999999996 31.2
      vertex 2.666421636210497 54.36060798672218 31.2
      vertex 2.868911086754465 53.949999999999996 2.2
    endloop
  endfacet
  facet normal -0.946930129495106 -0.3214394653031606 0
    outer loop
      vertex 2.666421636210497 54.36060798672218 31.2
      vertex 2.5192596079882614 54.79413334214117 31.2
      vertex 2.666421636210497 54.36060798672218 2.2
    endloop
  endfacet
  facet normal -0.9807852804032304 -0.19509032201612886 0
    outer loop
      vertex 2.5192596079882614 54.79413334214117 31.2
      vertex 2.429942985191664 55.243158327229814 31.2
      vertex 2.5192596079882614 54.79413334214117 2.2
    endloop
  endfacet
  facet normal -0.9978589232386035 -0.06540312923014277 0
    outer loop
      vertex 2.429942985191664 55.243158327229814 31.2
      vertex 2.4000000000000004 55.699999999999996 31.2
      vertex 2.429942985191664 55.243158327229814 2.2
    endloop
  endfacet
  facet normal -0.9978589232386035 0.06540312923014277 0
    outer loop
      vertex 2.4000000000000004 55.699999999999996 31.2
      vertex 2.429942985191664 56.15684167277018 31.2
      vertex 2.4000000000000004 55.699999999999996 2.2
    endloop
  endfacet
  facet normal -0.9807852804032304 0.19509032201612886 0
    outer loop
      vertex 2.429942985191664 56.15684167277018 31.2
      vertex 2.5192596079882614 56.60586665785882 31.2
      vertex 2.429942985191664 56.15684167277018 2.2
    endloop
  endfacet
  facet normal -0.946930129495106 0.3214394653031606 0
    outer loop
      vertex 2.5192596079882614 56.60586665785882 31.2
      vertex 2.666421636210497 57.03939201327781 31.2
      vertex 2.5192596079882614 56.60586665785882 2.2
    endloop
  endfacet
  facet normal -0.8968727415326875 0.44228869021900297 0
    outer loop
      vertex 2.666421636210497 57.03939201327781 31.2
      vertex 2.868911086754465 57.449999999999996 31.2
      vertex 2.666421636210497 57.03939201327781 2.2
    endloop
  endfacet
  facet normal -0.8314696123025465 0.5555702330196004 0
    outer loop
      vertex 2.868911086754465 57.449999999999996 31.2
      vertex 3.123263308980677 57.83066500153052 31.2
      vertex 2.868911086754465 57.449999999999996 2.2
    endloop
  endfacet
  facet normal -0.7518398074789745 0.659345815100072 0
    outer loop
      vertex 3.123263308980677 57.83066500153052 31.2
      vertex 3.425126265847084 58.17487373415291 31.2
      vertex 3.123263308980677 57.83066500153052 2.2
    endloop
  endfacet
  facet normal -0.6593458151000708 0.7518398074789757 -7.708805608245973e-21
    outer loop
      vertex 3.425126265847084 58.17487373415291 31.2
      vertex 3.769334998469478 58.47673669101932 31.2
      vertex 3.769334998469478 58.47673669101932 2.2
    endloop
  endfacet
  facet normal -0.5555702330195985 0.8314696123025478 -1.1971861820562133e-20
    outer loop
      vertex 3.769334998469478 58.47673669101932 31.2
      vertex 4.15 58.73108891324553 31.2
      vertex 4.15 58.73108891324553 2.2
    endloop
  endfacet
  facet normal -0.44228869021900763 0.8968727415326851 -3.229005184936958e-19
    outer loop
      vertex 4.15 58.73108891324553 31.2
      vertex 4.560607986722186 58.9335783637895 31.2
      vertex 4.560607986722186 58.9335783637895 2.2
    endloop
  endfacet
  facet normal -0.3214394653031574 0.946930129495107 1.6761800837725347e-19
    outer loop
      vertex 4.560607986722186 58.9335783637895 31.2
      vertex 4.994133342141177 59.080740392011734 31.2
      vertex 4.994133342141177 59.080740392011734 2.2
    endloop
  endfacet
  facet normal -0.19509032201613782 0.9807852804032287 1.6087238827777133e-19
    outer loop
      vertex 4.994133342141177 59.080740392011734 31.2
      vertex 5.44315832722982 59.170057014808336 31.2
      vertex 5.44315832722982 59.170057014808336 2.2
    endloop
  endfacet
  facet normal 0.946930129495105 -0.3214394653031632 -2.1333600589400874e-20
    outer loop
      vertex 9.133578363789503 54.36060798672218 31.2
      vertex 9.28074039201174 54.79413334214117 2.2
      vertex 9.28074039201174 54.79413334214117 31.2
    endloop
  endfacet
  facet normal 0.9807852804032308 -0.195090322016127 1.2593296595139156e-20
    outer loop
      vertex 9.28074039201174 54.79413334214117 31.2
      vertex 9.370057014808337 55.243158327229814 2.2
      vertex 9.370057014808337 55.243158327229814 31.2
    endloop
  endfacet
  facet normal 0.9978589232386035 -0.06540312923014277 4.2666277892668543e-20
    outer loop
      vertex 9.370057014808337 55.243158327229814 31.2
      vertex 9.4 55.699999999999996 2.2
      vertex 9.4 55.699999999999996 31.2
    endloop
  endfacet
  facet normal 0.8968727415326875 -0.4422886902190029 0
    outer loop
      vertex 8.931088913245535 53.949999999999996 5.2
      vertex 9.133578363789503 54.36060798672218 31.2
      vertex 8.931088913245535 53.949999999999996 31.2
    endloop
  endfacet
  facet normal 0.9978589232386035 0.06540312923014277 -4.2666277892668543e-20
    outer loop
      vertex 9.4 55.699999999999996 31.2
      vertex 9.370057014808337 56.15684167277018 2.2
      vertex 9.370057014808337 56.15684167277018 31.2
    endloop
  endfacet
  facet normal 0.9807852804032308 0.195090322016127 -1.2593296595139156e-20
    outer loop
      vertex 9.370057014808337 56.15684167277018 31.2
      vertex 9.28074039201174 56.60586665785882 2.2
      vertex 9.28074039201174 56.60586665785882 31.2
    endloop
  endfacet
  facet normal 0.946930129495105 0.3214394653031632 2.1333600589400874e-20
    outer loop
      vertex 9.28074039201174 56.60586665785882 31.2
      vertex 9.133578363789503 57.03939201327781 2.2
      vertex 9.133578363789503 57.03939201327781 31.2
    endloop
  endfacet
  facet normal 0.8314696123025469 0.5555702330195997 0
    outer loop
      vertex 8.676736691019324 57.83066500153052 31.2
      vertex 8.931088913245535 57.449999999999996 31.2
      vertex 8.676736691019324 57.83066500153052 2.2
    endloop
  endfacet
  facet normal 0.8968727415326875 0.44228869021900297 3.587470587834357e-19
    outer loop
      vertex 9.133578363789503 57.03939201327781 31.2
      vertex 8.931088913245535 57.449999999999996 2.2
      vertex 8.931088913245535 57.449999999999996 31.2
    endloop
  endfacet
  facet normal -0.06540312923013518 0.997858923238604 5.0172019044830817e-20
    outer loop
      vertex 5.44315832722982 59.170057014808336 31.2
      vertex 5.9 59.199999999999996 31.2
      vertex 5.9 59.199999999999996 2.2
    endloop
  endfacet
  facet normal 0.06540312923013518 0.997858923238604 -5.0172019044830817e-20
    outer loop
      vertex 5.9 59.199999999999996 31.2
      vertex 6.356841672770181 59.170057014808336 31.2
      vertex 6.356841672770181 59.170057014808336 2.2
    endloop
  endfacet
  facet normal 0.19509032201613782 0.9807852804032287 -1.6087238827777133e-19
    outer loop
      vertex 6.356841672770181 59.170057014808336 31.2
      vertex 6.805866657858823 59.080740392011734 31.2
      vertex 6.805866657858823 59.080740392011734 2.2
    endloop
  endfacet
  facet normal 0.751839807478975 0.6593458151000715 0
    outer loop
      vertex 8.374873734152917 58.17487373415291 31.2
      vertex 8.676736691019324 57.83066500153052 31.2
      vertex 8.374873734152917 58.17487373415291 2.2
    endloop
  endfacet
  facet normal 0.5555702330195988 0.8314696123025475 1.5754683473434388e-19
    outer loop
      vertex 7.65 58.73108891324553 31.2
      vertex 8.030665001530522 58.47673669101932 31.2
      vertex 8.030665001530522 58.47673669101932 2.2
    endloop
  endfacet
  facet normal 0.65934581510007 0.7518398074789766 0
    outer loop
      vertex 8.374873734152917 58.17487373415291 31.2
      vertex 8.374873734152917 58.17487373415291 2.2
      vertex 8.030665001530522 58.47673669101932 31.2
    endloop
  endfacet
  facet normal 0.3214394653031574 0.946930129495107 -1.6761800837725347e-19
    outer loop
      vertex 6.805866657858823 59.080740392011734 31.2
      vertex 7.239392013277815 58.9335783637895 31.2
      vertex 7.239392013277815 58.9335783637895 2.2
    endloop
  endfacet
  facet normal 0.44228869021900763 0.8968727415326851 0
    outer loop
      vertex 7.65 58.73108891324553 31.2
      vertex 7.65 58.73108891324553 2.2
      vertex 7.239392013277815 58.9335783637895 31.2
    endloop
  endfacet
  facet normal 0 0 1
    outer loop
      vertex 4.994133342141177 52.31925960798826 31.2
      vertex 5.44315832722982 52.229942985191656 31.2
      vertex 5.260800499540844 54.8669789926942 31.2
    endloop
  endfacet
  facet normal 0 0 1
    outer loop
      vertex 5.44315832722982 52.229942985191656 31.2
      vertex 5.9 52.199999999999996 31.2
      vertex 5.628240002642354 54.68577788239647 31.2
    endloop
  endfacet
  facet normal 0 0 1
    outer loop
      vertex 5.44315832722982 52.229942985191656 31.2
      vertex 5.628240002642354 54.68577788239647 31.2
      vertex 5.498182396016656 54.72992649086314 31.2
    endloop
  endfacet
  facet normal 0 0 1
    outer loop
      vertex 5.9 52.199999999999996 31.2
      vertex 6.356841672770181 52.229942985191656 31.2
      vertex 5.9 54.65 31.2
    endloop
  endfacet
  facet normal 0 0 1
    outer loop
      vertex 5.9 52.199999999999996 31.2
      vertex 5.762947498168947 54.65898289555749 31.2
      vertex 5.628240002642354 54.68577788239647 31.2
    endloop
  endfacet
  facet normal 0 0 1
    outer loop
      vertex 5.9 52.199999999999996 31.2
      vertex 5.9 54.65 31.2
      vertex 5.762947498168947 54.65898289555749 31.2
    endloop
  endfacet
  facet normal 0 0 1
    outer loop
      vertex 6.356841672770181 52.229942985191656 31.2
      vertex 6.037052501831054 54.65898289555749 31.2
      vertex 5.9 54.65 31.2
    endloop
  endfacet
  facet normal 0 0 1
    outer loop
      vertex 6.356841672770181 52.229942985191656 31.2
      vertex 6.171759997357647 54.68577788239647 31.2
      vertex 6.037052501831054 54.65898289555749 31.2
    endloop
  endfacet
  facet normal 0 0 1
    outer loop
      vertex 6.356841672770181 52.229942985191656 31.2
      vertex 6.301817603983345 54.72992649086314 31.2
      vertex 6.171759997357647 54.68577788239647 31.2
    endloop
  endfacet
  facet normal 0 0 1
    outer loop
      vertex 6.356841672770181 52.229942985191656 31.2
      vertex 6.805866657858823 52.31925960798826 31.2
      vertex 6.301817603983345 54.72992649086314 31.2
    endloop
  endfacet
  facet normal 0 0 1
    outer loop
      vertex 6.805866657858823 52.31925960798826 31.2
      vertex 7.239392013277815 52.46642163621049 31.2
      vertex 6.733021007305798 55.06080049954084 31.2
    endloop
  endfacet
  facet normal 0 0 1
    outer loop
      vertex 2.666421636210497 54.36060798672218 31.2
      vertex 2.5192596079882614 56.60586665785882 31.2
      vertex 2.5192596079882614 54.79413334214117 31.2
    endloop
  endfacet
  facet normal 0 0 1
    outer loop
      vertex 2.868911086754465 53.949999999999996 31.2
      vertex 2.666421636210497 57.03939201327781 31.2
      vertex 2.666421636210497 54.36060798672218 31.2
    endloop
  endfacet
  facet normal 0 0 1
    outer loop
      vertex 2.5192596079882614 54.79413334214117 31.2
      vertex 2.429942985191664 56.15684167277018 31.2
      vertex 2.429942985191664 55.243158327229814 31.2
    endloop
  endfacet
  facet normal 0 0 1
    outer loop
      vertex 2.429942985191664 55.243158327229814 31.2
      vertex 2.429942985191664 56.15684167277018 31.2
      vertex 2.4000000000000004 55.699999999999996 31.2
    endloop
  endfacet
  facet normal 0 0 1
    outer loop
      vertex 2.5192596079882614 54.79413334214117 31.2
      vertex 2.5192596079882614 56.60586665785882 31.2
      vertex 2.429942985191664 56.15684167277018 31.2
    endloop
  endfacet
  facet normal 0 0 1
    outer loop
      vertex 2.666421636210497 54.36060798672218 31.2
      vertex 2.666421636210497 57.03939201327781 31.2
      vertex 2.5192596079882614 56.60586665785882 31.2
    endloop
  endfacet
  facet normal 0 0 1
    outer loop
      vertex 2.868911086754465 53.949999999999996 31.2
      vertex 2.868911086754465 57.449999999999996 31.2
      vertex 2.666421636210497 57.03939201327781 31.2
    endloop
  endfacet
  facet normal 0 0 1
    outer loop
      vertex 3.425126265847084 53.22512626584708 31.2
      vertex 3.769334998469478 52.92326330898067 31.2
      vertex 3.425126265847084 58.17487373415291 31.2
    endloop
  endfacet
  facet normal 0 0 1
    outer loop
      vertex 3.769334998469478 52.92326330898067 31.2
      vertex 4.15 52.66891108675446 31.2
      vertex 3.769334998469478 58.47673669101932 31.2
    endloop
  endfacet
  facet normal 0 0 1
    outer loop
      vertex 3.123263308980677 53.56933499846947 31.2
      vertex 2.868911086754465 57.449999999999996 31.2
      vertex 2.868911086754465 53.949999999999996 31.2
    endloop
  endfacet
  facet normal 0 0 1
    outer loop
      vertex 3.425126265847084 53.22512626584708 31.2
      vertex 3.123263308980677 57.83066500153052 31.2
      vertex 3.123263308980677 53.56933499846947 31.2
    endloop
  endfacet
  facet normal 0 0 1
    outer loop
      vertex 4.994133342141177 52.31925960798826 31.2
      vertex 4.929926490863149 55.29818239601665 31.2
      vertex 4.885777882396479 55.42824000264235 31.2
    endloop
  endfacet
  facet normal 0 0 1
    outer loop
      vertex 4.15 52.66891108675446 31.2
      vertex 4.560607986722186 52.46642163621049 31.2
      vertex 4.15 58.73108891324553 31.2
    endloop
  endfacet
  facet normal 0 0 1
    outer loop
      vertex 4.560607986722186 52.46642163621049 31.2
      vertex 4.994133342141177 52.31925960798826 31.2
      vertex 4.560607986722186 58.9335783637895 31.2
    endloop
  endfacet
  facet normal 0 0 1
    outer loop
      vertex 4.994133342141177 52.31925960798826 31.2
      vertex 4.885777882396479 55.42824000264235 31.2
      vertex 4.858982895557499 55.56294749816894 31.2
    endloop
  endfacet
  facet normal 0 0 1
    outer loop
      vertex 4.994133342141177 52.31925960798826 31.2
      vertex 4.858982895557499 55.56294749816894 31.2
      vertex 4.8500000000000005 55.699999999999996 31.2
    endloop
  endfacet
  facet normal 0 0 1
    outer loop
      vertex 4.994133342141177 52.31925960798826 31.2
      vertex 5.157537879754125 54.95753787975412 31.2
      vertex 5.066978992694203 55.06080049954084 31.2
    endloop
  endfacet
  facet normal 0 0 1
    outer loop
      vertex 4.994133342141177 52.31925960798826 31.2
      vertex 5.260800499540844 54.8669789926942 31.2
      vertex 5.157537879754125 54.95753787975412 31.2
    endloop
  endfacet
  facet normal 0 0 1
    outer loop
      vertex 4.994133342141177 52.31925960798826 31.2
      vertex 5.066978992694203 55.06080049954084 31.2
      vertex 4.990673326026339 55.175 31.2
    endloop
  endfacet
  facet normal 0 0 1
    outer loop
      vertex 4.994133342141177 52.31925960798826 31.2
      vertex 4.990673326026339 55.175 31.2
      vertex 4.929926490863149 55.29818239601665 31.2
    endloop
  endfacet
  facet normal 0 0 1
    outer loop
      vertex 5.44315832722982 52.229942985191656 31.2
      vertex 5.375 54.79067332602634 31.2
      vertex 5.260800499540844 54.8669789926942 31.2
    endloop
  endfacet
  facet normal 0 0 1
    outer loop
      vertex 5.44315832722982 52.229942985191656 31.2
      vertex 5.498182396016656 54.72992649086314 31.2
      vertex 5.375 54.79067332602634 31.2
    endloop
  endfacet
  facet normal 0 0 1
    outer loop
      vertex 4.994133342141177 52.31925960798826 31.2
      vertex 4.8500000000000005 55.699999999999996 31.2
      vertex 4.560607986722186 58.9335783637895 31.2
    endloop
  endfacet
  facet normal 0 0 1
    outer loop
      vertex 3.123263308980677 53.56933499846947 31.2
      vertex 3.123263308980677 57.83066500153052 31.2
      vertex 2.868911086754465 57.449999999999996 31.2
    endloop
  endfacet
  facet normal 0 0 1
    outer loop
      vertex 3.425126265847084 53.22512626584708 31.2
      vertex 3.425126265847084 58.17487373415291 31.2
      vertex 3.123263308980677 57.83066500153052 31.2
    endloop
  endfacet
  facet normal 0 0 1
    outer loop
      vertex 3.769334998469478 52.92326330898067 31.2
      vertex 3.769334998469478 58.47673669101932 31.2
      vertex 3.425126265847084 58.17487373415291 31.2
    endloop
  endfacet
  facet normal 0 0 1
    outer loop
      vertex 4.15 52.66891108675446 31.2
      vertex 4.15 58.73108891324553 31.2
      vertex 3.769334998469478 58.47673669101932 31.2
    endloop
  endfacet
  facet normal 0 0 1
    outer loop
      vertex 4.560607986722186 52.46642163621049 31.2
      vertex 4.560607986722186 58.9335783637895 31.2
      vertex 4.15 58.73108891324553 31.2
    endloop
  endfacet
  facet normal 0 0 1
    outer loop
      vertex 4.8500000000000005 55.699999999999996 31.2
      vertex 4.858982895557499 55.83705250183105 31.2
      vertex 4.560607986722186 58.9335783637895 31.2
    endloop
  endfacet
  facet normal 0 0 1
    outer loop
      vertex 4.858982895557499 55.83705250183105 31.2
      vertex 4.885777882396479 55.971759997357644 31.2
      vertex 4.560607986722186 58.9335783637895 31.2
    endloop
  endfacet
  facet normal 0 0 1
    outer loop
      vertex 4.885777882396479 55.971759997357644 31.2
      vertex 4.929926490863149 56.10181760398334 31.2
      vertex 4.560607986722186 58.9335783637895 31.2
    endloop
  endfacet
  facet normal 0 0 1
    outer loop
      vertex 4.929926490863149 56.10181760398334 31.2
      vertex 4.990673326026339 56.224999999999994 31.2
      vertex 4.560607986722186 58.9335783637895 31.2
    endloop
  endfacet
  facet normal 0 0 1
    outer loop
      vertex 4.990673326026339 56.224999999999994 31.2
      vertex 5.066978992694203 56.33919950045915 31.2
      vertex 4.560607986722186 58.9335783637895 31.2
    endloop
  endfacet
  facet normal 0 0 1
    outer loop
      vertex 5.066978992694203 56.33919950045915 31.2
      vertex 5.157537879754125 56.44246212024587 31.2
      vertex 4.994133342141177 59.080740392011734 31.2
    endloop
  endfacet
  facet normal 0 0 1
    outer loop
      vertex 4.994133342141177 59.080740392011734 31.2
      vertex 5.157537879754125 56.44246212024587 31.2
      vertex 5.260800499540844 56.53302100730579 31.2
    endloop
  endfacet
  facet normal 0 0 1
    outer loop
      vertex 4.994133342141177 59.080740392011734 31.2
      vertex 5.260800499540844 56.53302100730579 31.2
      vertex 5.375 56.609326673973655 31.2
    endloop
  endfacet
  facet normal 0 0 1
    outer loop
      vertex 4.994133342141177 59.080740392011734 31.2
      vertex 5.375 56.609326673973655 31.2
      vertex 5.498182396016656 56.67007350913685 31.2
    endloop
  endfacet
  facet normal 0 0 1
    outer loop
      vertex 5.498182396016656 56.67007350913685 31.2
      vertex 5.628240002642354 56.71422211760352 31.2
      vertex 5.44315832722982 59.170057014808336 31.2
    endloop
  endfacet
  facet normal 0 0 1
    outer loop
      vertex 5.628240002642354 56.71422211760352 31.2
      vertex 5.762947498168947 56.7410171044425 31.2
      vertex 5.44315832722982 59.170057014808336 31.2
    endloop
  endfacet
  facet normal 0 0 1
    outer loop
      vertex 5.066978992694203 56.33919950045915 31.2
      vertex 4.994133342141177 59.080740392011734 31.2
      vertex 4.560607986722186 58.9335783637895 31.2
    endloop
  endfacet
  facet normal 0 0 1
    outer loop
      vertex 4.994133342141177 59.080740392011734 31.2
      vertex 5.498182396016656 56.67007350913685 31.2
      vertex 5.44315832722982 59.170057014808336 31.2
    endloop
  endfacet
  facet normal 0 0 1
    outer loop
      vertex 6.805866657858823 52.31925960798826 31.2
      vertex 6.425000000000001 54.79067332602634 31.2
      vertex 6.301817603983345 54.72992649086314 31.2
    endloop
  endfacet
  facet normal 0 0 1
    outer loop
      vertex 6.805866657858823 52.31925960798826 31.2
      vertex 6.539199500459157 54.8669789926942 31.2
      vertex 6.425000000000001 54.79067332602634 31.2
    endloop
  endfacet
  facet normal 0 0 1
    outer loop
      vertex 6.805866657858823 52.31925960798826 31.2
      vertex 6.642462120245876 54.95753787975412 31.2
      vertex 6.539199500459157 54.8669789926942 31.2
    endloop
  endfacet
  facet normal 0 0 1
    outer loop
      vertex 6.805866657858823 52.31925960798826 31.2
      vertex 6.733021007305798 55.06080049954084 31.2
      vertex 6.642462120245876 54.95753787975412 31.2
    endloop
  endfacet
  facet normal 0 0 1
    outer loop
      vertex 7.239392013277815 52.46642163621049 31.2
      vertex 6.809326673973661 55.175 31.2
      vertex 6.733021007305798 55.06080049954084 31.2
    endloop
  endfacet
  facet normal 0 0 1
    outer loop
      vertex 7.239392013277815 52.46642163621049 31.2
      vertex 6.870073509136851 55.29818239601665 31.2
      vertex 6.809326673973661 55.175 31.2
    endloop
  endfacet
  facet normal 0 0 1
    outer loop
      vertex 7.239392013277815 52.46642163621049 31.2
      vertex 6.914222117603522 55.42824000264235 31.2
      vertex 6.870073509136851 55.29818239601665 31.2
    endloop
  endfacet
  facet normal 0 0 1
    outer loop
      vertex 7.239392013277815 52.46642163621049 31.2
      vertex 6.941017104442501 55.56294749816894 31.2
      vertex 6.914222117603522 55.42824000264235 31.2
    endloop
  endfacet
  facet normal 0 0 1
    outer loop
      vertex 7.239392013277815 52.46642163621049 31.2
      vertex 6.95 55.699999999999996 31.2
      vertex 6.941017104442501 55.56294749816894 31.2
    endloop
  endfacet
  facet normal 0 0 1
    outer loop
      vertex 7.239392013277815 52.46642163621049 31.2
      vertex 6.805866657858823 59.080740392011734 31.2
      vertex 6.95 55.699999999999996 31.2
    endloop
  endfacet
  facet normal 0 0 1
    outer loop
      vertex 7.239392013277815 52.46642163621049 31.2
      vertex 7.65 52.66891108675446 31.2
      vertex 7.239392013277815 58.9335783637895 31.2
    endloop
  endfacet
  facet normal 0 0 1
    outer loop
      vertex 7.65 52.66891108675446 31.2
      vertex 8.030665001530522 52.92326330898067 31.2
      vertex 7.65 58.73108891324553 31.2
    endloop
  endfacet
  facet normal 0 0 1
    outer loop
      vertex 8.030665001530522 52.92326330898067 31.2
      vertex 8.374873734152917 53.22512626584708 31.2
      vertex 8.030665001530522 58.47673669101932 31.2
    endloop
  endfacet
  facet normal 0 0 1
    outer loop
      vertex 8.374873734152917 53.22512626584708 31.2
      vertex 8.676736691019324 53.56933499846947 31.2
      vertex 8.374873734152917 58.17487373415291 31.2
    endloop
  endfacet
  facet normal 0 0 1
    outer loop
      vertex 5.762947498168947 56.7410171044425 31.2
      vertex 5.9 56.74999999999999 31.2
      vertex 5.44315832722982 59.170057014808336 31.2
    endloop
  endfacet
  facet normal 0 0 1
    outer loop
      vertex 5.9 56.74999999999999 31.2
      vertex 6.037052501831054 56.7410171044425 31.2
      vertex 5.9 59.199999999999996 31.2
    endloop
  endfacet
  facet normal 0 0 1
    outer loop
      vertex 6.301817603983345 56.67007350913685 31.2
      vertex 6.425000000000001 56.609326673973655 31.2
      vertex 6.356841672770181 59.170057014808336 31.2
    endloop
  endfacet
  facet normal 0 0 1
    outer loop
      vertex 6.037052501831054 56.7410171044425 31.2
      vertex 6.171759997357647 56.71422211760352 31.2
      vertex 5.9 59.199999999999996 31.2
    endloop
  endfacet
  facet normal 0 0 1
    outer loop
      vertex 6.171759997357647 56.71422211760352 31.2
      vertex 6.301817603983345 56.67007350913685 31.2
      vertex 6.356841672770181 59.170057014808336 31.2
    endloop
  endfacet
  facet normal 0 0 1
    outer loop
      vertex 6.95 55.699999999999996 31.2
      vertex 6.805866657858823 59.080740392011734 31.2
      vertex 6.941017104442501 55.83705250183105 31.2
    endloop
  endfacet
  facet normal 0 0 1
    outer loop
      vertex 6.941017104442501 55.83705250183105 31.2
      vertex 6.805866657858823 59.080740392011734 31.2
      vertex 6.914222117603522 55.971759997357644 31.2
    endloop
  endfacet
  facet normal 0 0 1
    outer loop
      vertex 6.914222117603522 55.971759997357644 31.2
      vertex 6.805866657858823 59.080740392011734 31.2
      vertex 6.870073509136851 56.10181760398334 31.2
    endloop
  endfacet
  facet normal 0 0 1
    outer loop
      vertex 6.870073509136851 56.10181760398334 31.2
      vertex 6.805866657858823 59.080740392011734 31.2
      vertex 6.809326673973661 56.224999999999994 31.2
    endloop
  endfacet
  facet normal 0 0 1
    outer loop
      vertex 6.733021007305798 56.33919950045915 31.2
      vertex 6.809326673973661 56.224999999999994 31.2
      vertex 6.805866657858823 59.080740392011734 31.2
    endloop
  endfacet
  facet normal 0 0 1
    outer loop
      vertex 6.539199500459157 56.53302100730579 31.2
      vertex 6.356841672770181 59.170057014808336 31.2
      vertex 6.425000000000001 56.609326673973655 31.2
    endloop
  endfacet
  facet normal 0 0 1
    outer loop
      vertex 6.539199500459157 56.53302100730579 31.2
      vertex 6.642462120245876 56.44246212024587 31.2
      vertex 6.805866657858823 59.080740392011734 31.2
    endloop
  endfacet
  facet normal 0 0 1
    outer loop
      vertex 6.733021007305798 56.33919950045915 31.2
      vertex 6.805866657858823 59.080740392011734 31.2
      vertex 6.642462120245876 56.44246212024587 31.2
    endloop
  endfacet
  facet normal 0 0 1
    outer loop
      vertex 7.65 52.66891108675446 31.2
      vertex 7.65 58.73108891324553 31.2
      vertex 7.239392013277815 58.9335783637895 31.2
    endloop
  endfacet
  facet normal 0 0 1
    outer loop
      vertex 7.65 58.73108891324553 31.2
      vertex 8.030665001530522 52.92326330898067 31.2
      vertex 8.030665001530522 58.47673669101932 31.2
    endloop
  endfacet
  facet normal 0 0 1
    outer loop
      vertex 8.374873734152917 53.22512626584708 31.2
      vertex 8.374873734152917 58.17487373415291 31.2
      vertex 8.030665001530522 58.47673669101932 31.2
    endloop
  endfacet
  facet normal 0 0 1
    outer loop
      vertex 7.239392013277815 52.46642163621049 31.2
      vertex 7.239392013277815 58.9335783637895 31.2
      vertex 6.805866657858823 59.080740392011734 31.2
    endloop
  endfacet
  facet normal 0 0 1
    outer loop
      vertex 8.676736691019324 53.56933499846947 31.2
      vertex 8.931088913245535 53.949999999999996 31.2
      vertex 8.676736691019324 57.83066500153052 31.2
    endloop
  endfacet
  facet normal 0 0 1
    outer loop
      vertex 8.931088913245535 53.949999999999996 31.2
      vertex 9.133578363789503 54.36060798672218 31.2
      vertex 8.931088913245535 57.449999999999996 31.2
    endloop
  endfacet
  facet normal 0 0 1
    outer loop
      vertex 9.133578363789503 54.36060798672218 31.2
      vertex 9.28074039201174 54.79413334214117 31.2
      vertex 9.133578363789503 57.03939201327781 31.2
    endloop
  endfacet
  facet normal 0 0 1
    outer loop
      vertex 9.28074039201174 54.79413334214117 31.2
      vertex 9.370057014808337 55.243158327229814 31.2
      vertex 9.28074039201174 56.60586665785882 31.2
    endloop
  endfacet
  facet normal 0 0 1
    outer loop
      vertex 9.370057014808337 55.243158327229814 31.2
      vertex 9.4 55.699999999999996 31.2
      vertex 9.370057014808337 56.15684167277018 31.2
    endloop
  endfacet
  facet normal 0 0 1
    outer loop
      vertex 9.133578363789503 54.36060798672218 31.2
      vertex 9.133578363789503 57.03939201327781 31.2
      vertex 8.931088913245535 57.449999999999996 31.2
    endloop
  endfacet
  facet normal 0 0 1
    outer loop
      vertex 8.676736691019324 53.56933499846947 31.2
      vertex 8.676736691019324 57.83066500153052 31.2
      vertex 8.374873734152917 58.17487373415291 31.2
    endloop
  endfacet
  facet normal 0 0 1
    outer loop
      vertex 8.931088913245535 53.949999999999996 31.2
      vertex 8.931088913245535 57.449999999999996 31.2
      vertex 8.676736691019324 57.83066500153052 31.2
    endloop
  endfacet
  facet normal 0 0 1
    outer loop
      vertex 9.370057014808337 55.243158327229814 31.2
      vertex 9.370057014808337 56.15684167277018 31.2
      vertex 9.28074039201174 56.60586665785882 31.2
    endloop
  endfacet
  facet normal 0 0 1
    outer loop
      vertex 9.28074039201174 54.79413334214117 31.2
      vertex 9.28074039201174 56.60586665785882 31.2
      vertex 9.133578363789503 57.03939201327781 31.2
    endloop
  endfacet
  facet normal 0 0 1
    outer loop
      vertex 5.9 56.74999999999999 31.2
      vertex 5.9 59.199999999999996 31.2
      vertex 5.44315832722982 59.170057014808336 31.2
    endloop
  endfacet
  facet normal 0 0 1
    outer loop
      vertex 6.171759997357647 56.71422211760352 31.2
      vertex 6.356841672770181 59.170057014808336 31.2
      vertex 5.9 59.199999999999996 31.2
    endloop
  endfacet
  facet normal 0 0 1
    outer loop
      vertex 6.539199500459157 56.53302100730579 31.2
      vertex 6.805866657858823 59.080740392011734 31.2
      vertex 6.356841672770181 59.170057014808336 31.2
    endloop
  endfacet
  facet normal 0.5555702330196222 0.8314696123025319 0
    outer loop
      vertex 84.06080049954083 54.8669789926942 31.2
      vertex 84.17499999999998 54.79067332602634 2.2
      vertex 84.06080049954083 54.8669789926942 2.2
    endloop
  endfacet
  facet normal 0.44228869021900935 0.8968727415326843 0
    outer loop
      vertex 84.17499999999998 54.79067332602634 31.2
      vertex 84.29818239601664 54.72992649086314 2.2
      vertex 84.17499999999998 54.79067332602634 2.2
    endloop
  endfacet
  facet normal 0.32143946530316087 0.9469301294951059 0
    outer loop
      vertex 84.29818239601664 54.72992649086314 31.2
      vertex 84.42824000264234 54.68577788239647 2.2
      vertex 84.29818239601664 54.72992649086314 2.2
    endloop
  endfacet
  facet normal 0.1950903220161203 0.9807852804032321 0
    outer loop
      vertex 84.42824000264234 54.68577788239647 31.2
      vertex 84.56294749816894 54.65898289555749 2.2
      vertex 84.42824000264234 54.68577788239647 2.2
    endloop
  endfacet
  facet normal 0.06540312923011132 0.9978589232386056 0
    outer loop
      vertex 84.56294749816894 54.65898289555749 31.2
      vertex 84.69999999999999 54.65 2.2
      vertex 84.56294749816894 54.65898289555749 2.2
    endloop
  endfacet
  facet normal -0.06540312923011132 0.9978589232386056 0
    outer loop
      vertex 84.69999999999999 54.65 31.2
      vertex 84.83705250183104 54.65898289555749 2.2
      vertex 84.69999999999999 54.65 2.2
    endloop
  endfacet
  facet normal -0.1950903220161203 0.9807852804032321 0
    outer loop
      vertex 84.83705250183104 54.65898289555749 31.2
      vertex 84.97175999735764 54.68577788239647 2.2
      vertex 84.83705250183104 54.65898289555749 2.2
    endloop
  endfacet
  facet normal 0.8314696123025479 0.5555702330195983 0
    outer loop
      vertex 83.79067332602632 55.175 31.2
      vertex 83.86697899269419 55.06080049954084 2.2
      vertex 83.79067332602632 55.175 2.2
    endloop
  endfacet
  facet normal 0.8968727415326948 0.44228869021898826 0
    outer loop
      vertex 83.72992649086314 55.29818239601665 31.2
      vertex 83.79067332602632 55.175 2.2
      vertex 83.72992649086314 55.29818239601665 2.2
    endloop
  endfacet
  facet normal 0.6593458151000597 0.7518398074789853 0
    outer loop
      vertex 83.95753787975411 54.95753787975412 31.2
      vertex 84.06080049954083 54.8669789926942 2.2
      vertex 83.95753787975411 54.95753787975412 2.2
    endloop
  endfacet
  facet normal 0.7518398074789596 0.659345815100089 0
    outer loop
      vertex 83.86697899269419 55.06080049954084 31.2
      vertex 83.95753787975411 54.95753787975412 2.2
      vertex 83.86697899269419 55.06080049954084 2.2
    endloop
  endfacet
  facet normal 0.9807852804032301 0.19509032201613022 0
    outer loop
      vertex 83.65898289555749 55.56294749816894 31.2
      vertex 83.68577788239647 55.42824000264235 2.2
      vertex 83.65898289555749 55.56294749816894 2.2
    endloop
  endfacet
  facet normal 0.9469301294951059 0.32143946530316087 0
    outer loop
      vertex 83.68577788239647 55.42824000264235 31.2
      vertex 83.72992649086314 55.29818239601665 2.2
      vertex 83.68577788239647 55.42824000264235 2.2
    endloop
  endfacet
  facet normal 0.9978589232386059 0.06540312923010795 0
    outer loop
      vertex 83.64999999999999 55.699999999999996 31.2
      vertex 83.65898289555749 55.56294749816894 2.2
      vertex 83.64999999999999 55.699999999999996 2.2
    endloop
  endfacet
  facet normal 0.9978589232386059 -0.06540312923010795 0
    outer loop
      vertex 83.65898289555749 55.83705250183105 31.2
      vertex 83.64999999999999 55.699999999999996 2.2
      vertex 83.65898289555749 55.83705250183105 2.2
    endloop
  endfacet
  facet normal 0.9807852804032301 -0.19509032201613022 0
    outer loop
      vertex 83.68577788239647 55.971759997357644 31.2
      vertex 83.65898289555749 55.83705250183105 2.2
      vertex 83.68577788239647 55.971759997357644 2.2
    endloop
  endfacet
  facet normal 0.9469301294951059 -0.32143946530316087 0
    outer loop
      vertex 83.72992649086314 56.10181760398334 31.2
      vertex 83.68577788239647 55.971759997357644 2.2
      vertex 83.72992649086314 56.10181760398334 2.2
    endloop
  endfacet
  facet normal 0.8968727415326948 -0.44228869021898826 0
    outer loop
      vertex 83.79067332602632 56.224999999999994 31.2
      vertex 83.72992649086314 56.10181760398334 2.2
      vertex 83.79067332602632 56.224999999999994 2.2
    endloop
  endfacet
  facet normal 0.8314696123025479 -0.5555702330195983 0
    outer loop
      vertex 83.86697899269419 56.33919950045915 31.2
      vertex 83.79067332602632 56.224999999999994 2.2
      vertex 83.86697899269419 56.33919950045915 2.2
    endloop
  endfacet
  facet normal 0.7518398074789596 -0.659345815100089 0
    outer loop
      vertex 83.95753787975411 56.44246212024587 31.2
      vertex 83.86697899269419 56.33919950045915 2.2
      vertex 83.95753787975411 56.44246212024587 2.2
    endloop
  endfacet
  facet normal 0.6593458151000597 -0.7518398074789853 0
    outer loop
      vertex 84.06080049954083 56.53302100730579 31.2
      vertex 83.95753787975411 56.44246212024587 2.2
      vertex 84.06080049954083 56.53302100730579 2.2
    endloop
  endfacet
  facet normal 0.5555702330196222 -0.8314696123025319 0
    outer loop
      vertex 84.17499999999998 56.609326673973655 31.2
      vertex 84.06080049954083 56.53302100730579 2.2
      vertex 84.17499999999998 56.609326673973655 2.2
    endloop
  endfacet
  facet normal 0.44228869021900935 -0.8968727415326843 0
    outer loop
      vertex 84.29818239601664 56.67007350913685 31.2
      vertex 84.17499999999998 56.609326673973655 2.2
      vertex 84.29818239601664 56.67007350913685 2.2
    endloop
  endfacet
  facet normal 0.32143946530316087 -0.9469301294951059 0
    outer loop
      vertex 84.42824000264234 56.71422211760352 31.2
      vertex 84.29818239601664 56.67007350913685 2.2
      vertex 84.42824000264234 56.71422211760352 2.2
    endloop
  endfacet
  facet normal 0.1950903220161203 -0.9807852804032321 0
    outer loop
      vertex 84.56294749816894 56.7410171044425 31.2
      vertex 84.42824000264234 56.71422211760352 2.2
      vertex 84.56294749816894 56.7410171044425 2.2
    endloop
  endfacet
  facet normal 0.06540312923011132 -0.9978589232386056 0
    outer loop
      vertex 84.69999999999999 56.74999999999999 31.2
      vertex 84.56294749816894 56.7410171044425 2.2
      vertex 84.69999999999999 56.74999999999999 2.2
    endloop
  endfacet
  facet normal -0.06540312923011132 -0.9978589232386056 0
    outer loop
      vertex 84.83705250183104 56.7410171044425 31.2
      vertex 84.69999999999999 56.74999999999999 2.2
      vertex 84.83705250183104 56.7410171044425 2.2
    endloop
  endfacet
  facet normal -0.1950903220161203 -0.9807852804032321 0
    outer loop
      vertex 84.97175999735764 56.71422211760352 31.2
      vertex 84.83705250183104 56.7410171044425 2.2
      vertex 84.97175999735764 56.71422211760352 2.2
    endloop
  endfacet
  facet normal -0.32143946530316087 0.9469301294951059 0
    outer loop
      vertex 84.97175999735764 54.68577788239647 31.2
      vertex 85.10181760398333 54.72992649086314 2.2
      vertex 84.97175999735764 54.68577788239647 2.2
    endloop
  endfacet
  facet normal -0.44228869021900935 0.8968727415326843 0
    outer loop
      vertex 85.10181760398333 54.72992649086314 31.2
      vertex 85.225 54.79067332602634 2.2
      vertex 85.10181760398333 54.72992649086314 2.2
    endloop
  endfacet
  facet normal -0.5555702330196222 0.8314696123025319 0
    outer loop
      vertex 85.225 54.79067332602634 31.2
      vertex 85.33919950045915 54.8669789926942 2.2
      vertex 85.225 54.79067332602634 2.2
    endloop
  endfacet
  facet normal -0.6593458151000597 0.7518398074789853 0
    outer loop
      vertex 85.33919950045915 54.8669789926942 31.2
      vertex 85.44246212024586 54.95753787975412 2.2
      vertex 85.33919950045915 54.8669789926942 2.2
    endloop
  endfacet
  facet normal -0.7518398074789596 0.659345815100089 0
    outer loop
      vertex 85.44246212024586 54.95753787975412 31.2
      vertex 85.53302100730579 55.06080049954084 2.2
      vertex 85.44246212024586 54.95753787975412 2.2
    endloop
  endfacet
  facet normal -0.8314696123025479 0.5555702330195983 0
    outer loop
      vertex 85.53302100730579 55.06080049954084 31.2
      vertex 85.60932667397365 55.175 2.2
      vertex 85.53302100730579 55.06080049954084 2.2
    endloop
  endfacet
  facet normal -0.8968727415326948 0.44228869021898826 0
    outer loop
      vertex 85.60932667397365 55.175 31.2
      vertex 85.67007350913684 55.29818239601665 2.2
      vertex 85.60932667397365 55.175 2.2
    endloop
  endfacet
  facet normal -0.9469301294951059 0.32143946530316087 0
    outer loop
      vertex 85.67007350913684 55.29818239601665 31.2
      vertex 85.71422211760351 55.42824000264235 2.2
      vertex 85.67007350913684 55.29818239601665 2.2
    endloop
  endfacet
  facet normal -0.9807852804032301 0.19509032201613022 0
    outer loop
      vertex 85.71422211760351 55.42824000264235 31.2
      vertex 85.74101710444249 55.56294749816894 2.2
      vertex 85.71422211760351 55.42824000264235 2.2
    endloop
  endfacet
  facet normal -0.9978589232386059 0.06540312923010795 0
    outer loop
      vertex 85.74101710444249 55.56294749816894 31.2
      vertex 85.74999999999999 55.699999999999996 2.2
      vertex 85.74101710444249 55.56294749816894 2.2
    endloop
  endfacet
  facet normal -0.9978589232386059 -0.06540312923010795 0
    outer loop
      vertex 85.74999999999999 55.699999999999996 31.2
      vertex 85.74101710444249 55.83705250183105 2.2
      vertex 85.74999999999999 55.699999999999996 2.2
    endloop
  endfacet
  facet normal -0.8314696123025479 -0.5555702330195983 0
    outer loop
      vertex 85.60932667397365 56.224999999999994 31.2
      vertex 85.53302100730579 56.33919950045915 2.2
      vertex 85.60932667397365 56.224999999999994 2.2
    endloop
  endfacet
  facet normal -0.32143946530316087 -0.9469301294951059 0
    outer loop
      vertex 85.10181760398333 56.67007350913685 31.2
      vertex 84.97175999735764 56.71422211760352 2.2
      vertex 85.10181760398333 56.67007350913685 2.2
    endloop
  endfacet
  facet normal -0.44228869021900935 -0.8968727415326843 0
    outer loop
      vertex 85.225 56.609326673973655 31.2
      vertex 85.10181760398333 56.67007350913685 2.2
      vertex 85.225 56.609326673973655 2.2
    endloop
  endfacet
  facet normal -0.6593458151000597 -0.7518398074789853 0
    outer loop
      vertex 85.44246212024586 56.44246212024587 31.2
      vertex 85.33919950045915 56.53302100730579 2.2
      vertex 85.44246212024586 56.44246212024587 2.2
    endloop
  endfacet
  facet normal -0.7518398074789596 -0.659345815100089 0
    outer loop
      vertex 85.53302100730579 56.33919950045915 31.2
      vertex 85.44246212024586 56.44246212024587 2.2
      vertex 85.53302100730579 56.33919950045915 2.2
    endloop
  endfacet
  facet normal -0.5555702330196222 -0.8314696123025319 0
    outer loop
      vertex 85.33919950045915 56.53302100730579 31.2
      vertex 85.225 56.609326673973655 2.2
      vertex 85.33919950045915 56.53302100730579 2.2
    endloop
  endfacet
  facet normal -0.9807852804032301 -0.19509032201613022 0
    outer loop
      vertex 85.74101710444249 55.83705250183105 31.2
      vertex 85.71422211760351 55.971759997357644 2.2
      vertex 85.74101710444249 55.83705250183105 2.2
    endloop
  endfacet
  facet normal -0.9469301294951059 -0.32143946530316087 0
    outer loop
      vertex 85.71422211760351 55.971759997357644 31.2
      vertex 85.67007350913684 56.10181760398334 2.2
      vertex 85.71422211760351 55.971759997357644 2.2
    endloop
  endfacet
  facet normal -0.8968727415326948 -0.44228869021898826 0
    outer loop
      vertex 85.67007350913684 56.10181760398334 31.2
      vertex 85.60932667397365 56.224999999999994 2.2
      vertex 85.67007350913684 56.10181760398334 2.2
    endloop
  endfacet
  facet normal 0.5555702330196222 0.8314696123025319 1.8488750944879896e-19
    outer loop
      vertex 84.06080049954083 54.8669789926942 31.2
      vertex 84.17499999999998 54.79067332602634 31.2
      vertex 84.17499999999998 54.79067332602634 2.2
    endloop
  endfacet
  facet normal 0.32143946530316087 0.9469301294951059 -1.2851126553852968e-20
    outer loop
      vertex 84.29818239601664 54.72992649086314 31.2
      vertex 84.42824000264234 54.68577788239647 31.2
      vertex 84.42824000264234 54.68577788239647 2.2
    endloop
  endfacet
  facet normal 0.44228869021900935 0.8968727415326843 2.56887524992859e-21
    outer loop
      vertex 84.17499999999998 54.79067332602634 31.2
      vertex 84.29818239601664 54.72992649086314 31.2
      vertex 84.29818239601664 54.72992649086314 2.2
    endloop
  endfacet
  facet normal 0.1950903220161203 0.9807852804032321 1.544596297172073e-20
    outer loop
      vertex 84.42824000264234 54.68577788239647 31.2
      vertex 84.56294749816894 54.65898289555749 31.2
      vertex 84.56294749816894 54.65898289555749 2.2
    endloop
  endfacet
  facet normal 0.06540312923011132 0.9978589232386056 2.637353290334733e-20
    outer loop
      vertex 84.56294749816894 54.65898289555749 31.2
      vertex 84.69999999999999 54.65 31.2
      vertex 84.69999999999999 54.65 2.2
    endloop
  endfacet
  facet normal -0.06540312923011132 0.9978589232386056 -2.637353290334733e-20
    outer loop
      vertex 84.69999999999999 54.65 31.2
      vertex 84.83705250183104 54.65898289555749 31.2
      vertex 84.83705250183104 54.65898289555749 2.2
    endloop
  endfacet
  facet normal -0.1950903220161203 0.9807852804032321 -1.544596297172073e-20
    outer loop
      vertex 84.83705250183104 54.65898289555749 31.2
      vertex 84.97175999735764 54.68577788239647 31.2
      vertex 84.97175999735764 54.68577788239647 2.2
    endloop
  endfacet
  facet normal 0.8314696123025479 0.5555702330195983 -5.378557800583386e-20
    outer loop
      vertex 83.79067332602632 55.175 31.2
      vertex 83.86697899269419 55.06080049954084 31.2
      vertex 83.86697899269419 55.06080049954084 2.2
    endloop
  endfacet
  facet normal 0.8968727415326948 0.44228869021898826 0
    outer loop
      vertex 83.79067332602632 55.175 31.2
      vertex 83.79067332602632 55.175 2.2
      vertex 83.72992649086314 55.29818239601665 31.2
    endloop
  endfacet
  facet normal 0.9469301294951059 0.32143946530316087 0
    outer loop
      vertex 83.72992649086314 55.29818239601665 31.2
      vertex 83.72992649086314 55.29818239601665 2.2
      vertex 83.68577788239647 55.42824000264235 31.2
    endloop
  endfacet
  facet normal 0.6593458151000597 0.7518398074789853 8.628302418450736e-20
    outer loop
      vertex 83.95753787975411 54.95753787975412 31.2
      vertex 84.06080049954083 54.8669789926942 31.2
      vertex 84.06080049954083 54.8669789926942 2.2
    endloop
  endfacet
  facet normal 0.7518398074789596 0.659345815100089 0
    outer loop
      vertex 83.95753787975411 54.95753787975412 31.2
      vertex 83.95753787975411 54.95753787975412 2.2
      vertex 83.86697899269419 55.06080049954084 31.2
    endloop
  endfacet
  facet normal 0.9807852804032301 0.19509032201613022 1.643290594864583e-20
    outer loop
      vertex 83.65898289555749 55.56294749816894 31.2
      vertex 83.68577788239647 55.42824000264235 31.2
      vertex 83.68577788239647 55.42824000264235 2.2
    endloop
  endfacet
  facet normal 0.9978589232386059 0.06540312923010795 0
    outer loop
      vertex 83.65898289555749 55.56294749816894 31.2
      vertex 83.65898289555749 55.56294749816894 2.2
      vertex 83.64999999999999 55.699999999999996 31.2
    endloop
  endfacet
  facet normal 0.9978589232386059 -0.06540312923010795 0
    outer loop
      vertex 83.64999999999999 55.699999999999996 31.2
      vertex 83.64999999999999 55.699999999999996 2.2
      vertex 83.65898289555749 55.83705250183105 31.2
    endloop
  endfacet
  facet normal 0.9807852804032301 -0.19509032201613022 0
    outer loop
      vertex 83.65898289555749 55.83705250183105 31.2
      vertex 83.65898289555749 55.83705250183105 2.2
      vertex 83.68577788239647 55.971759997357644 31.2
    endloop
  endfacet
  facet normal 0.9469301294951059 -0.32143946530316087 0
    outer loop
      vertex 83.68577788239647 55.971759997357644 31.2
      vertex 83.68577788239647 55.971759997357644 2.2
      vertex 83.72992649086314 56.10181760398334 31.2
    endloop
  endfacet
  facet normal 0.8968727415326948 -0.44228869021898826 0
    outer loop
      vertex 83.72992649086314 56.10181760398334 31.2
      vertex 83.72992649086314 56.10181760398334 2.2
      vertex 83.79067332602632 56.224999999999994 31.2
    endloop
  endfacet
  facet normal 0.8314696123025479 -0.5555702330195983 0
    outer loop
      vertex 83.79067332602632 56.224999999999994 31.2
      vertex 83.79067332602632 56.224999999999994 2.2
      vertex 83.86697899269419 56.33919950045915 31.2
    endloop
  endfacet
  facet normal 0.7518398074789596 -0.659345815100089 0
    outer loop
      vertex 83.86697899269419 56.33919950045915 31.2
      vertex 83.86697899269419 56.33919950045915 2.2
      vertex 83.95753787975411 56.44246212024587 31.2
    endloop
  endfacet
  facet normal 0.6593458151000597 -0.7518398074789853 0
    outer loop
      vertex 83.95753787975411 56.44246212024587 31.2
      vertex 83.95753787975411 56.44246212024587 2.2
      vertex 84.06080049954083 56.53302100730579 31.2
    endloop
  endfacet
  facet normal 0.5555702330196222 -0.8314696123025319 0
    outer loop
      vertex 84.06080049954083 56.53302100730579 31.2
      vertex 84.06080049954083 56.53302100730579 2.2
      vertex 84.17499999999998 56.609326673973655 31.2
    endloop
  endfacet
  facet normal 0.44228869021900935 -0.8968727415326843 0
    outer loop
      vertex 84.17499999999998 56.609326673973655 31.2
      vertex 84.17499999999998 56.609326673973655 2.2
      vertex 84.29818239601664 56.67007350913685 31.2
    endloop
  endfacet
  facet normal 0.32143946530316087 -0.9469301294951059 0
    outer loop
      vertex 84.29818239601664 56.67007350913685 31.2
      vertex 84.29818239601664 56.67007350913685 2.2
      vertex 84.42824000264234 56.71422211760352 31.2
    endloop
  endfacet
  facet normal 0.1950903220161203 -0.9807852804032321 0
    outer loop
      vertex 84.42824000264234 56.71422211760352 31.2
      vertex 84.42824000264234 56.71422211760352 2.2
      vertex 84.56294749816894 56.7410171044425 31.2
    endloop
  endfacet
  facet normal 0.06540312923011132 -0.9978589232386056 0
    outer loop
      vertex 84.56294749816894 56.7410171044425 31.2
      vertex 84.56294749816894 56.7410171044425 2.2
      vertex 84.69999999999999 56.74999999999999 31.2
    endloop
  endfacet
  facet normal -0.06540312923011132 -0.9978589232386056 0
    outer loop
      vertex 84.69999999999999 56.74999999999999 31.2
      vertex 84.69999999999999 56.74999999999999 2.2
      vertex 84.83705250183104 56.7410171044425 31.2
    endloop
  endfacet
  facet normal -0.1950903220161203 -0.9807852804032321 0
    outer loop
      vertex 84.83705250183104 56.7410171044425 31.2
      vertex 84.83705250183104 56.7410171044425 2.2
      vertex 84.97175999735764 56.71422211760352 31.2
    endloop
  endfacet
  facet normal -0.32143946530316087 0.9469301294951059 1.2851126553852968e-20
    outer loop
      vertex 84.97175999735764 54.68577788239647 31.2
      vertex 85.10181760398333 54.72992649086314 31.2
      vertex 85.10181760398333 54.72992649086314 2.2
    endloop
  endfacet
  facet normal -0.44228869021900935 0.8968727415326843 -2.56887524992859e-21
    outer loop
      vertex 85.10181760398333 54.72992649086314 31.2
      vertex 85.225 54.79067332602634 31.2
      vertex 85.225 54.79067332602634 2.2
    endloop
  endfacet
  facet normal -0.5555702330196222 0.8314696123025319 -1.8488750944879896e-19
    outer loop
      vertex 85.225 54.79067332602634 31.2
      vertex 85.33919950045915 54.8669789926942 31.2
      vertex 85.33919950045915 54.8669789926942 2.2
    endloop
  endfacet
  facet normal -0.6593458151000597 0.7518398074789853 -8.628302418450736e-20
    outer loop
      vertex 85.33919950045915 54.8669789926942 31.2
      vertex 85.44246212024586 54.95753787975412 31.2
      vertex 85.44246212024586 54.95753787975412 2.2
    endloop
  endfacet
  facet normal -0.7518398074789596 0.659345815100089 -1.0209670442237995e-19
    outer loop
      vertex 85.44246212024586 54.95753787975412 31.2
      vertex 85.53302100730579 55.06080049954084 31.2
      vertex 85.53302100730579 55.06080049954084 2.2
    endloop
  endfacet
  facet normal -0.8314696123025479 0.5555702330195983 5.378557800583386e-20
    outer loop
      vertex 85.53302100730579 55.06080049954084 31.2
      vertex 85.60932667397365 55.175 31.2
      vertex 85.60932667397365 55.175 2.2
    endloop
  endfacet
  facet normal -0.8968727415326948 0.44228869021898826 5.225042892005443e-20
    outer loop
      vertex 85.60932667397365 55.175 31.2
      vertex 85.67007350913684 55.29818239601665 31.2
      vertex 85.67007350913684 55.29818239601665 2.2
    endloop
  endfacet
  facet normal -0.9469301294951059 0.32143946530316087 1.2851126553852968e-20
    outer loop
      vertex 85.67007350913684 55.29818239601665 31.2
      vertex 85.71422211760351 55.42824000264235 31.2
      vertex 85.71422211760351 55.42824000264235 2.2
    endloop
  endfacet
  facet normal -0.9807852804032301 0.19509032201613022 -1.643290594864583e-20
    outer loop
      vertex 85.71422211760351 55.42824000264235 31.2
      vertex 85.74101710444249 55.56294749816894 31.2
      vertex 85.74101710444249 55.56294749816894 2.2
    endloop
  endfacet
  facet normal -0.9978589232386059 0.06540312923010795 -7.236416463583746e-21
    outer loop
      vertex 85.74101710444249 55.56294749816894 31.2
      vertex 85.74999999999999 55.699999999999996 31.2
      vertex 85.74999999999999 55.699999999999996 2.2
    endloop
  endfacet
  facet normal -0.9978589232386059 -0.06540312923010795 7.236416463583746e-21
    outer loop
      vertex 85.74999999999999 55.699999999999996 31.2
      vertex 85.74101710444249 55.83705250183105 31.2
      vertex 85.74101710444249 55.83705250183105 2.2
    endloop
  endfacet
  facet normal -0.8968727415326948 -0.44228869021898826 -5.225042892005443e-20
    outer loop
      vertex 85.67007350913684 56.10181760398334 31.2
      vertex 85.60932667397365 56.224999999999994 31.2
      vertex 85.60932667397365 56.224999999999994 2.2
    endloop
  endfacet
  facet normal -0.8314696123025479 -0.5555702330195983 -5.378557800583386e-20
    outer loop
      vertex 85.60932667397365 56.224999999999994 31.2
      vertex 85.53302100730579 56.33919950045915 31.2
      vertex 85.53302100730579 56.33919950045915 2.2
    endloop
  endfacet
  facet normal -0.32143946530316087 -0.9469301294951059 0
    outer loop
      vertex 84.97175999735764 56.71422211760352 31.2
      vertex 84.97175999735764 56.71422211760352 2.2
      vertex 85.10181760398333 56.67007350913685 31.2
    endloop
  endfacet
  facet normal -0.44228869021900935 -0.8968727415326843 0
    outer loop
      vertex 85.10181760398333 56.67007350913685 31.2
      vertex 85.10181760398333 56.67007350913685 2.2
      vertex 85.225 56.609326673973655 31.2
    endloop
  endfacet
  facet normal -0.5555702330196222 -0.8314696123025319 1.8488750944879896e-19
    outer loop
      vertex 85.33919950045915 56.53302100730579 31.2
      vertex 85.225 56.609326673973655 31.2
      vertex 85.225 56.609326673973655 2.2
    endloop
  endfacet
  facet normal -0.6593458151000597 -0.7518398074789853 0
    outer loop
      vertex 85.33919950045915 56.53302100730579 31.2
      vertex 85.33919950045915 56.53302100730579 2.2
      vertex 85.44246212024586 56.44246212024587 31.2
    endloop
  endfacet
  facet normal -0.7518398074789596 -0.659345815100089 0
    outer loop
      vertex 85.44246212024586 56.44246212024587 31.2
      vertex 85.44246212024586 56.44246212024587 2.2
      vertex 85.53302100730579 56.33919950045915 31.2
    endloop
  endfacet
  facet normal -0.9807852804032301 -0.19509032201613022 1.643290594864583e-20
    outer loop
      vertex 85.74101710444249 55.83705250183105 31.2
      vertex 85.71422211760351 55.971759997357644 31.2
      vertex 85.71422211760351 55.971759997357644 2.2
    endloop
  endfacet
  facet normal -0.9469301294951059 -0.32143946530316087 -1.2851126553852968e-20
    outer loop
      vertex 85.71422211760351 55.971759997357644 31.2
      vertex 85.67007350913684 56.10181760398334 31.2
      vertex 85.67007350913684 56.10181760398334 2.2
    endloop
  endfacet
  facet normal 0.5555702330196222 0.8314696123025319 0
    outer loop
      vertex 84.06080049954083 5.066978992694203 31.2
      vertex 84.17499999999998 4.990673326026339 2.2
      vertex 84.06080049954083 5.066978992694203 2.2
    endloop
  endfacet
  facet normal 0.44228869021898853 0.8968727415326946 0
    outer loop
      vertex 84.17499999999998 4.990673326026339 31.2
      vertex 84.29818239601664 4.929926490863149 2.2
      vertex 84.17499999999998 4.990673326026339 2.2
    endloop
  endfacet
  facet normal 0.6593458151000672 0.7518398074789789 0
    outer loop
      vertex 83.95753787975411 5.157537879754125 31.2
      vertex 84.06080049954083 5.066978992694203 2.2
      vertex 83.95753787975411 5.157537879754125 2.2
    endloop
  endfacet
  facet normal 0.7518398074789596 0.659345815100089 0
    outer loop
      vertex 83.86697899269419 5.260800499540844 31.2
      vertex 83.95753787975411 5.157537879754125 2.2
      vertex 83.86697899269419 5.260800499540844 2.2
    endloop
  endfacet
  facet normal 0.8314696123025439 0.5555702330196043 0
    outer loop
      vertex 83.79067332602632 5.375 31.2
      vertex 83.86697899269419 5.260800499540844 2.2
      vertex 83.79067332602632 5.375 2.2
    endloop
  endfacet
  facet normal 0.8968727415326998 0.442288690218978 0
    outer loop
      vertex 83.72992649086314 5.498182396016656 31.2
      vertex 83.79067332602632 5.375 2.2
      vertex 83.72992649086314 5.498182396016656 2.2
    endloop
  endfacet
  facet normal 0.9807852804032305 0.19509032201612772 0
    outer loop
      vertex 83.65898289555749 5.762947498168947 31.2
      vertex 83.68577788239647 5.628240002642354 2.2
      vertex 83.65898289555749 5.762947498168947 2.2
    endloop
  endfacet
  facet normal 0.9469301294951059 0.32143946530316087 0
    outer loop
      vertex 83.68577788239647 5.628240002642354 31.2
      vertex 83.72992649086314 5.498182396016656 2.2
      vertex 83.68577788239647 5.628240002642354 2.2
    endloop
  endfacet
  facet normal 0.32143946530316087 0.9469301294951059 0
    outer loop
      vertex 84.29818239601664 4.929926490863149 31.2
      vertex 84.42824000264234 4.885777882396479 2.2
      vertex 84.29818239601664 4.929926490863149 2.2
    endloop
  endfacet
  facet normal 0.1950903220161203 0.9807852804032321 0
    outer loop
      vertex 84.42824000264234 4.885777882396479 31.2
      vertex 84.56294749816894 4.858982895557499 2.2
      vertex 84.42824000264234 4.885777882396479 2.2
    endloop
  endfacet
  facet normal 0.0654031292301435 0.9978589232386035 0
    outer loop
      vertex 84.56294749816894 4.858982895557499 31.2
      vertex 84.69999999999999 4.8500000000000005 2.2
      vertex 84.56294749816894 4.858982895557499 2.2
    endloop
  endfacet
  facet normal -0.0654031292301435 0.9978589232386035 0
    outer loop
      vertex 84.69999999999999 4.8500000000000005 31.2
      vertex 84.83705250183104 4.858982895557499 2.2
      vertex 84.69999999999999 4.8500000000000005 2.2
    endloop
  endfacet
  facet normal -0.1950903220161203 0.9807852804032321 0
    outer loop
      vertex 84.83705250183104 4.858982895557499 31.2
      vertex 84.97175999735764 4.885777882396479 2.2
      vertex 84.83705250183104 4.858982895557499 2.2
    endloop
  endfacet
  facet normal 0.9978589232386057 0.06540312923010963 0
    outer loop
      vertex 83.64999999999999 5.9 31.2
      vertex 83.65898289555749 5.762947498168947 2.2
      vertex 83.64999999999999 5.9 2.2
    endloop
  endfacet
  facet normal 0.9978589232386057 -0.06540312923010963 0
    outer loop
      vertex 83.65898289555749 6.037052501831054 31.2
      vertex 83.64999999999999 5.9 2.2
      vertex 83.65898289555749 6.037052501831054 2.2
    endloop
  endfacet
  facet normal 0.9807852804032305 -0.19509032201612772 0
    outer loop
      vertex 83.68577788239647 6.171759997357647 31.2
      vertex 83.65898289555749 6.037052501831054 2.2
      vertex 83.68577788239647 6.171759997357647 2.2
    endloop
  endfacet
  facet normal 0.9469301294951059 -0.32143946530316087 0
    outer loop
      vertex 83.72992649086314 6.301817603983345 31.2
      vertex 83.68577788239647 6.171759997357647 2.2
      vertex 83.72992649086314 6.301817603983345 2.2
    endloop
  endfacet
  facet normal 0.8968727415326998 -0.442288690218978 0
    outer loop
      vertex 83.79067332602632 6.425000000000001 31.2
      vertex 83.72992649086314 6.301817603983345 2.2
      vertex 83.79067332602632 6.425000000000001 2.2
    endloop
  endfacet
  facet normal 0.8314696123025439 -0.5555702330196043 0
    outer loop
      vertex 83.86697899269419 6.539199500459157 31.2
      vertex 83.79067332602632 6.425000000000001 2.2
      vertex 83.86697899269419 6.539199500459157 2.2
    endloop
  endfacet
  facet normal 0.7518398074789596 -0.659345815100089 0
    outer loop
      vertex 83.95753787975411 6.642462120245876 31.2
      vertex 83.86697899269419 6.539199500459157 2.2
      vertex 83.95753787975411 6.642462120245876 2.2
    endloop
  endfacet
  facet normal 0.6593458151000672 -0.7518398074789789 0
    outer loop
      vertex 84.06080049954083 6.733021007305798 31.2
      vertex 83.95753787975411 6.642462120245876 2.2
      vertex 84.06080049954083 6.733021007305798 2.2
    endloop
  endfacet
  facet normal 0.5555702330196222 -0.8314696123025319 0
    outer loop
      vertex 84.17499999999998 6.809326673973661 31.2
      vertex 84.06080049954083 6.733021007305798 2.2
      vertex 84.17499999999998 6.809326673973661 2.2
    endloop
  endfacet
  facet normal 0.44228869021898853 -0.8968727415326946 0
    outer loop
      vertex 84.29818239601664 6.870073509136851 31.2
      vertex 84.17499999999998 6.809326673973661 2.2
      vertex 84.29818239601664 6.870073509136851 2.2
    endloop
  endfacet
  facet normal 0.32143946530316087 -0.9469301294951059 0
    outer loop
      vertex 84.42824000264234 6.914222117603522 31.2
      vertex 84.29818239601664 6.870073509136851 2.2
      vertex 84.42824000264234 6.914222117603522 2.2
    endloop
  endfacet
  facet normal 0.1950903220161203 -0.9807852804032321 0
    outer loop
      vertex 84.56294749816894 6.941017104442501 31.2
      vertex 84.42824000264234 6.914222117603522 2.2
      vertex 84.56294749816894 6.941017104442501 2.2
    endloop
  endfacet
  facet normal 0.0654031292301435 -0.9978589232386035 0
    outer loop
      vertex 84.69999999999999 6.95 31.2
      vertex 84.56294749816894 6.941017104442501 2.2
      vertex 84.69999999999999 6.95 2.2
    endloop
  endfacet
  facet normal -0.0654031292301435 -0.9978589232386035 0
    outer loop
      vertex 84.83705250183104 6.941017104442501 31.2
      vertex 84.69999999999999 6.95 2.2
      vertex 84.83705250183104 6.941017104442501 2.2
    endloop
  endfacet
  facet normal -0.1950903220161203 -0.9807852804032321 0
    outer loop
      vertex 84.97175999735764 6.914222117603522 31.2
      vertex 84.83705250183104 6.941017104442501 2.2
      vertex 84.97175999735764 6.914222117603522 2.2
    endloop
  endfacet
  facet normal -0.32143946530316087 0.9469301294951059 0
    outer loop
      vertex 84.97175999735764 4.885777882396479 31.2
      vertex 85.10181760398333 4.929926490863149 2.2
      vertex 84.97175999735764 4.885777882396479 2.2
    endloop
  endfacet
  facet normal -0.44228869021898853 0.8968727415326946 0
    outer loop
      vertex 85.10181760398333 4.929926490863149 31.2
      vertex 85.225 4.990673326026339 2.2
      vertex 85.10181760398333 4.929926490863149 2.2
    endloop
  endfacet
  facet normal -0.5555702330196222 0.8314696123025319 0
    outer loop
      vertex 85.225 4.990673326026339 31.2
      vertex 85.33919950045915 5.066978992694203 2.2
      vertex 85.225 4.990673326026339 2.2
    endloop
  endfacet
  facet normal -0.6593458151000672 0.7518398074789789 0
    outer loop
      vertex 85.33919950045915 5.066978992694203 31.2
      vertex 85.44246212024586 5.157537879754125 2.2
      vertex 85.33919950045915 5.066978992694203 2.2
    endloop
  endfacet
  facet normal -0.7518398074789596 0.659345815100089 0
    outer loop
      vertex 85.44246212024586 5.157537879754125 31.2
      vertex 85.53302100730579 5.260800499540844 2.2
      vertex 85.44246212024586 5.157537879754125 2.2
    endloop
  endfacet
  facet normal -0.8314696123025439 0.5555702330196043 0
    outer loop
      vertex 85.53302100730579 5.260800499540844 31.2
      vertex 85.60932667397365 5.375 2.2
      vertex 85.53302100730579 5.260800499540844 2.2
    endloop
  endfacet
  facet normal -0.8968727415326998 0.442288690218978 0
    outer loop
      vertex 85.60932667397365 5.375 31.2
      vertex 85.67007350913684 5.498182396016656 2.2
      vertex 85.60932667397365 5.375 2.2
    endloop
  endfacet
  facet normal -0.9469301294951059 0.32143946530316087 0
    outer loop
      vertex 85.67007350913684 5.498182396016656 31.2
      vertex 85.71422211760351 5.628240002642354 2.2
      vertex 85.67007350913684 5.498182396016656 2.2
    endloop
  endfacet
  facet normal -0.9807852804032305 0.19509032201612772 0
    outer loop
      vertex 85.71422211760351 5.628240002642354 31.2
      vertex 85.74101710444249 5.762947498168947 2.2
      vertex 85.71422211760351 5.628240002642354 2.2
    endloop
  endfacet
  facet normal -0.8314696123025439 -0.5555702330196043 0
    outer loop
      vertex 85.60932667397365 6.425000000000001 31.2
      vertex 85.53302100730579 6.539199500459157 2.2
      vertex 85.60932667397365 6.425000000000001 2.2
    endloop
  endfacet
  facet normal -0.6593458151000672 -0.7518398074789789 0
    outer loop
      vertex 85.44246212024586 6.642462120245876 31.2
      vertex 85.33919950045915 6.733021007305798 2.2
      vertex 85.44246212024586 6.642462120245876 2.2
    endloop
  endfacet
  facet normal -0.7518398074789596 -0.659345815100089 0
    outer loop
      vertex 85.53302100730579 6.539199500459157 31.2
      vertex 85.44246212024586 6.642462120245876 2.2
      vertex 85.53302100730579 6.539199500459157 2.2
    endloop
  endfacet
  facet normal -0.9978589232386057 0.06540312923010963 0
    outer loop
      vertex 85.74101710444249 5.762947498168947 31.2
      vertex 85.74999999999999 5.9 2.2
      vertex 85.74101710444249 5.762947498168947 2.2
    endloop
  endfacet
  facet normal -0.9978589232386057 -0.06540312923010963 0
    outer loop
      vertex 85.74999999999999 5.9 31.2
      vertex 85.74101710444249 6.037052501831054 2.2
      vertex 85.74999999999999 5.9 2.2
    endloop
  endfacet
  facet normal -0.9807852804032305 -0.19509032201612772 0
    outer loop
      vertex 85.74101710444249 6.037052501831054 31.2
      vertex 85.71422211760351 6.171759997357647 2.2
      vertex 85.74101710444249 6.037052501831054 2.2
    endloop
  endfacet
  facet normal -0.9469301294951059 -0.32143946530316087 0
    outer loop
      vertex 85.71422211760351 6.171759997357647 31.2
      vertex 85.67007350913684 6.301817603983345 2.2
      vertex 85.71422211760351 6.171759997357647 2.2
    endloop
  endfacet
  facet normal -0.8968727415326998 -0.442288690218978 0
    outer loop
      vertex 85.67007350913684 6.301817603983345 31.2
      vertex 85.60932667397365 6.425000000000001 2.2
      vertex 85.67007350913684 6.301817603983345 2.2
    endloop
  endfacet
  facet normal -0.32143946530316087 -0.9469301294951059 0
    outer loop
      vertex 85.10181760398333 6.870073509136851 31.2
      vertex 84.97175999735764 6.914222117603522 2.2
      vertex 85.10181760398333 6.870073509136851 2.2
    endloop
  endfacet
  facet normal -0.44228869021898853 -0.8968727415326946 0
    outer loop
      vertex 85.225 6.809326673973661 31.2
      vertex 85.10181760398333 6.870073509136851 2.2
      vertex 85.225 6.809326673973661 2.2
    endloop
  endfacet
  facet normal -0.5555702330196222 -0.8314696123025319 0
    outer loop
      vertex 85.33919950045915 6.733021007305798 31.2
      vertex 85.225 6.809326673973661 2.2
      vertex 85.33919950045915 6.733021007305798 2.2
    endloop
  endfacet
  facet normal 0.5555702330196222 0.8314696123025319 0
    outer loop
      vertex 84.17499999999998 4.990673326026339 31.2
      vertex 84.17499999999998 4.990673326026339 2.2
      vertex 84.06080049954083 5.066978992694203 31.2
    endloop
  endfacet
  facet normal 0.6593458151000672 0.7518398074789789 1.9911803170059716e-19
    outer loop
      vertex 83.95753787975411 5.157537879754125 31.2
      vertex 84.06080049954083 5.066978992694203 31.2
      vertex 84.06080049954083 5.066978992694203 2.2
    endloop
  endfacet
  facet normal 0.7518398074789596 0.659345815100089 0
    outer loop
      vertex 83.95753787975411 5.157537879754125 31.2
      vertex 83.95753787975411 5.157537879754125 2.2
      vertex 83.86697899269419 5.260800499540844 31.2
    endloop
  endfacet
  facet normal 0.8314696123025439 0.5555702330196043 5.882693857822426e-21
    outer loop
      vertex 83.79067332602632 5.375 31.2
      vertex 83.86697899269419 5.260800499540844 31.2
      vertex 83.86697899269419 5.260800499540844 2.2
    endloop
  endfacet
  facet normal 0.8968727415326998 0.442288690218978 0
    outer loop
      vertex 83.79067332602632 5.375 31.2
      vertex 83.79067332602632 5.375 2.2
      vertex 83.72992649086314 5.498182396016656 31.2
    endloop
  endfacet
  facet normal 0.9807852804032305 0.19509032201612772 0
    outer loop
      vertex 83.68577788239647 5.628240002642354 31.2
      vertex 83.68577788239647 5.628240002642354 2.2
      vertex 83.65898289555749 5.762947498168947 31.2
    endloop
  endfacet
  facet normal 0.9469301294951059 0.32143946530316087 0
    outer loop
      vertex 83.72992649086314 5.498182396016656 31.2
      vertex 83.72992649086314 5.498182396016656 2.2
      vertex 83.68577788239647 5.628240002642354 31.2
    endloop
  endfacet
  facet normal 0.32143946530316087 0.9469301294951059 -1.2851126553852968e-20
    outer loop
      vertex 84.29818239601664 4.929926490863149 31.2
      vertex 84.42824000264234 4.885777882396479 31.2
      vertex 84.42824000264234 4.885777882396479 2.2
    endloop
  endfacet
  facet normal 0.44228869021898853 0.8968727415326946 -9.43152495043542e-20
    outer loop
      vertex 84.17499999999998 4.990673326026339 31.2
      vertex 84.29818239601664 4.929926490863149 31.2
      vertex 84.29818239601664 4.929926490863149 2.2
    endloop
  endfacet
  facet normal 0.1950903220161203 0.9807852804032321 1.544596297172073e-20
    outer loop
      vertex 84.42824000264234 4.885777882396479 31.2
      vertex 84.56294749816894 4.858982895557499 31.2
      vertex 84.56294749816894 4.858982895557499 2.2
    endloop
  endfacet
  facet normal 0.0654031292301435 0.9978589232386035 -1.9097459543325228e-20
    outer loop
      vertex 84.56294749816894 4.858982895557499 31.2
      vertex 84.69999999999999 4.8500000000000005 31.2
      vertex 84.69999999999999 4.8500000000000005 2.2
    endloop
  endfacet
  facet normal -0.0654031292301435 0.9978589232386035 1.9097459543325228e-20
    outer loop
      vertex 84.69999999999999 4.8500000000000005 31.2
      vertex 84.83705250183104 4.858982895557499 31.2
      vertex 84.83705250183104 4.858982895557499 2.2
    endloop
  endfacet
  facet normal -0.1950903220161203 0.9807852804032321 -1.544596297172073e-20
    outer loop
      vertex 84.83705250183104 4.858982895557499 31.2
      vertex 84.97175999735764 4.885777882396479 31.2
      vertex 84.97175999735764 4.885777882396479 2.2
    endloop
  endfacet
  facet normal 0.9978589232386057 0.06540312923010963 0
    outer loop
      vertex 83.65898289555749 5.762947498168947 31.2
      vertex 83.65898289555749 5.762947498168947 2.2
      vertex 83.64999999999999 5.9 31.2
    endloop
  endfacet
  facet normal 0.9978589232386057 -0.06540312923010963 0
    outer loop
      vertex 83.64999999999999 5.9 31.2
      vertex 83.64999999999999 5.9 2.2
      vertex 83.65898289555749 6.037052501831054 31.2
    endloop
  endfacet
  facet normal 0.9807852804032305 -0.19509032201612772 0
    outer loop
      vertex 83.65898289555749 6.037052501831054 31.2
      vertex 83.65898289555749 6.037052501831054 2.2
      vertex 83.68577788239647 6.171759997357647 31.2
    endloop
  endfacet
  facet normal 0.9469301294951059 -0.32143946530316087 0
    outer loop
      vertex 83.68577788239647 6.171759997357647 31.2
      vertex 83.68577788239647 6.171759997357647 2.2
      vertex 83.72992649086314 6.301817603983345 31.2
    endloop
  endfacet
  facet normal 0.8968727415326998 -0.442288690218978 0
    outer loop
      vertex 83.72992649086314 6.301817603983345 31.2
      vertex 83.72992649086314 6.301817603983345 2.2
      vertex 83.79067332602632 6.425000000000001 31.2
    endloop
  endfacet
  facet normal 0.8314696123025439 -0.5555702330196043 0
    outer loop
      vertex 83.79067332602632 6.425000000000001 31.2
      vertex 83.79067332602632 6.425000000000001 2.2
      vertex 83.86697899269419 6.539199500459157 31.2
    endloop
  endfacet
  facet normal 0.7518398074789596 -0.659345815100089 0
    outer loop
      vertex 83.86697899269419 6.539199500459157 31.2
      vertex 83.86697899269419 6.539199500459157 2.2
      vertex 83.95753787975411 6.642462120245876 31.2
    endloop
  endfacet
  facet normal 0.6593458151000672 -0.7518398074789789 0
    outer loop
      vertex 83.95753787975411 6.642462120245876 31.2
      vertex 83.95753787975411 6.642462120245876 2.2
      vertex 84.06080049954083 6.733021007305798 31.2
    endloop
  endfacet
  facet normal 0.5555702330196222 -0.8314696123025319 0
    outer loop
      vertex 84.06080049954083 6.733021007305798 31.2
      vertex 84.06080049954083 6.733021007305798 2.2
      vertex 84.17499999999998 6.809326673973661 31.2
    endloop
  endfacet
  facet normal 0.44228869021898853 -0.8968727415326946 0
    outer loop
      vertex 84.17499999999998 6.809326673973661 31.2
      vertex 84.17499999999998 6.809326673973661 2.2
      vertex 84.29818239601664 6.870073509136851 31.2
    endloop
  endfacet
  facet normal 0.32143946530316087 -0.9469301294951059 0
    outer loop
      vertex 84.29818239601664 6.870073509136851 31.2
      vertex 84.29818239601664 6.870073509136851 2.2
      vertex 84.42824000264234 6.914222117603522 31.2
    endloop
  endfacet
  facet normal 0.1950903220161203 -0.9807852804032321 0
    outer loop
      vertex 84.42824000264234 6.914222117603522 31.2
      vertex 84.42824000264234 6.914222117603522 2.2
      vertex 84.56294749816894 6.941017104442501 31.2
    endloop
  endfacet
  facet normal 0.0654031292301435 -0.9978589232386035 0
    outer loop
      vertex 84.56294749816894 6.941017104442501 31.2
      vertex 84.56294749816894 6.941017104442501 2.2
      vertex 84.69999999999999 6.95 31.2
    endloop
  endfacet
  facet normal -0.0654031292301435 -0.9978589232386035 -1.9097459543325228e-20
    outer loop
      vertex 84.83705250183104 6.941017104442501 31.2
      vertex 84.69999999999999 6.95 31.2
      vertex 84.69999999999999 6.95 2.2
    endloop
  endfacet
  facet normal -0.1950903220161203 -0.9807852804032321 0
    outer loop
      vertex 84.83705250183104 6.941017104442501 31.2
      vertex 84.83705250183104 6.941017104442501 2.2
      vertex 84.97175999735764 6.914222117603522 31.2
    endloop
  endfacet
  facet normal -0.32143946530316087 0.9469301294951059 1.2851126553852968e-20
    outer loop
      vertex 84.97175999735764 4.885777882396479 31.2
      vertex 85.10181760398333 4.929926490863149 31.2
      vertex 85.10181760398333 4.929926490863149 2.2
    endloop
  endfacet
  facet normal -0.44228869021898853 0.8968727415326946 9.43152495043542e-20
    outer loop
      vertex 85.10181760398333 4.929926490863149 31.2
      vertex 85.225 4.990673326026339 31.2
      vertex 85.225 4.990673326026339 2.2
    endloop
  endfacet
  facet normal -0.5555702330196222 0.8314696123025319 -1.8488750944879896e-19
    outer loop
      vertex 85.225 4.990673326026339 31.2
      vertex 85.33919950045915 5.066978992694203 31.2
      vertex 85.33919950045915 5.066978992694203 2.2
    endloop
  endfacet
  facet normal -0.6593458151000672 0.7518398074789789 -1.9911803170059716e-19
    outer loop
      vertex 85.33919950045915 5.066978992694203 31.2
      vertex 85.44246212024586 5.157537879754125 31.2
      vertex 85.44246212024586 5.157537879754125 2.2
    endloop
  endfacet
  facet normal -0.7518398074789596 0.659345815100089 -1.0209670442237995e-19
    outer loop
      vertex 85.44246212024586 5.157537879754125 31.2
      vertex 85.53302100730579 5.260800499540844 31.2
      vertex 85.53302100730579 5.260800499540844 2.2
    endloop
  endfacet
  facet normal -0.8314696123025439 0.5555702330196043 -5.882693857822426e-21
    outer loop
      vertex 85.53302100730579 5.260800499540844 31.2
      vertex 85.60932667397365 5.375 31.2
      vertex 85.60932667397365 5.375 2.2
    endloop
  endfacet
  facet normal -0.8968727415326998 0.442288690218978 1.2843314132725184e-20
    outer loop
      vertex 85.60932667397365 5.375 31.2
      vertex 85.67007350913684 5.498182396016656 31.2
      vertex 85.67007350913684 5.498182396016656 2.2
    endloop
  endfacet
  facet normal -0.9469301294951059 0.32143946530316087 1.2851126553852968e-20
    outer loop
      vertex 85.67007350913684 5.498182396016656 31.2
      vertex 85.71422211760351 5.628240002642354 31.2
      vertex 85.71422211760351 5.628240002642354 2.2
    endloop
  endfacet
  facet normal -0.9807852804032305 0.19509032201612772 -4.340656706857e-20
    outer loop
      vertex 85.71422211760351 5.628240002642354 31.2
      vertex 85.74101710444249 5.762947498168947 31.2
      vertex 85.74101710444249 5.762947498168947 2.2
    endloop
  endfacet
  facet normal -0.8968727415326998 -0.442288690218978 -1.2843314132725184e-20
    outer loop
      vertex 85.67007350913684 6.301817603983345 31.2
      vertex 85.60932667397365 6.425000000000001 31.2
      vertex 85.60932667397365 6.425000000000001 2.2
    endloop
  endfacet
  facet normal -0.6593458151000672 -0.7518398074789789 0
    outer loop
      vertex 85.33919950045915 6.733021007305798 31.2
      vertex 85.33919950045915 6.733021007305798 2.2
      vertex 85.44246212024586 6.642462120245876 31.2
    endloop
  endfacet
  facet normal -0.7518398074789596 -0.659345815100089 0
    outer loop
      vertex 85.44246212024586 6.642462120245876 31.2
      vertex 85.44246212024586 6.642462120245876 2.2
      vertex 85.53302100730579 6.539199500459157 31.2
    endloop
  endfacet
  facet normal -0.8314696123025439 -0.5555702330196043 5.882693857822426e-21
    outer loop
      vertex 85.60932667397365 6.425000000000001 31.2
      vertex 85.53302100730579 6.539199500459157 31.2
      vertex 85.53302100730579 6.539199500459157 2.2
    endloop
  endfacet
  facet normal -0.9978589232386057 0.06540312923010963 -1.680497468346529e-20
    outer loop
      vertex 85.74101710444249 5.762947498168947 31.2
      vertex 85.74999999999999 5.9 31.2
      vertex 85.74999999999999 5.9 2.2
    endloop
  endfacet
  facet normal -0.9978589232386057 -0.06540312923010963 1.680497468346529e-20
    outer loop
      vertex 85.74999999999999 5.9 31.2
      vertex 85.74101710444249 6.037052501831054 31.2
      vertex 85.74101710444249 6.037052501831054 2.2
    endloop
  endfacet
  facet normal -0.9807852804032305 -0.19509032201612772 4.340656706857e-20
    outer loop
      vertex 85.74101710444249 6.037052501831054 31.2
      vertex 85.71422211760351 6.171759997357647 31.2
      vertex 85.71422211760351 6.171759997357647 2.2
    endloop
  endfacet
  facet normal -0.9469301294951059 -0.32143946530316087 -1.2851126553852968e-20
    outer loop
      vertex 85.71422211760351 6.171759997357647 31.2
      vertex 85.67007350913684 6.301817603983345 31.2
      vertex 85.67007350913684 6.301817603983345 2.2
    endloop
  endfacet
  facet normal -0.32143946530316087 -0.9469301294951059 0
    outer loop
      vertex 84.97175999735764 6.914222117603522 31.2
      vertex 84.97175999735764 6.914222117603522 2.2
      vertex 85.10181760398333 6.870073509136851 31.2
    endloop
  endfacet
  facet normal -0.44228869021898853 -0.8968727415326946 -9.43152495043542e-20
    outer loop
      vertex 85.225 6.809326673973661 31.2
      vertex 85.10181760398333 6.870073509136851 31.2
      vertex 85.10181760398333 6.870073509136851 2.2
    endloop
  endfacet
  facet normal -0.5555702330196222 -0.8314696123025319 0
    outer loop
      vertex 85.225 6.809326673973661 31.2
      vertex 85.225 6.809326673973661 2.2
      vertex 85.33919950045915 6.733021007305798 31.2
    endloop
  endfacet
  facet normal 0.44228869021899964 -0.8968727415326891 0
    outer loop
      vertex 5.385496851648268 6.814503148351734 5.2
      vertex 5.385496851648268 6.814503148351734 2.2
      vertex 5.498182396016656 6.870073509136851 2.2
    endloop
  endfacet
  facet normal -0.8968727415326905 0.4422886902189968 0
    outer loop
      vertex 6.814503148351734 5.385496851648267 5.2
      vertex 6.870073509136851 5.498182396016656 2.2
      vertex 6.814503148351734 5.385496851648267 2.2
    endloop
  endfacet
  facet normal 0.32143946530316087 -0.9469301294951059 0
    outer loop
      vertex 5.628240002642354 6.914222117603522 31.2
      vertex 5.498182396016656 6.870073509136851 2.2
      vertex 5.628240002642354 6.914222117603522 2.2
    endloop
  endfacet
  facet normal 0.44228869021899964 -0.8968727415326891 -2.0243691952076358e-20
    outer loop
      vertex 5.385496851648268 6.814503148351734 5.2
      vertex 5.498182396016656 6.870073509136851 2.2
      vertex 5.498182396016656 6.870073509136851 31.2
    endloop
  endfacet
  facet normal 0.8968727415326896 0.4422886902189988 9.373782723527455e-20
    outer loop
      vertex 4.990673326026339 5.375 5.2
      vertex 4.929926490863149 5.498182396016656 5.2
      vertex 4.929926490863149 5.498182396016656 31.2
    endloop
  endfacet
  facet normal 0.9469301294951059 0.32143946530316087 -1.433394884852831e-20
    outer loop
      vertex 4.929926490863149 5.498182396016656 5.2
      vertex 4.885777882396479 5.628240002642354 5.2
      vertex 4.885777882396479 5.628240002642354 31.2
    endloop
  endfacet
  facet normal 0.9807852804032304 0.19509032201612772 4.8415017114943455e-20
    outer loop
      vertex 4.885777882396479 5.628240002642354 5.2
      vertex 4.858982895557499 5.762947498168947 5.2
      vertex 4.858982895557499 5.762947498168947 31.2
    endloop
  endfacet
  facet normal 0.5555702330196043 0.8314696123025439 6.5614662260327056e-21
    outer loop
      vertex 5.375 4.990673326026339 5.2
      vertex 5.260800499540844 5.066978992694203 5.2
      vertex 5.260800499540844 5.066978992694203 31.2
    endloop
  endfacet
  facet normal 0.7518398074789789 0.6593458151000672 0
    outer loop
      vertex 5.066978992694203 5.260800499540844 5.2
      vertex 5.066978992694203 5.260800499540844 31.2
      vertex 5.157537879754125 5.157537879754125 5.2
    endloop
  endfacet
  facet normal 0.6593458151000672 0.7518398074789789 0
    outer loop
      vertex 5.157537879754125 5.157537879754125 5.2
      vertex 5.157537879754125 5.157537879754125 31.2
      vertex 5.260800499540844 5.066978992694203 5.2
    endloop
  endfacet
  facet normal 0.4422886902189988 0.8968727415326896 0
    outer loop
      vertex 5.375 4.990673326026339 5.2
      vertex 5.375 4.990673326026339 31.2
      vertex 5.498182396016656 4.929926490863149 5.2
    endloop
  endfacet
  facet normal 0.32143946530316087 0.9469301294951059 0
    outer loop
      vertex 5.498182396016656 4.929926490863149 5.2
      vertex 5.498182396016656 4.929926490863149 31.2
      vertex 5.628240002642354 4.885777882396479 5.2
    endloop
  endfacet
  facet normal 0.8314696123025439 0.5555702330196043 6.5614662260327056e-21
    outer loop
      vertex 5.066978992694203 5.260800499540844 5.2
      vertex 4.990673326026339 5.375 5.2
      vertex 4.990673326026339 5.375 31.2
    endloop
  endfacet
  facet normal 0.9978589232386036 0.06540312923014183 2.874878857204518e-20
    outer loop
      vertex 4.858982895557499 5.762947498168947 5.2
      vertex 4.8500000000000005 5.9 5.2
      vertex 4.8500000000000005 5.9 31.2
    endloop
  endfacet
  facet normal 0.9978589232386036 -0.06540312923014183 -2.874878857204518e-20
    outer loop
      vertex 4.8500000000000005 5.9 5.2
      vertex 4.858982895557499 6.037052501831054 5.2
      vertex 4.858982895557499 6.037052501831054 31.2
    endloop
  endfacet
  facet normal 0.9807852804032304 -0.19509032201612772 -4.8415017114943455e-20
    outer loop
      vertex 4.858982895557499 6.037052501831054 5.2
      vertex 4.885777882396479 6.171759997357647 5.2
      vertex 4.885777882396479 6.171759997357647 31.2
    endloop
  endfacet
  facet normal 0.9469301294951059 -0.32143946530316087 1.433394884852831e-20
    outer loop
      vertex 4.885777882396479 6.171759997357647 5.2
      vertex 4.929926490863149 6.301817603983345 5.2
      vertex 4.929926490863149 6.301817603983345 31.2
    endloop
  endfacet
  facet normal 0.8968727415326896 -0.4422886902189988 -9.373782723527455e-20
    outer loop
      vertex 4.929926490863149 6.301817603983345 5.2
      vertex 4.990673326026339 6.425000000000001 5.2
      vertex 4.990673326026339 6.425000000000001 31.2
    endloop
  endfacet
  facet normal 0.8314696123025439 -0.5555702330196043 -6.5614662260327056e-21
    outer loop
      vertex 4.990673326026339 6.425000000000001 5.2
      vertex 5.066978992694203 6.539199500459157 5.2
      vertex 5.066978992694203 6.539199500459157 31.2
    endloop
  endfacet
  facet normal 0.7518398074789789 -0.6593458151000672 -2.2209318920451224e-19
    outer loop
      vertex 5.066978992694203 6.539199500459157 5.2
      vertex 5.157537879754125 6.642462120245876 5.2
      vertex 5.157537879754125 6.642462120245876 31.2
    endloop
  endfacet
  facet normal 0.6593458151000672 -0.7518398074789789 -2.2209318920451224e-19
    outer loop
      vertex 5.157537879754125 6.642462120245876 5.2
      vertex 5.260800499540844 6.733021007305798 5.2
      vertex 5.260800499540844 6.733021007305798 31.2
    endloop
  endfacet
  facet normal 0.5555702330196043 -0.8314696123025439 -6.5614662260327056e-21
    outer loop
      vertex 5.260800499540844 6.733021007305798 5.2
      vertex 5.375 6.809326673973661 5.2
      vertex 5.375 6.809326673973661 31.2
    endloop
  endfacet
  facet normal 0.44228869021899 -0.8968727415326939 -4.004644896998938e-21
    outer loop
      vertex 5.385496851648268 6.814503148351734 5.2
      vertex 5.375 6.809326673973661 31.2
      vertex 5.375 6.809326673973661 5.2
    endloop
  endfacet
  facet normal -0.9469301294951059 0.32143946530316087 0
    outer loop
      vertex 6.870073509136851 5.498182396016656 31.2
      vertex 6.914222117603522 5.628240002642354 2.2
      vertex 6.870073509136851 5.498182396016656 2.2
    endloop
  endfacet
  facet normal -0.9807852804032305 0.19509032201612772 0
    outer loop
      vertex 6.914222117603522 5.628240002642354 31.2
      vertex 6.941017104442501 5.762947498168947 2.2
      vertex 6.914222117603522 5.628240002642354 2.2
    endloop
  endfacet
  facet normal -0.8968727415326907 0.4422886902189966 -1.1787855133724705e-17
    outer loop
      vertex 6.814503148351734 5.385496851648267 5.2
      vertex 6.809326673973661 5.375 31.2
      vertex 6.870073509136851 5.498182396016656 2.2
    endloop
  endfacet
  facet normal -0.9978589232386036 0.06540312923014183 0
    outer loop
      vertex 6.941017104442501 5.762947498168947 31.2
      vertex 6.95 5.9 2.2
      vertex 6.941017104442501 5.762947498168947 2.2
    endloop
  endfacet
  facet normal -0.9978589232386036 -0.06540312923014183 0
    outer loop
      vertex 6.95 5.9 31.2
      vertex 6.941017104442501 6.037052501831054 2.2
      vertex 6.95 5.9 2.2
    endloop
  endfacet
  facet normal -0.9469301294951059 -0.32143946530316087 0
    outer loop
      vertex 6.914222117603522 6.171759997357647 31.2
      vertex 6.870073509136851 6.301817603983345 2.2
      vertex 6.914222117603522 6.171759997357647 2.2
    endloop
  endfacet
  facet normal -0.9807852804032305 -0.19509032201612772 0
    outer loop
      vertex 6.941017104442501 6.037052501831054 31.2
      vertex 6.914222117603522 6.171759997357647 2.2
      vertex 6.941017104442501 6.037052501831054 2.2
    endloop
  endfacet
  facet normal -0.7518398074789789 -0.6593458151000672 0
    outer loop
      vertex 6.733021007305798 6.539199500459157 31.2
      vertex 6.642462120245876 6.642462120245876 2.2
      vertex 6.733021007305798 6.539199500459157 2.2
    endloop
  endfacet
  facet normal -0.6593458151000672 -0.7518398074789789 0
    outer loop
      vertex 6.642462120245876 6.642462120245876 31.2
      vertex 6.539199500459157 6.733021007305798 2.2
      vertex 6.642462120245876 6.642462120245876 2.2
    endloop
  endfacet
  facet normal -0.8968727415326896 -0.4422886902189988 0
    outer loop
      vertex 6.870073509136851 6.301817603983345 31.2
      vertex 6.809326673973661 6.425000000000001 2.2
      vertex 6.870073509136851 6.301817603983345 2.2
    endloop
  endfacet
  facet normal -0.8314696123025439 -0.5555702330196043 0
    outer loop
      vertex 6.809326673973661 6.425000000000001 31.2
      vertex 6.733021007305798 6.539199500459157 2.2
      vertex 6.809326673973661 6.425000000000001 2.2
    endloop
  endfacet
  facet normal 0.19509032201612772 -0.9807852804032305 0
    outer loop
      vertex 5.762947498168947 6.941017104442501 31.2
      vertex 5.628240002642354 6.914222117603522 2.2
      vertex 5.762947498168947 6.941017104442501 2.2
    endloop
  endfacet
  facet normal 0.06540312923014183 -0.9978589232386036 0
    outer loop
      vertex 5.9 6.95 31.2
      vertex 5.762947498168947 6.941017104442501 2.2
      vertex 5.9 6.95 2.2
    endloop
  endfacet
  facet normal -0.06540312923014183 -0.9978589232386036 0
    outer loop
      vertex 6.037052501831054 6.941017104442501 31.2
      vertex 5.9 6.95 2.2
      vertex 6.037052501831054 6.941017104442501 2.2
    endloop
  endfacet
  facet normal -0.19509032201612772 -0.9807852804032305 0
    outer loop
      vertex 6.171759997357647 6.914222117603522 31.2
      vertex 6.037052501831054 6.941017104442501 2.2
      vertex 6.171759997357647 6.914222117603522 2.2
    endloop
  endfacet
  facet normal -0.32143946530316087 -0.9469301294951059 0
    outer loop
      vertex 6.301817603983345 6.870073509136851 31.2
      vertex 6.171759997357647 6.914222117603522 2.2
      vertex 6.301817603983345 6.870073509136851 2.2
    endloop
  endfacet
  facet normal -0.4422886902189988 -0.8968727415326896 0
    outer loop
      vertex 6.425000000000001 6.809326673973661 31.2
      vertex 6.301817603983345 6.870073509136851 2.2
      vertex 6.425000000000001 6.809326673973661 2.2
    endloop
  endfacet
  facet normal -0.5555702330196043 -0.8314696123025439 0
    outer loop
      vertex 6.539199500459157 6.733021007305798 31.2
      vertex 6.425000000000001 6.809326673973661 2.2
      vertex 6.539199500459157 6.733021007305798 2.2
    endloop
  endfacet
  facet normal 0.19509032201612772 0.9807852804032304 0
    outer loop
      vertex 5.628240002642354 4.885777882396479 5.2
      vertex 5.628240002642354 4.885777882396479 31.2
      vertex 5.762947498168947 4.858982895557499 5.2
    endloop
  endfacet
  facet normal 0.06540312923014183 0.9978589232386036 0
    outer loop
      vertex 5.762947498168947 4.858982895557499 5.2
      vertex 5.762947498168947 4.858982895557499 31.2
      vertex 5.9 4.8500000000000005 5.2
    endloop
  endfacet
  facet normal -0.06540312923014183 0.9978589232386036 0
    outer loop
      vertex 5.9 4.8500000000000005 5.2
      vertex 5.9 4.8500000000000005 31.2
      vertex 6.037052501831054 4.858982895557499 5.2
    endloop
  endfacet
  facet normal -0.19509032201612772 0.9807852804032304 0
    outer loop
      vertex 6.037052501831054 4.858982895557499 5.2
      vertex 6.037052501831054 4.858982895557499 31.2
      vertex 6.171759997357647 4.885777882396479 5.2
    endloop
  endfacet
  facet normal -0.32143946530316087 0.9469301294951059 0
    outer loop
      vertex 6.171759997357647 4.885777882396479 5.2
      vertex 6.171759997357647 4.885777882396479 31.2
      vertex 6.301817603983345 4.929926490863149 5.2
    endloop
  endfacet
  facet normal -0.4422886902189988 0.8968727415326896 0
    outer loop
      vertex 6.301817603983345 4.929926490863149 5.2
      vertex 6.301817603983345 4.929926490863149 31.2
      vertex 6.425000000000001 4.990673326026339 5.2
    endloop
  endfacet
  facet normal -0.5555702330196043 0.8314696123025439 0
    outer loop
      vertex 6.425000000000001 4.990673326026339 5.2
      vertex 6.425000000000001 4.990673326026339 31.2
      vertex 6.539199500459157 5.066978992694203 5.2
    endloop
  endfacet
  facet normal -0.6593458151000672 0.7518398074789789 0
    outer loop
      vertex 6.539199500459157 5.066978992694203 5.2
      vertex 6.539199500459157 5.066978992694203 31.2
      vertex 6.642462120245876 5.157537879754125 5.2
    endloop
  endfacet
  facet normal -0.7518398074789789 0.6593458151000672 0
    outer loop
      vertex 6.642462120245876 5.157537879754125 5.2
      vertex 6.642462120245876 5.157537879754125 31.2
      vertex 6.733021007305798 5.260800499540844 5.2
    endloop
  endfacet
  facet normal -0.8314696123025439 0.5555702330196043 0
    outer loop
      vertex 6.733021007305798 5.260800499540844 5.2
      vertex 6.733021007305798 5.260800499540844 31.2
      vertex 6.809326673973661 5.375 5.2
    endloop
  endfacet
  facet normal -0.8968727415326792 0.44228869021902006 7.333310044245916e-21
    outer loop
      vertex 6.814503148351734 5.385496851648267 5.2
      vertex 6.809326673973661 5.375 5.2
      vertex 6.809326673973661 5.375 31.2
    endloop
  endfacet
  facet normal 0.9469301294951059 0.32143946530316087 0
    outer loop
      vertex 4.929926490863149 5.498182396016656 5.2
      vertex 4.885777882396479 5.628240002642354 31.2
      vertex 4.929926490863149 5.498182396016656 31.2
    endloop
  endfacet
  facet normal 0.9807852804032304 0.19509032201612772 0
    outer loop
      vertex 4.885777882396479 5.628240002642354 5.2
      vertex 4.858982895557499 5.762947498168947 31.2
      vertex 4.885777882396479 5.628240002642354 31.2
    endloop
  endfacet
  facet normal 0.7518398074789789 0.6593458151000672 0
    outer loop
      vertex 5.157537879754125 5.157537879754125 5.2
      vertex 5.066978992694203 5.260800499540844 31.2
      vertex 5.157537879754125 5.157537879754125 31.2
    endloop
  endfacet
  facet normal 0.6593458151000672 0.7518398074789789 0
    outer loop
      vertex 5.260800499540844 5.066978992694203 5.2
      vertex 5.157537879754125 5.157537879754125 31.2
      vertex 5.260800499540844 5.066978992694203 31.2
    endloop
  endfacet
  facet normal 0.5555702330196043 0.8314696123025439 0
    outer loop
      vertex 5.375 4.990673326026339 5.2
      vertex 5.260800499540844 5.066978992694203 31.2
      vertex 5.375 4.990673326026339 31.2
    endloop
  endfacet
  facet normal 0.4422886902189988 0.8968727415326896 0
    outer loop
      vertex 5.498182396016656 4.929926490863149 5.2
      vertex 5.375 4.990673326026339 31.2
      vertex 5.498182396016656 4.929926490863149 31.2
    endloop
  endfacet
  facet normal 0.32143946530316087 0.9469301294951059 0
    outer loop
      vertex 5.628240002642354 4.885777882396479 5.2
      vertex 5.498182396016656 4.929926490863149 31.2
      vertex 5.628240002642354 4.885777882396479 31.2
    endloop
  endfacet
  facet normal 0.8314696123025439 0.5555702330196043 0
    outer loop
      vertex 5.066978992694203 5.260800499540844 5.2
      vertex 4.990673326026339 5.375 31.2
      vertex 5.066978992694203 5.260800499540844 31.2
    endloop
  endfacet
  facet normal 0.8968727415326896 0.4422886902189988 0
    outer loop
      vertex 4.990673326026339 5.375 5.2
      vertex 4.929926490863149 5.498182396016656 31.2
      vertex 4.990673326026339 5.375 31.2
    endloop
  endfacet
  facet normal 0.32143946530316087 -0.9469301294951059 0
    outer loop
      vertex 5.498182396016656 6.870073509136851 31.2
      vertex 5.498182396016656 6.870073509136851 2.2
      vertex 5.628240002642354 6.914222117603522 31.2
    endloop
  endfacet
  facet normal 0.9978589232386036 0.06540312923014183 0
    outer loop
      vertex 4.858982895557499 5.762947498168947 5.2
      vertex 4.8500000000000005 5.9 31.2
      vertex 4.858982895557499 5.762947498168947 31.2
    endloop
  endfacet
  facet normal 0.9978589232386036 -0.06540312923014183 0
    outer loop
      vertex 4.8500000000000005 5.9 5.2
      vertex 4.858982895557499 6.037052501831054 31.2
      vertex 4.8500000000000005 5.9 31.2
    endloop
  endfacet
  facet normal 0.9807852804032304 -0.19509032201612772 0
    outer loop
      vertex 4.858982895557499 6.037052501831054 5.2
      vertex 4.885777882396479 6.171759997357647 31.2
      vertex 4.858982895557499 6.037052501831054 31.2
    endloop
  endfacet
  facet normal 0.9469301294951059 -0.32143946530316087 0
    outer loop
      vertex 4.885777882396479 6.171759997357647 5.2
      vertex 4.929926490863149 6.301817603983345 31.2
      vertex 4.885777882396479 6.171759997357647 31.2
    endloop
  endfacet
  facet normal 0.8968727415326896 -0.4422886902189988 0
    outer loop
      vertex 4.929926490863149 6.301817603983345 5.2
      vertex 4.990673326026339 6.425000000000001 31.2
      vertex 4.929926490863149 6.301817603983345 31.2
    endloop
  endfacet
  facet normal 0.8314696123025439 -0.5555702330196043 0
    outer loop
      vertex 4.990673326026339 6.425000000000001 5.2
      vertex 5.066978992694203 6.539199500459157 31.2
      vertex 4.990673326026339 6.425000000000001 31.2
    endloop
  endfacet
  facet normal 0.7518398074789789 -0.6593458151000672 0
    outer loop
      vertex 5.066978992694203 6.539199500459157 5.2
      vertex 5.157537879754125 6.642462120245876 31.2
      vertex 5.066978992694203 6.539199500459157 31.2
    endloop
  endfacet
  facet normal 0.6593458151000672 -0.7518398074789789 0
    outer loop
      vertex 5.157537879754125 6.642462120245876 5.2
      vertex 5.260800499540844 6.733021007305798 31.2
      vertex 5.157537879754125 6.642462120245876 31.2
    endloop
  endfacet
  facet normal 0.5555702330196043 -0.8314696123025439 0
    outer loop
      vertex 5.260800499540844 6.733021007305798 5.2
      vertex 5.375 6.809326673973661 31.2
      vertex 5.260800499540844 6.733021007305798 31.2
    endloop
  endfacet
  facet normal 0.4422886902189988 -0.8968727415326896 4.43437567335886e-18
    outer loop
      vertex 5.385496851648268 6.814503148351734 5.2
      vertex 5.498182396016656 6.870073509136851 31.2
      vertex 5.375 6.809326673973661 31.2
    endloop
  endfacet
  facet normal -0.8968727415326896 0.4422886902189988 -8.40408106247289e-20
    outer loop
      vertex 6.809326673973661 5.375 31.2
      vertex 6.870073509136851 5.498182396016656 31.2
      vertex 6.870073509136851 5.498182396016656 2.2
    endloop
  endfacet
  facet normal -0.9469301294951059 0.32143946530316087 1.2851126553852968e-20
    outer loop
      vertex 6.870073509136851 5.498182396016656 31.2
      vertex 6.914222117603522 5.628240002642354 31.2
      vertex 6.914222117603522 5.628240002642354 2.2
    endloop
  endfacet
  facet normal -0.9807852804032305 0.19509032201612772 -4.340656706857e-20
    outer loop
      vertex 6.914222117603522 5.628240002642354 31.2
      vertex 6.941017104442501 5.762947498168947 31.2
      vertex 6.941017104442501 5.762947498168947 2.2
    endloop
  endfacet
  facet normal 0.19509032201612772 0.9807852804032304 0
    outer loop
      vertex 5.762947498168947 4.858982895557499 5.2
      vertex 5.628240002642354 4.885777882396479 31.2
      vertex 5.762947498168947 4.858982895557499 31.2
    endloop
  endfacet
  facet normal 0.06540312923014183 0.9978589232386036 0
    outer loop
      vertex 5.9 4.8500000000000005 5.2
      vertex 5.762947498168947 4.858982895557499 31.2
      vertex 5.9 4.8500000000000005 31.2
    endloop
  endfacet
  facet normal -0.06540312923014183 0.9978589232386036 0
    outer loop
      vertex 6.037052501831054 4.858982895557499 5.2
      vertex 5.9 4.8500000000000005 31.2
      vertex 6.037052501831054 4.858982895557499 31.2
    endloop
  endfacet
  facet normal -0.19509032201612772 0.9807852804032304 0
    outer loop
      vertex 6.171759997357647 4.885777882396479 5.2
      vertex 6.037052501831054 4.858982895557499 31.2
      vertex 6.171759997357647 4.885777882396479 31.2
    endloop
  endfacet
  facet normal -0.32143946530316087 0.9469301294951059 0
    outer loop
      vertex 6.301817603983345 4.929926490863149 5.2
      vertex 6.171759997357647 4.885777882396479 31.2
      vertex 6.301817603983345 4.929926490863149 31.2
    endloop
  endfacet
  facet normal -0.4422886902189988 0.8968727415326896 0
    outer loop
      vertex 6.425000000000001 4.990673326026339 5.2
      vertex 6.301817603983345 4.929926490863149 31.2
      vertex 6.425000000000001 4.990673326026339 31.2
    endloop
  endfacet
  facet normal -0.5555702330196043 0.8314696123025439 0
    outer loop
      vertex 6.539199500459157 5.066978992694203 5.2
      vertex 6.425000000000001 4.990673326026339 31.2
      vertex 6.539199500459157 5.066978992694203 31.2
    endloop
  endfacet
  facet normal -0.6593458151000672 0.7518398074789789 0
    outer loop
      vertex 6.642462120245876 5.157537879754125 5.2
      vertex 6.539199500459157 5.066978992694203 31.2
      vertex 6.642462120245876 5.157537879754125 31.2
    endloop
  endfacet
  facet normal -0.7518398074789789 0.6593458151000672 0
    outer loop
      vertex 6.733021007305798 5.260800499540844 5.2
      vertex 6.642462120245876 5.157537879754125 31.2
      vertex 6.733021007305798 5.260800499540844 31.2
    endloop
  endfacet
  facet normal -0.8314696123025439 0.5555702330196043 0
    outer loop
      vertex 6.809326673973661 5.375 5.2
      vertex 6.733021007305798 5.260800499540844 31.2
      vertex 6.809326673973661 5.375 31.2
    endloop
  endfacet
  facet normal -0.9978589232386036 0.06540312923014183 -2.5774775961143958e-20
    outer loop
      vertex 6.941017104442501 5.762947498168947 31.2
      vertex 6.95 5.9 31.2
      vertex 6.95 5.9 2.2
    endloop
  endfacet
  facet normal -0.9978589232386036 -0.06540312923014183 2.5774775961143958e-20
    outer loop
      vertex 6.95 5.9 31.2
      vertex 6.941017104442501 6.037052501831054 31.2
      vertex 6.941017104442501 6.037052501831054 2.2
    endloop
  endfacet
  facet normal -0.9807852804032305 -0.19509032201612772 0
    outer loop
      vertex 6.914222117603522 6.171759997357647 31.2
      vertex 6.914222117603522 6.171759997357647 2.2
      vertex 6.941017104442501 6.037052501831054 31.2
    endloop
  endfacet
  facet normal -0.7518398074789789 -0.6593458151000672 1.9911803170059716e-19
    outer loop
      vertex 6.733021007305798 6.539199500459157 31.2
      vertex 6.642462120245876 6.642462120245876 31.2
      vertex 6.642462120245876 6.642462120245876 2.2
    endloop
  endfacet
  facet normal -0.6593458151000672 -0.7518398074789789 0
    outer loop
      vertex 6.539199500459157 6.733021007305798 31.2
      vertex 6.539199500459157 6.733021007305798 2.2
      vertex 6.642462120245876 6.642462120245876 31.2
    endloop
  endfacet
  facet normal -0.9469301294951059 -0.32143946530316087 -1.2851126553852968e-20
    outer loop
      vertex 6.914222117603522 6.171759997357647 31.2
      vertex 6.870073509136851 6.301817603983345 31.2
      vertex 6.870073509136851 6.301817603983345 2.2
    endloop
  endfacet
  facet normal -0.8968727415326896 -0.4422886902189988 8.40408106247289e-20
    outer loop
      vertex 6.870073509136851 6.301817603983345 31.2
      vertex 6.809326673973661 6.425000000000001 31.2
      vertex 6.809326673973661 6.425000000000001 2.2
    endloop
  endfacet
  facet normal -0.8314696123025439 -0.5555702330196043 0
    outer loop
      vertex 6.733021007305798 6.539199500459157 31.2
      vertex 6.733021007305798 6.539199500459157 2.2
      vertex 6.809326673973661 6.425000000000001 31.2
    endloop
  endfacet
  facet normal 0.19509032201612772 -0.9807852804032305 0
    outer loop
      vertex 5.628240002642354 6.914222117603522 31.2
      vertex 5.628240002642354 6.914222117603522 2.2
      vertex 5.762947498168947 6.941017104442501 31.2
    endloop
  endfacet
  facet normal 0.06540312923014183 -0.9978589232386036 0
    outer loop
      vertex 5.762947498168947 6.941017104442501 31.2
      vertex 5.762947498168947 6.941017104442501 2.2
      vertex 5.9 6.95 31.2
    endloop
  endfacet
  facet normal -0.06540312923014183 -0.9978589232386036 0
    outer loop
      vertex 5.9 6.95 31.2
      vertex 5.9 6.95 2.2
      vertex 6.037052501831054 6.941017104442501 31.2
    endloop
  endfacet
  facet normal -0.19509032201612772 -0.9807852804032305 0
    outer loop
      vertex 6.037052501831054 6.941017104442501 31.2
      vertex 6.037052501831054 6.941017104442501 2.2
      vertex 6.171759997357647 6.914222117603522 31.2
    endloop
  endfacet
  facet normal -0.4422886902189988 -0.8968727415326896 0
    outer loop
      vertex 6.301817603983345 6.870073509136851 31.2
      vertex 6.301817603983345 6.870073509136851 2.2
      vertex 6.425000000000001 6.809326673973661 31.2
    endloop
  endfacet
  facet normal -0.32143946530316087 -0.9469301294951059 0
    outer loop
      vertex 6.171759997357647 6.914222117603522 31.2
      vertex 6.171759997357647 6.914222117603522 2.2
      vertex 6.301817603983345 6.870073509136851 31.2
    endloop
  endfacet
  facet normal -0.5555702330196043 -0.8314696123025439 0
    outer loop
      vertex 6.425000000000001 6.809326673973661 31.2
      vertex 6.425000000000001 6.809326673973661 2.2
      vertex 6.539199500459157 6.733021007305798 31.2
    endloop
  endfacet
  facet normal 0.442288690219048 0.8968727415326652 0
    outer loop
      vertex 5.385496851648267 54.78549685164827 5.2
      vertex 5.498182396016656 54.72992649086314 2.2
      vertex 5.385496851648267 54.78549685164827 2.2
    endloop
  endfacet
  facet normal -0.896872741532678 -0.4422886902190222 0
    outer loop
      vertex 6.814503148351733 56.214503148351724 5.2
      vertex 6.814503148351733 56.214503148351724 2.2
      vertex 6.870073509136851 56.10181760398334 2.2
    endloop
  endfacet
  facet normal 0.32143946530316087 0.9469301294951059 0
    outer loop
      vertex 5.498182396016656 54.72992649086314 31.2
      vertex 5.628240002642354 54.68577788239647 2.2
      vertex 5.498182396016656 54.72992649086314 2.2
    endloop
  endfacet
  facet normal 0.44228869021905165 0.8968727415326636 1.6902582072956311e-16
    outer loop
      vertex 5.385496851648267 54.78549685164827 5.2
      vertex 5.375 54.79067332602634 31.2
      vertex 5.498182396016656 54.72992649086314 2.2
    endloop
  endfacet
  facet normal 0.44228869021871486 0.8968727415328296 -2.5078355939167028e-21
    outer loop
      vertex 5.385496851648267 54.78549685164827 5.2
      vertex 5.375 54.79067332602634 5.2
      vertex 5.375 54.79067332602634 31.2
    endloop
  endfacet
  facet normal 0.5555702330196043 0.8314696123025439 6.5614662260327056e-21
    outer loop
      vertex 5.260800499540844 54.8669789926942 5.2
      vertex 5.375 54.79067332602634 31.2
      vertex 5.375 54.79067332602634 5.2
    endloop
  endfacet
  facet normal 0.8968727415326845 0.4422886902190091 4.978373766832945e-20
    outer loop
      vertex 4.990673326026339 55.175 5.2
      vertex 4.929926490863149 55.29818239601665 5.2
      vertex 4.929926490863149 55.29818239601665 31.2
    endloop
  endfacet
  facet normal 0.9469301294951059 0.32143946530316087 -1.433394884852831e-20
    outer loop
      vertex 4.929926490863149 55.29818239601665 5.2
      vertex 4.885777882396479 55.42824000264235 5.2
      vertex 4.885777882396479 55.42824000264235 31.2
    endloop
  endfacet
  facet normal 0.9807852804032301 0.19509032201613022 1.832901048118189e-20
    outer loop
      vertex 4.885777882396479 55.42824000264235 5.2
      vertex 4.858982895557499 55.56294749816894 5.2
      vertex 4.858982895557499 55.56294749816894 31.2
    endloop
  endfacet
  facet normal 0.9978589232386037 0.06540312923014013 1.8076165937758934e-20
    outer loop
      vertex 4.858982895557499 55.56294749816894 5.2
      vertex 4.8500000000000005 55.699999999999996 5.2
      vertex 4.8500000000000005 55.699999999999996 31.2
    endloop
  endfacet
  facet normal 0.9978589232386037 -0.06540312923014013 -1.8076165937758934e-20
    outer loop
      vertex 4.8500000000000005 55.699999999999996 5.2
      vertex 4.858982895557499 55.83705250183105 5.2
      vertex 4.858982895557499 55.83705250183105 31.2
    endloop
  endfacet
  facet normal 0.7518398074789789 0.6593458151000672 0
    outer loop
      vertex 5.066978992694203 55.06080049954084 5.2
      vertex 5.066978992694203 55.06080049954084 31.2
      vertex 5.157537879754125 54.95753787975412 5.2
    endloop
  endfacet
  facet normal 0.6593458151000597 0.7518398074789853 0
    outer loop
      vertex 5.157537879754125 54.95753787975412 5.2
      vertex 5.157537879754125 54.95753787975412 31.2
      vertex 5.260800499540844 54.8669789926942 5.2
    endloop
  endfacet
  facet normal 0.8314696123025479 0.5555702330195983 -5.999160623727623e-20
    outer loop
      vertex 5.066978992694203 55.06080049954084 5.2
      vertex 4.990673326026339 55.175 5.2
      vertex 4.990673326026339 55.175 31.2
    endloop
  endfacet
  facet normal 0.9807852804032301 -0.19509032201613022 -1.832901048118189e-20
    outer loop
      vertex 4.858982895557499 55.83705250183105 5.2
      vertex 4.885777882396479 55.971759997357644 5.2
      vertex 4.885777882396479 55.971759997357644 31.2
    endloop
  endfacet
  facet normal 0.9469301294951059 -0.32143946530316087 1.433394884852831e-20
    outer loop
      vertex 4.885777882396479 55.971759997357644 5.2
      vertex 4.929926490863149 56.10181760398334 5.2
      vertex 4.929926490863149 56.10181760398334 31.2
    endloop
  endfacet
  facet normal 0.8968727415326845 -0.4422886902190091 -4.978373766832945e-20
    outer loop
      vertex 4.929926490863149 56.10181760398334 5.2
      vertex 4.990673326026339 56.224999999999994 5.2
      vertex 4.990673326026339 56.224999999999994 31.2
    endloop
  endfacet
  facet normal 0.8314696123025479 -0.5555702330195983 5.999160623727623e-20
    outer loop
      vertex 4.990673326026339 56.224999999999994 5.2
      vertex 5.066978992694203 56.33919950045915 5.2
      vertex 5.066978992694203 56.33919950045915 31.2
    endloop
  endfacet
  facet normal 0.7518398074789789 -0.6593458151000672 -2.2209318920451224e-19
    outer loop
      vertex 5.066978992694203 56.33919950045915 5.2
      vertex 5.157537879754125 56.44246212024587 5.2
      vertex 5.157537879754125 56.44246212024587 31.2
    endloop
  endfacet
  facet normal 0.6593458151000597 -0.7518398074789853 -9.623875774425822e-20
    outer loop
      vertex 5.157537879754125 56.44246212024587 5.2
      vertex 5.260800499540844 56.53302100730579 5.2
      vertex 5.260800499540844 56.53302100730579 31.2
    endloop
  endfacet
  facet normal 0.5555702330196043 -0.8314696123025439 -6.5614662260327056e-21
    outer loop
      vertex 5.260800499540844 56.53302100730579 5.2
      vertex 5.375 56.609326673973655 5.2
      vertex 5.375 56.609326673973655 31.2
    endloop
  endfacet
  facet normal 0.4422886902190196 -0.8968727415326793 4.108880563079852e-20
    outer loop
      vertex 5.375 56.609326673973655 5.2
      vertex 5.498182396016656 56.67007350913685 5.2
      vertex 5.498182396016656 56.67007350913685 31.2
    endloop
  endfacet
  facet normal 0.32143946530316087 -0.9469301294951059 1.433394884852831e-20
    outer loop
      vertex 5.498182396016656 56.67007350913685 5.2
      vertex 5.628240002642354 56.71422211760352 5.2
      vertex 5.628240002642354 56.71422211760352 31.2
    endloop
  endfacet
  facet normal 0.19509032201612772 0.9807852804032305 0
    outer loop
      vertex 5.628240002642354 54.68577788239647 31.2
      vertex 5.762947498168947 54.65898289555749 2.2
      vertex 5.628240002642354 54.68577788239647 2.2
    endloop
  endfacet
  facet normal 0.06540312923010963 0.9978589232386057 0
    outer loop
      vertex 5.762947498168947 54.65898289555749 31.2
      vertex 5.9 54.65 2.2
      vertex 5.762947498168947 54.65898289555749 2.2
    endloop
  endfacet
  facet normal -0.06540312923010963 0.9978589232386057 0
    outer loop
      vertex 5.9 54.65 31.2
      vertex 6.037052501831054 54.65898289555749 2.2
      vertex 5.9 54.65 2.2
    endloop
  endfacet
  facet normal -0.19509032201612772 0.9807852804032305 0
    outer loop
      vertex 6.037052501831054 54.65898289555749 31.2
      vertex 6.171759997357647 54.68577788239647 2.2
      vertex 6.037052501831054 54.65898289555749 2.2
    endloop
  endfacet
  facet normal -0.32143946530316087 0.9469301294951059 0
    outer loop
      vertex 6.171759997357647 54.68577788239647 31.2
      vertex 6.301817603983345 54.72992649086314 2.2
      vertex 6.171759997357647 54.68577788239647 2.2
    endloop
  endfacet
  facet normal -0.44228869021901956 0.8968727415326793 0
    outer loop
      vertex 6.301817603983345 54.72992649086314 31.2
      vertex 6.425000000000001 54.79067332602634 2.2
      vertex 6.301817603983345 54.72992649086314 2.2
    endloop
  endfacet
  facet normal -0.5555702330196043 0.8314696123025439 0
    outer loop
      vertex 6.425000000000001 54.79067332602634 31.2
      vertex 6.539199500459157 54.8669789926942 2.2
      vertex 6.425000000000001 54.79067332602634 2.2
    endloop
  endfacet
  facet normal -0.6593458151000597 0.7518398074789853 0
    outer loop
      vertex 6.539199500459157 54.8669789926942 31.2
      vertex 6.642462120245876 54.95753787975412 2.2
      vertex 6.539199500459157 54.8669789926942 2.2
    endloop
  endfacet
  facet normal -0.7518398074789789 0.6593458151000672 0
    outer loop
      vertex 6.642462120245876 54.95753787975412 31.2
      vertex 6.733021007305798 55.06080049954084 2.2
      vertex 6.642462120245876 54.95753787975412 2.2
    endloop
  endfacet
  facet normal -0.8314696123025479 0.5555702330195983 0
    outer loop
      vertex 6.733021007305798 55.06080049954084 31.2
      vertex 6.809326673973661 55.175 2.2
      vertex 6.733021007305798 55.06080049954084 2.2
    endloop
  endfacet
  facet normal -0.8968727415326845 0.4422886902190091 0
    outer loop
      vertex 6.809326673973661 55.175 31.2
      vertex 6.870073509136851 55.29818239601665 2.2
      vertex 6.809326673973661 55.175 2.2
    endloop
  endfacet
  facet normal -0.9469301294951059 0.32143946530316087 0
    outer loop
      vertex 6.870073509136851 55.29818239601665 31.2
      vertex 6.914222117603522 55.42824000264235 2.2
      vertex 6.870073509136851 55.29818239601665 2.2
    endloop
  endfacet
  facet normal -0.9807852804032301 0.19509032201613022 0
    outer loop
      vertex 6.914222117603522 55.42824000264235 31.2
      vertex 6.941017104442501 55.56294749816894 2.2
      vertex 6.914222117603522 55.42824000264235 2.2
    endloop
  endfacet
  facet normal -0.9978589232386037 0.06540312923014013 0
    outer loop
      vertex 6.941017104442501 55.56294749816894 31.2
      vertex 6.95 55.699999999999996 2.2
      vertex 6.941017104442501 55.56294749816894 2.2
    endloop
  endfacet
  facet normal -0.9978589232386037 -0.06540312923014013 0
    outer loop
      vertex 6.95 55.699999999999996 31.2
      vertex 6.941017104442501 55.83705250183105 2.2
      vertex 6.95 55.699999999999996 2.2
    endloop
  endfacet
  facet normal -0.9469301294951059 -0.32143946530316087 0
    outer loop
      vertex 6.914222117603522 55.971759997357644 31.2
      vertex 6.870073509136851 56.10181760398334 2.2
      vertex 6.914222117603522 55.971759997357644 2.2
    endloop
  endfacet
  facet normal -0.9807852804032301 -0.19509032201613022 0
    outer loop
      vertex 6.941017104442501 55.83705250183105 31.2
      vertex 6.914222117603522 55.971759997357644 2.2
      vertex 6.941017104442501 55.83705250183105 2.2
    endloop
  endfacet
  facet normal -0.896872741532678 -0.4422886902190221 2.840856163160321e-20
    outer loop
      vertex 6.814503148351733 56.214503148351724 5.2
      vertex 6.870073509136851 56.10181760398334 2.2
      vertex 6.870073509136851 56.10181760398334 31.2
    endloop
  endfacet
  facet normal 0.19509032201612772 -0.9807852804032304 -4.8415017114943455e-20
    outer loop
      vertex 5.628240002642354 56.71422211760352 5.2
      vertex 5.762947498168947 56.7410171044425 5.2
      vertex 5.762947498168947 56.7410171044425 31.2
    endloop
  endfacet
  facet normal 0.06540312923010963 -0.9978589232386056 -1.874401022386513e-20
    outer loop
      vertex 5.762947498168947 56.7410171044425 5.2
      vertex 5.9 56.74999999999999 5.2
      vertex 5.9 56.74999999999999 31.2
    endloop
  endfacet
  facet normal -0.06540312923010963 -0.9978589232386056 1.874401022386513e-20
    outer loop
      vertex 5.9 56.74999999999999 5.2
      vertex 6.037052501831054 56.7410171044425 5.2
      vertex 6.037052501831054 56.7410171044425 31.2
    endloop
  endfacet
  facet normal -0.19509032201612772 -0.9807852804032304 4.8415017114943455e-20
    outer loop
      vertex 6.037052501831054 56.7410171044425 5.2
      vertex 6.171759997357647 56.71422211760352 5.2
      vertex 6.171759997357647 56.71422211760352 31.2
    endloop
  endfacet
  facet normal -0.32143946530316087 -0.9469301294951059 -1.433394884852831e-20
    outer loop
      vertex 6.171759997357647 56.71422211760352 5.2
      vertex 6.301817603983345 56.67007350913685 5.2
      vertex 6.301817603983345 56.67007350913685 31.2
    endloop
  endfacet
  facet normal -0.8968727415327536 -0.44228869021886863 9.235884951567887e-22
    outer loop
      vertex 6.814503148351733 56.214503148351724 5.2
      vertex 6.809326673973661 56.224999999999994 31.2
      vertex 6.809326673973661 56.224999999999994 5.2
    endloop
  endfacet
  facet normal -0.8314696123025479 -0.5555702330195983 -5.999160623727623e-20
    outer loop
      vertex 6.733021007305798 56.33919950045915 5.2
      vertex 6.809326673973661 56.224999999999994 5.2
      vertex 6.809326673973661 56.224999999999994 31.2
    endloop
  endfacet
  facet normal -0.7518398074789789 -0.6593458151000672 0
    outer loop
      vertex 6.733021007305798 56.33919950045915 5.2
      vertex 6.733021007305798 56.33919950045915 31.2
      vertex 6.642462120245876 56.44246212024587 5.2
    endloop
  endfacet
  facet normal -0.6593458151000597 -0.7518398074789853 9.623875774425822e-20
    outer loop
      vertex 6.539199500459157 56.53302100730579 5.2
      vertex 6.642462120245876 56.44246212024587 5.2
      vertex 6.642462120245876 56.44246212024587 31.2
    endloop
  endfacet
  facet normal -0.4422886902190196 -0.8968727415326793 -4.108880563079852e-20
    outer loop
      vertex 6.301817603983345 56.67007350913685 5.2
      vertex 6.425000000000001 56.609326673973655 5.2
      vertex 6.425000000000001 56.609326673973655 31.2
    endloop
  endfacet
  facet normal -0.5555702330196043 -0.8314696123025439 0
    outer loop
      vertex 6.539199500459157 56.53302100730579 5.2
      vertex 6.539199500459157 56.53302100730579 31.2
      vertex 6.425000000000001 56.609326673973655 5.2
    endloop
  endfacet
  facet normal 0.44228869021901956 0.8968727415326793 0
    outer loop
      vertex 5.498182396016656 54.72992649086314 31.2
      vertex 5.498182396016656 54.72992649086314 2.2
      vertex 5.375 54.79067332602634 31.2
    endloop
  endfacet
  facet normal 0.32143946530316087 0.9469301294951059 -1.2851126553852968e-20
    outer loop
      vertex 5.498182396016656 54.72992649086314 31.2
      vertex 5.628240002642354 54.68577788239647 31.2
      vertex 5.628240002642354 54.68577788239647 2.2
    endloop
  endfacet
  facet normal 0.5555702330196043 0.8314696123025439 0
    outer loop
      vertex 5.260800499540844 54.8669789926942 5.2
      vertex 5.260800499540844 54.8669789926942 31.2
      vertex 5.375 54.79067332602634 31.2
    endloop
  endfacet
  facet normal 0.9469301294951059 0.32143946530316087 0
    outer loop
      vertex 4.929926490863149 55.29818239601665 5.2
      vertex 4.885777882396479 55.42824000264235 31.2
      vertex 4.929926490863149 55.29818239601665 31.2
    endloop
  endfacet
  facet normal 0.9807852804032301 0.19509032201613022 0
    outer loop
      vertex 4.885777882396479 55.42824000264235 5.2
      vertex 4.858982895557499 55.56294749816894 31.2
      vertex 4.885777882396479 55.42824000264235 31.2
    endloop
  endfacet
  facet normal 0.9978589232386037 0.06540312923014013 0
    outer loop
      vertex 4.858982895557499 55.56294749816894 5.2
      vertex 4.8500000000000005 55.699999999999996 31.2
      vertex 4.858982895557499 55.56294749816894 31.2
    endloop
  endfacet
  facet normal 0.9978589232386037 -0.06540312923014013 0
    outer loop
      vertex 4.8500000000000005 55.699999999999996 5.2
      vertex 4.858982895557499 55.83705250183105 31.2
      vertex 4.8500000000000005 55.699999999999996 31.2
    endloop
  endfacet
  facet normal 0.8314696123025479 0.5555702330195983 0
    outer loop
      vertex 5.066978992694203 55.06080049954084 5.2
      vertex 4.990673326026339 55.175 31.2
      vertex 5.066978992694203 55.06080049954084 31.2
    endloop
  endfacet
  facet normal 0.7518398074789789 0.6593458151000672 0
    outer loop
      vertex 5.157537879754125 54.95753787975412 5.2
      vertex 5.066978992694203 55.06080049954084 31.2
      vertex 5.157537879754125 54.95753787975412 31.2
    endloop
  endfacet
  facet normal 0.6593458151000597 0.7518398074789853 0
    outer loop
      vertex 5.260800499540844 54.8669789926942 5.2
      vertex 5.157537879754125 54.95753787975412 31.2
      vertex 5.260800499540844 54.8669789926942 31.2
    endloop
  endfacet
  facet normal 0.8968727415326845 0.4422886902190091 0
    outer loop
      vertex 4.990673326026339 55.175 5.2
      vertex 4.929926490863149 55.29818239601665 31.2
      vertex 4.990673326026339 55.175 31.2
    endloop
  endfacet
  facet normal 0.9807852804032301 -0.19509032201613022 0
    outer loop
      vertex 4.858982895557499 55.83705250183105 5.2
      vertex 4.885777882396479 55.971759997357644 31.2
      vertex 4.858982895557499 55.83705250183105 31.2
    endloop
  endfacet
  facet normal 0.9469301294951059 -0.32143946530316087 0
    outer loop
      vertex 4.885777882396479 55.971759997357644 5.2
      vertex 4.929926490863149 56.10181760398334 31.2
      vertex 4.885777882396479 55.971759997357644 31.2
    endloop
  endfacet
  facet normal 0.8968727415326845 -0.4422886902190091 0
    outer loop
      vertex 4.929926490863149 56.10181760398334 5.2
      vertex 4.990673326026339 56.224999999999994 31.2
      vertex 4.929926490863149 56.10181760398334 31.2
    endloop
  endfacet
  facet normal 0.8314696123025479 -0.5555702330195983 0
    outer loop
      vertex 4.990673326026339 56.224999999999994 5.2
      vertex 5.066978992694203 56.33919950045915 31.2
      vertex 4.990673326026339 56.224999999999994 31.2
    endloop
  endfacet
  facet normal 0.7518398074789789 -0.6593458151000672 0
    outer loop
      vertex 5.066978992694203 56.33919950045915 5.2
      vertex 5.157537879754125 56.44246212024587 31.2
      vertex 5.066978992694203 56.33919950045915 31.2
    endloop
  endfacet
  facet normal 0.6593458151000597 -0.7518398074789853 0
    outer loop
      vertex 5.157537879754125 56.44246212024587 5.2
      vertex 5.260800499540844 56.53302100730579 31.2
      vertex 5.157537879754125 56.44246212024587 31.2
    endloop
  endfacet
  facet normal 0.5555702330196043 -0.8314696123025439 0
    outer loop
      vertex 5.260800499540844 56.53302100730579 5.2
      vertex 5.375 56.609326673973655 31.2
      vertex 5.260800499540844 56.53302100730579 31.2
    endloop
  endfacet
  facet normal 0.4422886902190196 -0.8968727415326793 0
    outer loop
      vertex 5.375 56.609326673973655 5.2
      vertex 5.498182396016656 56.67007350913685 31.2
      vertex 5.375 56.609326673973655 31.2
    endloop
  endfacet
  facet normal 0.32143946530316087 -0.9469301294951059 0
    outer loop
      vertex 5.498182396016656 56.67007350913685 5.2
      vertex 5.628240002642354 56.71422211760352 31.2
      vertex 5.498182396016656 56.67007350913685 31.2
    endloop
  endfacet
  facet normal 0.19509032201612772 0.9807852804032305 4.340656706857e-20
    outer loop
      vertex 5.628240002642354 54.68577788239647 31.2
      vertex 5.762947498168947 54.65898289555749 31.2
      vertex 5.762947498168947 54.65898289555749 2.2
    endloop
  endfacet
  facet normal 0.06540312923010963 0.9978589232386057 0
    outer loop
      vertex 5.9 54.65 31.2
      vertex 5.9 54.65 2.2
      vertex 5.762947498168947 54.65898289555749 31.2
    endloop
  endfacet
  facet normal -0.06540312923010963 0.9978589232386057 -1.680497468346529e-20
    outer loop
      vertex 5.9 54.65 31.2
      vertex 6.037052501831054 54.65898289555749 31.2
      vertex 6.037052501831054 54.65898289555749 2.2
    endloop
  endfacet
  facet normal -0.19509032201612772 0.9807852804032305 -4.340656706857e-20
    outer loop
      vertex 6.037052501831054 54.65898289555749 31.2
      vertex 6.171759997357647 54.68577788239647 31.2
      vertex 6.171759997357647 54.68577788239647 2.2
    endloop
  endfacet
  facet normal -0.32143946530316087 0.9469301294951059 1.2851126553852968e-20
    outer loop
      vertex 6.171759997357647 54.68577788239647 31.2
      vertex 6.301817603983345 54.72992649086314 31.2
      vertex 6.301817603983345 54.72992649086314 2.2
    endloop
  endfacet
  facet normal -0.44228869021901956 0.8968727415326793 3.683823953106074e-20
    outer loop
      vertex 6.301817603983345 54.72992649086314 31.2
      vertex 6.425000000000001 54.79067332602634 31.2
      vertex 6.425000000000001 54.79067332602634 2.2
    endloop
  endfacet
  facet normal -0.5555702330196043 0.8314696123025439 -5.882693857822426e-21
    outer loop
      vertex 6.425000000000001 54.79067332602634 31.2
      vertex 6.539199500459157 54.8669789926942 31.2
      vertex 6.539199500459157 54.8669789926942 2.2
    endloop
  endfacet
  facet normal -0.6593458151000597 0.7518398074789853 -8.628302418450736e-20
    outer loop
      vertex 6.539199500459157 54.8669789926942 31.2
      vertex 6.642462120245876 54.95753787975412 31.2
      vertex 6.642462120245876 54.95753787975412 2.2
    endloop
  endfacet
  facet normal -0.7518398074789789 0.6593458151000672 -1.9911803170059716e-19
    outer loop
      vertex 6.642462120245876 54.95753787975412 31.2
      vertex 6.733021007305798 55.06080049954084 31.2
      vertex 6.733021007305798 55.06080049954084 2.2
    endloop
  endfacet
  facet normal -0.8314696123025479 0.5555702330195983 5.378557800583386e-20
    outer loop
      vertex 6.733021007305798 55.06080049954084 31.2
      vertex 6.809326673973661 55.175 31.2
      vertex 6.809326673973661 55.175 2.2
    endloop
  endfacet
  facet normal -0.8968727415326845 0.4422886902190091 -4.4633695840571224e-20
    outer loop
      vertex 6.809326673973661 55.175 31.2
      vertex 6.870073509136851 55.29818239601665 31.2
      vertex 6.870073509136851 55.29818239601665 2.2
    endloop
  endfacet
  facet normal -0.9469301294951059 0.32143946530316087 1.2851126553852968e-20
    outer loop
      vertex 6.870073509136851 55.29818239601665 31.2
      vertex 6.914222117603522 55.42824000264235 31.2
      vertex 6.914222117603522 55.42824000264235 2.2
    endloop
  endfacet
  facet normal -0.9807852804032301 0.19509032201613022 -1.643290594864583e-20
    outer loop
      vertex 6.914222117603522 55.42824000264235 31.2
      vertex 6.941017104442501 55.56294749816894 31.2
      vertex 6.941017104442501 55.56294749816894 2.2
    endloop
  endfacet
  facet normal -0.9978589232386037 0.06540312923014013 -1.6206217737301112e-20
    outer loop
      vertex 6.941017104442501 55.56294749816894 31.2
      vertex 6.95 55.699999999999996 31.2
      vertex 6.95 55.699999999999996 2.2
    endloop
  endfacet
  facet normal -0.9978589232386037 -0.06540312923014013 1.6206217737301112e-20
    outer loop
      vertex 6.95 55.699999999999996 31.2
      vertex 6.941017104442501 55.83705250183105 31.2
      vertex 6.941017104442501 55.83705250183105 2.2
    endloop
  endfacet
  facet normal -0.9469301294951059 -0.32143946530316087 -1.2851126553852968e-20
    outer loop
      vertex 6.914222117603522 55.971759997357644 31.2
      vertex 6.870073509136851 56.10181760398334 31.2
      vertex 6.870073509136851 56.10181760398334 2.2
    endloop
  endfacet
  facet normal -0.9807852804032301 -0.19509032201613022 1.643290594864583e-20
    outer loop
      vertex 6.941017104442501 55.83705250183105 31.2
      vertex 6.914222117603522 55.971759997357644 31.2
      vertex 6.914222117603522 55.971759997357644 2.2
    endloop
  endfacet
  facet normal 0.19509032201612772 -0.9807852804032304 0
    outer loop
      vertex 5.628240002642354 56.71422211760352 5.2
      vertex 5.762947498168947 56.7410171044425 31.2
      vertex 5.628240002642354 56.71422211760352 31.2
    endloop
  endfacet
  facet normal 0.06540312923010963 -0.9978589232386056 0
    outer loop
      vertex 5.762947498168947 56.7410171044425 5.2
      vertex 5.9 56.74999999999999 31.2
      vertex 5.762947498168947 56.7410171044425 31.2
    endloop
  endfacet
  facet normal -0.06540312923010963 -0.9978589232386056 0
    outer loop
      vertex 5.9 56.74999999999999 5.2
      vertex 6.037052501831054 56.7410171044425 31.2
      vertex 5.9 56.74999999999999 31.2
    endloop
  endfacet
  facet normal -0.19509032201612772 -0.9807852804032304 0
    outer loop
      vertex 6.037052501831054 56.7410171044425 5.2
      vertex 6.171759997357647 56.71422211760352 31.2
      vertex 6.037052501831054 56.7410171044425 31.2
    endloop
  endfacet
  facet normal -0.4422886902190196 -0.8968727415326793 0
    outer loop
      vertex 6.301817603983345 56.67007350913685 5.2
      vertex 6.425000000000001 56.609326673973655 31.2
      vertex 6.301817603983345 56.67007350913685 31.2
    endloop
  endfacet
  facet normal -0.32143946530316087 -0.9469301294951059 0
    outer loop
      vertex 6.171759997357647 56.71422211760352 5.2
      vertex 6.301817603983345 56.67007350913685 31.2
      vertex 6.171759997357647 56.71422211760352 31.2
    endloop
  endfacet
  facet normal -0.8968727415326845 -0.4422886902190091 7.046231925741119e-17
    outer loop
      vertex 6.814503148351733 56.214503148351724 5.2
      vertex 6.870073509136851 56.10181760398334 31.2
      vertex 6.809326673973661 56.224999999999994 31.2
    endloop
  endfacet
  facet normal -0.8314696123025479 -0.5555702330195983 0
    outer loop
      vertex 6.733021007305798 56.33919950045915 5.2
      vertex 6.809326673973661 56.224999999999994 31.2
      vertex 6.733021007305798 56.33919950045915 31.2
    endloop
  endfacet
  facet normal -0.7518398074789789 -0.6593458151000672 0
    outer loop
      vertex 6.642462120245876 56.44246212024587 5.2
      vertex 6.733021007305798 56.33919950045915 31.2
      vertex 6.642462120245876 56.44246212024587 31.2
    endloop
  endfacet
  facet normal -0.6593458151000597 -0.7518398074789853 0
    outer loop
      vertex 6.539199500459157 56.53302100730579 5.2
      vertex 6.642462120245876 56.44246212024587 31.2
      vertex 6.539199500459157 56.53302100730579 31.2
    endloop
  endfacet
  facet normal -0.5555702330196043 -0.8314696123025439 0
    outer loop
      vertex 6.425000000000001 56.609326673973655 5.2
      vertex 6.539199500459157 56.53302100730579 31.2
      vertex 6.425000000000001 56.609326673973655 31.2
    endloop
  endfacet
endsolid OpenSCAD_Model
