solid OpenSCAD_Model
  facet normal 0 0 1
    outer loop
      vertex 25.904999999999994 12.079999999999998 8
      vertex 33.904999999999994 14.279999999999998 8
      vertex 25.904999999999994 14.279999999999998 8
    endloop
  endfacet
  facet normal 0 0 1
    outer loop
      vertex 25.904999999999994 12.079999999999998 8
      vertex 33.904999999999994 12.079999999999998 8
      vertex 33.904999999999994 14.279999999999998 8
    endloop
  endfacet
  facet normal 1 0 0
    outer loop
      vertex 25.904999999999994 12.079999999999998 8
      vertex 25.904999999999994 14.279999999999998 8
      vertex 25.904999999999994 12.079999999999998 10
    endloop
  endfacet
  facet normal 1 0 0
    outer loop
      vertex 25.904999999999994 14.279999999999998 8
      vertex 25.904999999999994 14.279999999999998 10
      vertex 25.904999999999994 12.079999999999998 10
    endloop
  endfacet
  facet normal -1 0 0
    outer loop
      vertex 33.904999999999994 12.079999999999998 8
      vertex 33.904999999999994 14.279999999999998 10
      vertex 33.904999999999994 14.279999999999998 8
    endloop
  endfacet
  facet normal -1 0 0
    outer loop
      vertex 33.904999999999994 12.079999999999998 8
      vertex 33.904999999999994 12.079999999999998 10
      vertex 33.904999999999994 14.279999999999998 10
    endloop
  endfacet
  facet normal 0 0 -1
    outer loop
      vertex 25.904999999999994 12.079999999999998 10
      vertex 25.904999999999994 14.279999999999998 10
      vertex 33.904999999999994 12.079999999999998 10
    endloop
  endfacet
  facet normal 0 0 -1
    outer loop
      vertex 25.904999999999994 14.279999999999998 10
      vertex 33.904999999999994 14.279999999999998 10
      vertex 33.904999999999994 12.079999999999998 10
    endloop
  endfacet
  facet normal 0 0 1
    outer loop
      vertex 25.904999999999994 57.5 8
      vertex 33.904999999999994 59.599999999999994 8
      vertex 25.904999999999994 59.599999999999994 8
    endloop
  endfacet
  facet normal 0 0 1
    outer loop
      vertex 25.904999999999994 57.5 8
      vertex 33.904999999999994 57.5 8
      vertex 33.904999999999994 59.599999999999994 8
    endloop
  endfacet
  facet normal 1 0 0
    outer loop
      vertex 25.904999999999994 57.5 8
      vertex 25.904999999999994 59.599999999999994 8
      vertex 25.904999999999994 57.5 10
    endloop
  endfacet
  facet normal 1 0 0
    outer loop
      vertex 25.904999999999994 59.599999999999994 8
      vertex 25.904999999999994 59.599999999999994 10
      vertex 25.904999999999994 57.5 10
    endloop
  endfacet
  facet normal 0 1 0
    outer loop
      vertex 25.904999999999994 57.5 8
      vertex 33.904999999999994 57.5 10
      vertex 33.904999999999994 57.5 8
    endloop
  endfacet
  facet normal 0 1 0
    outer loop
      vertex 25.904999999999994 57.5 8
      vertex 25.904999999999994 57.5 10
      vertex 33.904999999999994 57.5 10
    endloop
  endfacet
  facet normal -1 0 0
    outer loop
      vertex 33.904999999999994 57.5 8
      vertex 33.904999999999994 59.599999999999994 10
      vertex 33.904999999999994 59.599999999999994 8
    endloop
  endfacet
  facet normal -1 0 0
    outer loop
      vertex 33.904999999999994 57.5 8
      vertex 33.904999999999994 57.5 10
      vertex 33.904999999999994 59.599999999999994 10
    endloop
  endfacet
  facet normal 0 0 -1
    outer loop
      vertex 25.904999999999994 57.5 10
      vertex 25.904999999999994 59.599999999999994 10
      vertex 33.904999999999994 57.5 10
    endloop
  endfacet
  facet normal 0 0 -1
    outer loop
      vertex 25.904999999999994 59.599999999999994 10
      vertex 33.904999999999994 59.599999999999994 10
      vertex 33.904999999999994 57.5 10
    endloop
  endfacet
  facet normal 0 0 1
    outer loop
      vertex 60.815999999999995 12.079999999999998 8
      vertex 68.81599999999999 14.279999999999998 8
      vertex 60.815999999999995 14.279999999999998 8
    endloop
  endfacet
  facet normal 0 0 1
    outer loop
      vertex 60.815999999999995 12.079999999999998 8
      vertex 68.81599999999999 12.079999999999998 8
      vertex 68.81599999999999 14.279999999999998 8
    endloop
  endfacet
  facet normal 1 0 0
    outer loop
      vertex 60.815999999999995 12.079999999999998 8
      vertex 60.815999999999995 14.279999999999998 8
      vertex 60.815999999999995 12.079999999999998 10
    endloop
  endfacet
  facet normal 1 0 0
    outer loop
      vertex 60.815999999999995 14.279999999999998 8
      vertex 60.815999999999995 14.279999999999998 10
      vertex 60.815999999999995 12.079999999999998 10
    endloop
  endfacet
  facet normal 0 0 -1
    outer loop
      vertex 60.815999999999995 12.079999999999998 10
      vertex 60.815999999999995 14.279999999999998 10
      vertex 68.81599999999999 12.079999999999998 10
    endloop
  endfacet
  facet normal 0 0 -1
    outer loop
      vertex 60.815999999999995 14.279999999999998 10
      vertex 68.81599999999999 14.279999999999998 10
      vertex 68.81599999999999 12.079999999999998 10
    endloop
  endfacet
  facet normal -1 0 0
    outer loop
      vertex 68.81599999999999 12.079999999999998 8
      vertex 68.81599999999999 14.279999999999998 10
      vertex 68.81599999999999 14.279999999999998 8
    endloop
  endfacet
  facet normal -1 0 0
    outer loop
      vertex 68.81599999999999 12.079999999999998 8
      vertex 68.81599999999999 12.079999999999998 10
      vertex 68.81599999999999 14.279999999999998 10
    endloop
  endfacet
  facet normal 0 0 1
    outer loop
      vertex 60.815999999999995 57.5 8
      vertex 68.81599999999999 59.599999999999994 8
      vertex 60.815999999999995 59.599999999999994 8
    endloop
  endfacet
  facet normal 0 0 1
    outer loop
      vertex 60.815999999999995 57.5 8
      vertex 68.81599999999999 57.5 8
      vertex 68.81599999999999 59.599999999999994 8
    endloop
  endfacet
  facet normal 1 0 0
    outer loop
      vertex 60.815999999999995 57.5 8
      vertex 60.815999999999995 59.599999999999994 8
      vertex 60.815999999999995 57.5 10
    endloop
  endfacet
  facet normal 1 0 0
    outer loop
      vertex 60.815999999999995 59.599999999999994 8
      vertex 60.815999999999995 59.599999999999994 10
      vertex 60.815999999999995 57.5 10
    endloop
  endfacet
  facet normal 0 1 0
    outer loop
      vertex 60.815999999999995 57.5 8
      vertex 68.81599999999999 57.5 10
      vertex 68.81599999999999 57.5 8
    endloop
  endfacet
  facet normal 0 1 0
    outer loop
      vertex 60.815999999999995 57.5 8
      vertex 60.815999999999995 57.5 10
      vertex 68.81599999999999 57.5 10
    endloop
  endfacet
  facet normal 0 0 -1
    outer loop
      vertex 60.815999999999995 57.5 10
      vertex 60.815999999999995 59.599999999999994 10
      vertex 68.81599999999999 57.5 10
    endloop
  endfacet
  facet normal 0 0 -1
    outer loop
      vertex 60.815999999999995 59.599999999999994 10
      vertex 68.81599999999999 59.599999999999994 10
      vertex 68.81599999999999 57.5 10
    endloop
  endfacet
  facet normal -1 0 0
    outer loop
      vertex 68.81599999999999 57.5 8
      vertex 68.81599999999999 59.599999999999994 10
      vertex 68.81599999999999 59.599999999999994 8
    endloop
  endfacet
  facet normal -1 0 0
    outer loop
      vertex 68.81599999999999 57.5 8
      vertex 68.81599999999999 57.5 10
      vertex 68.81599999999999 59.599999999999994 10
    endloop
  endfacet
  facet normal 0 -1 0
    outer loop
      vertex 4.309999999999991 12.079999999999998 2.5
      vertex 33.904999999999994 12.079999999999998 8
      vertex 25.904999999999994 12.079999999999998 8
    endloop
  endfacet
  facet normal 0 -1 0
    outer loop
      vertex 4.309999999999991 12.079999999999998 2.5
      vertex 25.904999999999994 12.079999999999998 8
      vertex 4.309999999999991 12.079999999999998 11
    endloop
  endfacet
  facet normal 0 -1 0
    outer loop
      vertex 4.309999999999991 12.079999999999998 11
      vertex 25.904999999999994 12.079999999999998 8
      vertex 25.904999999999994 12.079999999999998 10
    endloop
  endfacet
  facet normal -1 0 0
    outer loop
      vertex 4.309999999999991 12.079999999999998 2.5
      vertex 4.309999999999991 12.079999999999998 11
      vertex 4.309999999999991 59.599999999999994 11
    endloop
  endfacet
  facet normal 0 0 1
    outer loop
      vertex 4.309999999999991 12.079999999999998 11
      vertex 6.509999999999991 14.279999999999998 11
      vertex 6.509999999999991 57.4 11
    endloop
  endfacet
  facet normal 0 -1 0
    outer loop
      vertex 4.309999999999991 12.079999999999998 2.5
      vertex 60.815999999999995 12.079999999999998 10
      vertex 33.904999999999994 12.079999999999998 8
    endloop
  endfacet
  facet normal 0 -1 0
    outer loop
      vertex 4.309999999999991 12.079999999999998 2.5
      vertex 68.81599999999999 12.079999999999998 8
      vertex 60.815999999999995 12.079999999999998 8
    endloop
  endfacet
  facet normal 0 -1 0
    outer loop
      vertex 4.309999999999991 12.079999999999998 2.5
      vertex 60.815999999999995 12.079999999999998 8
      vertex 60.815999999999995 12.079999999999998 10
    endloop
  endfacet
  facet normal 0 0 1
    outer loop
      vertex 4.309999999999991 12.079999999999998 11
      vertex 86.29 12.079999999999998 11
      vertex 6.509999999999991 14.279999999999998 11
    endloop
  endfacet
  facet normal 0 -1 0
    outer loop
      vertex 33.904999999999994 12.079999999999998 8
      vertex 60.815999999999995 12.079999999999998 10
      vertex 33.904999999999994 12.079999999999998 10
    endloop
  endfacet
  facet normal 0 -1 0
    outer loop
      vertex 4.309999999999991 12.079999999999998 11
      vertex 25.904999999999994 12.079999999999998 10
      vertex 86.29 12.079999999999998 11
    endloop
  endfacet
  facet normal -1 0 0
    outer loop
      vertex 4.309999999999991 12.079999999999998 2.5
      vertex 4.309999999999991 59.599999999999994 11
      vertex 4.309999999999991 59.599999999999994 2.5
    endloop
  endfacet
  facet normal 0 1 0
    outer loop
      vertex 4.309999999999991 59.599999999999994 2.5
      vertex 25.904999999999994 59.599999999999994 8
      vertex 86.29 59.599999999999994 2.5
    endloop
  endfacet
  facet normal 0 0 1
    outer loop
      vertex 4.309999999999991 12.079999999999998 11
      vertex 6.509999999999991 57.4 11
      vertex 4.309999999999991 59.599999999999994 11
    endloop
  endfacet
  facet normal 0 1 0
    outer loop
      vertex 4.309999999999991 59.599999999999994 2.5
      vertex 4.309999999999991 59.599999999999994 11
      vertex 25.904999999999994 59.599999999999994 8
    endloop
  endfacet
  facet normal 0 1 0
    outer loop
      vertex 4.309999999999991 59.599999999999994 11
      vertex 25.904999999999994 59.599999999999994 10
      vertex 25.904999999999994 59.599999999999994 8
    endloop
  endfacet
  facet normal 0 0 1
    outer loop
      vertex 4.309999999999991 59.599999999999994 11
      vertex 6.509999999999991 57.4 11
      vertex 84.09 57.4 11
    endloop
  endfacet
  facet normal 0 1 0
    outer loop
      vertex 33.904999999999994 59.599999999999994 8
      vertex 33.904999999999994 59.599999999999994 10
      vertex 60.815999999999995 59.599999999999994 8
    endloop
  endfacet
  facet normal 0 1 0
    outer loop
      vertex 4.309999999999991 59.599999999999994 11
      vertex 86.29 59.599999999999994 11
      vertex 25.904999999999994 59.599999999999994 10
    endloop
  endfacet
  facet normal 0 -1 0
    outer loop
      vertex 4.309999999999991 12.079999999999998 2.5
      vertex 86.29 12.079999999999998 2.5
      vertex 68.81599999999999 12.079999999999998 8
    endloop
  endfacet
  facet normal 1 0 0
    outer loop
      vertex 86.29 12.079999999999998 2.5
      vertex 86.29 59.599999999999994 2.5
      vertex 86.29 12.079999999999998 11
    endloop
  endfacet
  facet normal 0 -1 0
    outer loop
      vertex 25.904999999999994 12.079999999999998 10
      vertex 33.904999999999994 12.079999999999998 10
      vertex 86.29 12.079999999999998 11
    endloop
  endfacet
  facet normal 0 0 1
    outer loop
      vertex 6.509999999999991 14.279999999999998 11
      vertex 86.29 12.079999999999998 11
      vertex 84.09 14.279999999999998 11
    endloop
  endfacet
  facet normal 0 -1 0
    outer loop
      vertex 33.904999999999994 12.079999999999998 10
      vertex 60.815999999999995 12.079999999999998 10
      vertex 86.29 12.079999999999998 11
    endloop
  endfacet
  facet normal 0 -1 0
    outer loop
      vertex 86.29 12.079999999999998 2.5
      vertex 86.29 12.079999999999998 11
      vertex 68.81599999999999 12.079999999999998 8
    endloop
  endfacet
  facet normal 0 -1 0
    outer loop
      vertex 60.815999999999995 12.079999999999998 10
      vertex 68.81599999999999 12.079999999999998 10
      vertex 86.29 12.079999999999998 11
    endloop
  endfacet
  facet normal 0 -1 0
    outer loop
      vertex 68.81599999999999 12.079999999999998 8
      vertex 86.29 12.079999999999998 11
      vertex 68.81599999999999 12.079999999999998 10
    endloop
  endfacet
  facet normal 0 0 1
    outer loop
      vertex 84.09 14.279999999999998 11
      vertex 86.29 12.079999999999998 11
      vertex 84.09 57.4 11
    endloop
  endfacet
  facet normal 0 1 0
    outer loop
      vertex 25.904999999999994 59.599999999999994 8
      vertex 33.904999999999994 59.599999999999994 8
      vertex 86.29 59.599999999999994 2.5
    endloop
  endfacet
  facet normal 0 1 0
    outer loop
      vertex 33.904999999999994 59.599999999999994 8
      vertex 60.815999999999995 59.599999999999994 8
      vertex 86.29 59.599999999999994 2.5
    endloop
  endfacet
  facet normal 0 1 0
    outer loop
      vertex 33.904999999999994 59.599999999999994 10
      vertex 60.815999999999995 59.599999999999994 10
      vertex 60.815999999999995 59.599999999999994 8
    endloop
  endfacet
  facet normal 0 1 0
    outer loop
      vertex 25.904999999999994 59.599999999999994 10
      vertex 86.29 59.599999999999994 11
      vertex 33.904999999999994 59.599999999999994 10
    endloop
  endfacet
  facet normal 0 0 1
    outer loop
      vertex 4.309999999999991 59.599999999999994 11
      vertex 84.09 57.4 11
      vertex 86.29 59.599999999999994 11
    endloop
  endfacet
  facet normal 0 1 0
    outer loop
      vertex 33.904999999999994 59.599999999999994 10
      vertex 86.29 59.599999999999994 11
      vertex 60.815999999999995 59.599999999999994 10
    endloop
  endfacet
  facet normal 1 0 0
    outer loop
      vertex 86.29 12.079999999999998 11
      vertex 86.29 59.599999999999994 2.5
      vertex 86.29 59.599999999999994 11
    endloop
  endfacet
  facet normal 0 0 1
    outer loop
      vertex 86.29 12.079999999999998 11
      vertex 86.29 59.599999999999994 11
      vertex 84.09 57.4 11
    endloop
  endfacet
  facet normal 0 1 0
    outer loop
      vertex 86.29 59.599999999999994 2.5
      vertex 60.815999999999995 59.599999999999994 8
      vertex 68.81599999999999 59.599999999999994 8
    endloop
  endfacet
  facet normal 0 1 0
    outer loop
      vertex 86.29 59.599999999999994 2.5
      vertex 68.81599999999999 59.599999999999994 8
      vertex 68.81599999999999 59.599999999999994 10
    endloop
  endfacet
  facet normal 0 1 0
    outer loop
      vertex 86.29 59.599999999999994 2.5
      vertex 68.81599999999999 59.599999999999994 10
      vertex 86.29 59.599999999999994 11
    endloop
  endfacet
  facet normal 0 1 0
    outer loop
      vertex 60.815999999999995 59.599999999999994 10
      vertex 86.29 59.599999999999994 11
      vertex 68.81599999999999 59.599999999999994 10
    endloop
  endfacet
  facet normal 0 1 0
    outer loop
      vertex 6.509999999999991 14.279999999999998 2.5
      vertex 25.904999999999994 14.279999999999998 8
      vertex 33.904999999999994 14.279999999999998 8
    endloop
  endfacet
  facet normal 0 1 0
    outer loop
      vertex 6.509999999999991 14.279999999999998 2.5
      vertex 6.509999999999991 14.279999999999998 11
      vertex 25.904999999999994 14.279999999999998 8
    endloop
  endfacet
  facet normal 0 1 0
    outer loop
      vertex 6.509999999999991 14.279999999999998 11
      vertex 25.904999999999994 14.279999999999998 10
      vertex 25.904999999999994 14.279999999999998 8
    endloop
  endfacet
  facet normal 0 1 0
    outer loop
      vertex 6.509999999999991 14.279999999999998 11
      vertex 33.904999999999994 14.279999999999998 10
      vertex 25.904999999999994 14.279999999999998 10
    endloop
  endfacet
  facet normal 1 0 0
    outer loop
      vertex 6.509999999999991 14.279999999999998 2.5
      vertex 6.509999999999991 57.4 11
      vertex 6.509999999999991 14.279999999999998 11
    endloop
  endfacet
  facet normal 0 1 0
    outer loop
      vertex 6.509999999999991 14.279999999999998 2.5
      vertex 33.904999999999994 14.279999999999998 8
      vertex 60.815999999999995 14.279999999999998 8
    endloop
  endfacet
  facet normal 0 1 0
    outer loop
      vertex 6.509999999999991 14.279999999999998 11
      vertex 60.815999999999995 14.279999999999998 10
      vertex 33.904999999999994 14.279999999999998 10
    endloop
  endfacet
  facet normal 0 1 0
    outer loop
      vertex 33.904999999999994 14.279999999999998 8
      vertex 33.904999999999994 14.279999999999998 10
      vertex 60.815999999999995 14.279999999999998 8
    endloop
  endfacet
  facet normal 1 0 0
    outer loop
      vertex 6.509999999999991 14.279999999999998 2.5
      vertex 6.509999999999991 54.33192153467895 2.5
      vertex 6.509999999999991 54.33192153467895 2.6
    endloop
  endfacet
  facet normal 1 0 0
    outer loop
      vertex 6.509999999999991 14.279999999999998 2.5
      vertex 6.509999999999991 54.33192153467895 2.6
      vertex 6.509999999999991 57.4 11
    endloop
  endfacet
  facet normal 1 0 0
    outer loop
      vertex 6.509999999999991 57.4 2.5
      vertex 6.509999999999991 57.068078465321044 2.6
      vertex 6.509999999999991 57.068078465321044 2.5
    endloop
  endfacet
  facet normal 1 0 0
    outer loop
      vertex 6.509999999999991 57.4 11
      vertex 6.509999999999991 54.33192153467895 2.6
      vertex 6.509999999999991 57.068078465321044 2.6
    endloop
  endfacet
  facet normal 1 0 0
    outer loop
      vertex 6.509999999999991 57.4 2.5
      vertex 6.509999999999991 57.4 11
      vertex 6.509999999999991 57.068078465321044 2.6
    endloop
  endfacet
  facet normal 0 -1 0
    outer loop
      vertex 6.509999999999991 57.4 2.5
      vertex 84.09 57.4 11
      vertex 6.509999999999991 57.4 11
    endloop
  endfacet
  facet normal 0 1 0
    outer loop
      vertex 6.509999999999991 14.279999999999998 2.5
      vertex 68.81599999999999 14.279999999999998 8
      vertex 84.09 14.279999999999998 2.5
    endloop
  endfacet
  facet normal -1 0 0
    outer loop
      vertex 84.09 14.279999999999998 2.5
      vertex 84.09 14.279999999999998 11
      vertex 84.09 54.33192153467895 2.6
    endloop
  endfacet
  facet normal 0 1 0
    outer loop
      vertex 6.509999999999991 14.279999999999998 2.5
      vertex 60.815999999999995 14.279999999999998 8
      vertex 68.81599999999999 14.279999999999998 8
    endloop
  endfacet
  facet normal 0 1 0
    outer loop
      vertex 33.904999999999994 14.279999999999998 10
      vertex 60.815999999999995 14.279999999999998 10
      vertex 60.815999999999995 14.279999999999998 8
    endloop
  endfacet
  facet normal 0 1 0
    outer loop
      vertex 6.509999999999991 14.279999999999998 11
      vertex 68.81599999999999 14.279999999999998 10
      vertex 60.815999999999995 14.279999999999998 10
    endloop
  endfacet
  facet normal 0 1 0
    outer loop
      vertex 6.509999999999991 14.279999999999998 11
      vertex 84.09 14.279999999999998 11
      vertex 68.81599999999999 14.279999999999998 10
    endloop
  endfacet
  facet normal 0 1 0
    outer loop
      vertex 84.09 14.279999999999998 2.5
      vertex 68.81599999999999 14.279999999999998 8
      vertex 68.81599999999999 14.279999999999998 10
    endloop
  endfacet
  facet normal 0 1 0
    outer loop
      vertex 84.09 14.279999999999998 2.5
      vertex 68.81599999999999 14.279999999999998 10
      vertex 84.09 14.279999999999998 11
    endloop
  endfacet
  facet normal 0 -1 0
    outer loop
      vertex 6.509999999999991 57.4 2.5
      vertex 84.09 57.4 2.5
      vertex 84.09 57.4 11
    endloop
  endfacet
  facet normal -1 0 0
    outer loop
      vertex 84.09 14.279999999999998 2.5
      vertex 84.09 54.33192153467895 2.6
      vertex 84.09 54.33192153467895 2.5
    endloop
  endfacet
  facet normal -1 0 0
    outer loop
      vertex 84.09 57.4 2.5
      vertex 84.09 57.068078465321044 2.5
      vertex 84.09 57.068078465321044 2.6
    endloop
  endfacet
  facet normal -1 0 0
    outer loop
      vertex 84.09 57.4 11
      vertex 84.09 57.068078465321044 2.6
      vertex 84.09 54.33192153467895 2.6
    endloop
  endfacet
  facet normal -1 0 0
    outer loop
      vertex 84.09 57.4 2.5
      vertex 84.09 57.068078465321044 2.6
      vertex 84.09 57.4 11
    endloop
  endfacet
  facet normal -1 0 0
    outer loop
      vertex 84.09 14.279999999999998 11
      vertex 84.09 57.4 11
      vertex 84.09 54.33192153467895 2.6
    endloop
  endfacet
  facet normal 0 0 -1
    outer loop
      vertex 0 0 0
      vertex 4.709969989563147 4.986857856486919 0
      vertex 4.839339828220179 4.839339828220179 0
    endloop
  endfacet
  facet normal 0 0 -1
    outer loop
      vertex 0 0 0
      vertex 4.986857856486919 4.709969989563147 0
      vertex 5.15 4.600961894323342 0
    endloop
  endfacet
  facet normal 0 0 -1
    outer loop
      vertex 0 0 0
      vertex 5.15 4.600961894323342 0
      vertex 5.325974851452366 4.51418070123307 0
    endloop
  endfacet
  facet normal 0 0 -1
    outer loop
      vertex 0 0 0
      vertex 4.839339828220179 4.839339828220179 0
      vertex 4.986857856486919 4.709969989563147 0
    endloop
  endfacet
  facet normal 0 0 -1
    outer loop
      vertex 0 0 0
      vertex 4.600961894323342 5.15 0
      vertex 4.709969989563147 4.986857856486919 0
    endloop
  endfacet
  facet normal 0 0 -1
    outer loop
      vertex 0 0 0
      vertex 4.51418070123307 5.325974851452366 0
      vertex 4.600961894323342 5.15 0
    endloop
  endfacet
  facet normal 0 0 -1
    outer loop
      vertex 0 0 0
      vertex 4.451111260566398 5.511771432346219 0
      vertex 4.51418070123307 5.325974851452366 0
    endloop
  endfacet
  facet normal 0 0 -1
    outer loop
      vertex 0 0 0
      vertex 4.412832707939285 5.704210711669923 0
      vertex 4.451111260566398 5.511771432346219 0
    endloop
  endfacet
  facet normal 0 0 -1
    outer loop
      vertex 0 0 0
      vertex 5.325974851452366 4.51418070123307 0
      vertex 5.511771432346219 4.451111260566398 0
    endloop
  endfacet
  facet normal 0 0 -1
    outer loop
      vertex 0 0 0
      vertex 5.511771432346219 4.451111260566398 0
      vertex 5.704210711669923 4.412832707939285 0
    endloop
  endfacet
  facet normal 0 0 -1
    outer loop
      vertex 0 0 0
      vertex 5.704210711669923 4.412832707939285 0
      vertex 5.9 4.4 0
    endloop
  endfacet
  facet normal 0 0 -1
    outer loop
      vertex 0 0 0
      vertex 5.9 4.4 0
      vertex 6.095789288330078 4.412832707939285 0
    endloop
  endfacet
  facet normal 0 0 -1
    outer loop
      vertex 0 0 0
      vertex 6.095789288330078 4.412832707939285 0
      vertex 6.288228567653782 4.451111260566398 0
    endloop
  endfacet
  facet normal 0 0 -1
    outer loop
      vertex 0 0 0
      vertex 6.288228567653782 4.451111260566398 0
      vertex 6.474025148547635 4.51418070123307 0
    endloop
  endfacet
  facet normal 0 0 -1
    outer loop
      vertex 0 0 0
      vertex 6.474025148547635 4.51418070123307 0
      vertex 6.65 4.600961894323342 0
    endloop
  endfacet
  facet normal 0 0 -1
    outer loop
      vertex 0 0 0
      vertex 6.65 4.600961894323342 0
      vertex 6.8131421435130815 4.709969989563147 0
    endloop
  endfacet
  facet normal 0 0 -1
    outer loop
      vertex 0 0 0
      vertex 4.4 5.9 0
      vertex 4.412832707939285 5.704210711669923 0
    endloop
  endfacet
  facet normal 0 0 1
    outer loop
      vertex 0 0 2.5
      vertex 4.839339828220179 4.839339828220179 2.5
      vertex 4.709969989563147 4.986857856486919 2.5
    endloop
  endfacet
  facet normal 0 0 1
    outer loop
      vertex 0 0 2.5
      vertex 5.15 4.600961894323342 2.5
      vertex 4.986857856486919 4.709969989563147 2.5
    endloop
  endfacet
  facet normal 0 0 1
    outer loop
      vertex 0 0 2.5
      vertex 5.325974851452366 4.51418070123307 2.5
      vertex 5.15 4.600961894323342 2.5
    endloop
  endfacet
  facet normal 0 0 1
    outer loop
      vertex 0 0 2.5
      vertex 4.986857856486919 4.709969989563147 2.5
      vertex 4.839339828220179 4.839339828220179 2.5
    endloop
  endfacet
  facet normal 0 0 1
    outer loop
      vertex 0 0 2.5
      vertex 4.709969989563147 4.986857856486919 2.5
      vertex 4.600961894323342 5.15 2.5
    endloop
  endfacet
  facet normal 0 0 1
    outer loop
      vertex 0 0 2.5
      vertex 4.600961894323342 5.15 2.5
      vertex 4.51418070123307 5.325974851452366 2.5
    endloop
  endfacet
  facet normal 0 0 1
    outer loop
      vertex 0 0 2.5
      vertex 4.51418070123307 5.325974851452366 2.5
      vertex 4.451111260566398 5.511771432346219 2.5
    endloop
  endfacet
  facet normal 0 0 1
    outer loop
      vertex 0 0 2.5
      vertex 4.451111260566398 5.511771432346219 2.5
      vertex 4.412832707939285 5.704210711669923 2.5
    endloop
  endfacet
  facet normal 0 0 1
    outer loop
      vertex 0 0 2.5
      vertex 5.511771432346219 4.451111260566398 2.5
      vertex 5.325974851452366 4.51418070123307 2.5
    endloop
  endfacet
  facet normal 0 0 1
    outer loop
      vertex 0 0 2.5
      vertex 5.704210711669923 4.412832707939285 2.5
      vertex 5.511771432346219 4.451111260566398 2.5
    endloop
  endfacet
  facet normal 0 0 1
    outer loop
      vertex 0 0 2.5
      vertex 5.9 4.4 2.5
      vertex 5.704210711669923 4.412832707939285 2.5
    endloop
  endfacet
  facet normal 0 0 1
    outer loop
      vertex 0 0 2.5
      vertex 6.095789288330078 4.412832707939285 2.5
      vertex 5.9 4.4 2.5
    endloop
  endfacet
  facet normal 0 0 1
    outer loop
      vertex 0 0 2.5
      vertex 6.288228567653782 4.451111260566398 2.5
      vertex 6.095789288330078 4.412832707939285 2.5
    endloop
  endfacet
  facet normal 0 0 1
    outer loop
      vertex 0 0 2.5
      vertex 6.474025148547635 4.51418070123307 2.5
      vertex 6.288228567653782 4.451111260566398 2.5
    endloop
  endfacet
  facet normal 0 0 1
    outer loop
      vertex 0 0 2.5
      vertex 6.65 4.600961894323342 2.5
      vertex 6.474025148547635 4.51418070123307 2.5
    endloop
  endfacet
  facet normal 0 0 1
    outer loop
      vertex 0 0 2.5
      vertex 6.8131421435130815 4.709969989563147 2.5
      vertex 6.65 4.600961894323342 2.5
    endloop
  endfacet
  facet normal 0 0 1
    outer loop
      vertex 0 0 2.5
      vertex 4.412832707939285 5.704210711669923 2.5
      vertex 4.4 5.9 2.5
    endloop
  endfacet
  facet normal 0 0 1
    outer loop
      vertex 0 0 2.5
      vertex 4.4 5.9 2.5
      vertex 4.412832707939285 6.095789288330078 2.5
    endloop
  endfacet
  facet normal 0 0 1
    outer loop
      vertex 0 0 2.5
      vertex 4.412832707939285 6.095789288330078 2.5
      vertex 4.451111260566398 6.288228567653782 2.5
    endloop
  endfacet
  facet normal 0 0 1
    outer loop
      vertex 0 0 2.5
      vertex 4.451111260566398 6.288228567653782 2.5
      vertex 4.51418070123307 6.474025148547635 2.5
    endloop
  endfacet
  facet normal 0 0 1
    outer loop
      vertex 0 0 2.5
      vertex 4.51418070123307 6.474025148547635 2.5
      vertex 4.600961894323342 6.65 2.5
    endloop
  endfacet
  facet normal 0 0 1
    outer loop
      vertex 0 0 2.5
      vertex 4.600961894323342 6.65 2.5
      vertex 4.709969989563147 6.8131421435130815 2.5
    endloop
  endfacet
  facet normal 0 0 1
    outer loop
      vertex 0 0 2.5
      vertex 4.709969989563147 6.8131421435130815 2.5
      vertex 4.309999999999991 12.079999999999998 2.5
    endloop
  endfacet
  facet normal 0 0 1
    outer loop
      vertex 4.309999999999991 12.079999999999998 2.5
      vertex 4.709969989563147 6.8131421435130815 2.5
      vertex 4.839339828220179 6.960660171779821 2.5
    endloop
  endfacet
  facet normal 0 0 1
    outer loop
      vertex 4.309999999999991 12.079999999999998 2.5
      vertex 4.839339828220179 6.960660171779821 2.5
      vertex 4.986857856486919 7.090030010436854 2.5
    endloop
  endfacet
  facet normal 0 0 1
    outer loop
      vertex 4.309999999999991 12.079999999999998 2.5
      vertex 4.986857856486919 7.090030010436854 2.5
      vertex 5.15 7.199038105676658 2.5
    endloop
  endfacet
  facet normal 0 0 1
    outer loop
      vertex 4.309999999999991 12.079999999999998 2.5
      vertex 5.15 7.199038105676658 2.5
      vertex 5.325974851452366 7.28581929876693 2.5
    endloop
  endfacet
  facet normal 0 0 1
    outer loop
      vertex 4.309999999999991 12.079999999999998 2.5
      vertex 5.325974851452366 7.28581929876693 2.5
      vertex 5.511771432346219 7.348888739433603 2.5
    endloop
  endfacet
  facet normal 0 0 1
    outer loop
      vertex 4.309999999999991 12.079999999999998 2.5
      vertex 5.511771432346219 7.348888739433603 2.5
      vertex 5.704210711669923 7.387167292060716 2.5
    endloop
  endfacet
  facet normal 0 0 1
    outer loop
      vertex 4.309999999999991 12.079999999999998 2.5
      vertex 5.704210711669923 7.387167292060716 2.5
      vertex 5.9 7.4 2.5
    endloop
  endfacet
  facet normal 0 0 1
    outer loop
      vertex 4.309999999999991 12.079999999999998 2.5
      vertex 5.9 7.4 2.5
      vertex 6.095789288330078 7.387167292060716 2.5
    endloop
  endfacet
  facet normal 0 0 1
    outer loop
      vertex 4.309999999999991 12.079999999999998 2.5
      vertex 6.095789288330078 7.387167292060716 2.5
      vertex 6.288228567653782 7.348888739433603 2.5
    endloop
  endfacet
  facet normal 0 0 1
    outer loop
      vertex 4.309999999999991 12.079999999999998 2.5
      vertex 6.960660171779821 6.960660171779821 2.5
      vertex 7.090030010436854 6.8131421435130815 2.5
    endloop
  endfacet
  facet normal 0 0 1
    outer loop
      vertex 4.309999999999991 12.079999999999998 2.5
      vertex 7.090030010436854 6.8131421435130815 2.5
      vertex 7.199038105676658 6.65 2.5
    endloop
  endfacet
  facet normal 0 0 1
    outer loop
      vertex 4.309999999999991 12.079999999999998 2.5
      vertex 6.474025148547635 7.28581929876693 2.5
      vertex 6.65 7.199038105676658 2.5
    endloop
  endfacet
  facet normal 0 0 1
    outer loop
      vertex 4.309999999999991 12.079999999999998 2.5
      vertex 6.65 7.199038105676658 2.5
      vertex 6.8131421435130815 7.090030010436854 2.5
    endloop
  endfacet
  facet normal 0 0 1
    outer loop
      vertex 4.309999999999991 12.079999999999998 2.5
      vertex 6.288228567653782 7.348888739433603 2.5
      vertex 6.474025148547635 7.28581929876693 2.5
    endloop
  endfacet
  facet normal 0 0 1
    outer loop
      vertex 4.309999999999991 12.079999999999998 2.5
      vertex 6.8131421435130815 7.090030010436854 2.5
      vertex 6.960660171779821 6.960660171779821 2.5
    endloop
  endfacet
  facet normal 0 0 -1
    outer loop
      vertex 0 0 0
      vertex 4.4 55.699999999999996 0
      vertex 4.4 5.9 0
    endloop
  endfacet
  facet normal 0 0 -1
    outer loop
      vertex 4.4 5.9 0
      vertex 4.4 55.699999999999996 0
      vertex 4.412832707939285 6.095789288330078 0
    endloop
  endfacet
  facet normal 0 0 -1
    outer loop
      vertex 4.412832707939285 6.095789288330078 0
      vertex 4.412832707939285 55.50421071166992 0
      vertex 4.451111260566398 6.288228567653782 0
    endloop
  endfacet
  facet normal 0 0 -1
    outer loop
      vertex 4.451111260566398 6.288228567653782 0
      vertex 4.451111260566398 55.31177143234621 0
      vertex 4.51418070123307 6.474025148547635 0
    endloop
  endfacet
  facet normal 0 0 -1
    outer loop
      vertex 4.51418070123307 6.474025148547635 0
      vertex 4.51418070123307 55.12597485145236 0
      vertex 4.600961894323342 6.65 0
    endloop
  endfacet
  facet normal 0 0 -1
    outer loop
      vertex 4.600961894323342 6.65 0
      vertex 4.600961894323342 54.949999999999996 0
      vertex 4.709969989563147 6.8131421435130815 0
    endloop
  endfacet
  facet normal 0 0 -1
    outer loop
      vertex 4.709969989563147 6.8131421435130815 0
      vertex 4.709969989563147 54.78685785648692 0
      vertex 4.839339828220179 6.960660171779821 0
    endloop
  endfacet
  facet normal 0 0 -1
    outer loop
      vertex 4.986857856486919 7.090030010436854 0
      vertex 4.839339828220179 6.960660171779821 0
      vertex 4.986857856486919 54.509969989563146 0
    endloop
  endfacet
  facet normal 0 0 -1
    outer loop
      vertex 5.15 7.199038105676658 0
      vertex 4.986857856486919 7.090030010436854 0
      vertex 5.15 54.40096189432334 0
    endloop
  endfacet
  facet normal 0 0 -1
    outer loop
      vertex 5.325974851452366 7.28581929876693 0
      vertex 5.15 7.199038105676658 0
      vertex 5.325974851452366 54.31418070123306 0
    endloop
  endfacet
  facet normal 0 0 -1
    outer loop
      vertex 5.511771432346219 7.348888739433603 0
      vertex 5.325974851452366 7.28581929876693 0
      vertex 5.511771432346219 54.25111126056639 0
    endloop
  endfacet
  facet normal 0 0 -1
    outer loop
      vertex 5.704210711669923 7.387167292060716 0
      vertex 5.511771432346219 7.348888739433603 0
      vertex 5.511771432346219 54.25111126056639 0
    endloop
  endfacet
  facet normal 0 0 -1
    outer loop
      vertex 5.9 7.4 0
      vertex 5.704210711669923 7.387167292060716 0
      vertex 5.511771432346219 54.25111126056639 0
    endloop
  endfacet
  facet normal -1 0 0
    outer loop
      vertex 0 0 0
      vertex 0 0 2.5
      vertex 0 61.599999999999994 2.5
    endloop
  endfacet
  facet normal 0 0 1
    outer loop
      vertex 0 0 2.5
      vertex 4.309999999999991 12.079999999999998 2.5
      vertex 0 61.599999999999994 2.5
    endloop
  endfacet
  facet normal 0 0 -1
    outer loop
      vertex 6.474025148547635 7.28581929876693 0
      vertex 6.288228567653782 7.348888739433603 0
      vertex 26.299999999999997 47.39999999999999 0
    endloop
  endfacet
  facet normal 0 0 -1
    outer loop
      vertex 6.8131421435130815 7.090030010436854 0
      vertex 6.65 7.199038105676658 0
      vertex 26.299999999999997 47.39999999999999 0
    endloop
  endfacet
  facet normal 0 0 -1
    outer loop
      vertex 6.65 7.199038105676658 0
      vertex 6.474025148547635 7.28581929876693 0
      vertex 26.299999999999997 47.39999999999999 0
    endloop
  endfacet
  facet normal 0 0 -1
    outer loop
      vertex 6.8131421435130815 7.090030010436854 0
      vertex 26.299999999999997 47.39999999999999 0
      vertex 6.960660171779821 6.960660171779821 0
    endloop
  endfacet
  facet normal 0 0 -1
    outer loop
      vertex 6.095789288330078 7.387167292060716 0
      vertex 5.9 7.4 0
      vertex 26.299999999999997 47.39999999999999 0
    endloop
  endfacet
  facet normal 0 0 -1
    outer loop
      vertex 6.288228567653782 7.348888739433603 0
      vertex 6.095789288330078 7.387167292060716 0
      vertex 26.299999999999997 47.39999999999999 0
    endloop
  endfacet
  facet normal 0 0 -1
    outer loop
      vertex 6.960660171779821 6.960660171779821 0
      vertex 26.299999999999997 47.39999999999999 0
      vertex 7.090030010436854 6.8131421435130815 0
    endloop
  endfacet
  facet normal 0 -1 0
    outer loop
      vertex 0 0 0
      vertex 90.6 0 2.5
      vertex 0 0 2.5
    endloop
  endfacet
  facet normal 0 0 1
    outer loop
      vertex 0 0 2.5
      vertex 90.6 0 2.5
      vertex 6.8131421435130815 4.709969989563147 2.5
    endloop
  endfacet
  facet normal 0 0 1
    outer loop
      vertex 90.6 0 2.5
      vertex 6.960660171779821 4.839339828220179 2.5
      vertex 6.8131421435130815 4.709969989563147 2.5
    endloop
  endfacet
  facet normal 0 0 1
    outer loop
      vertex 90.6 0 2.5
      vertex 7.090030010436854 4.986857856486919 2.5
      vertex 6.960660171779821 4.839339828220179 2.5
    endloop
  endfacet
  facet normal 0 0 1
    outer loop
      vertex 90.6 0 2.5
      vertex 7.199038105676658 5.15 2.5
      vertex 7.090030010436854 4.986857856486919 2.5
    endloop
  endfacet
  facet normal 0 0 1
    outer loop
      vertex 90.6 0 2.5
      vertex 7.28581929876693 5.325974851452366 2.5
      vertex 7.199038105676658 5.15 2.5
    endloop
  endfacet
  facet normal 0 0 1
    outer loop
      vertex 90.6 0 2.5
      vertex 7.348888739433603 5.511771432346219 2.5
      vertex 7.28581929876693 5.325974851452366 2.5
    endloop
  endfacet
  facet normal 0 0 1
    outer loop
      vertex 90.6 0 2.5
      vertex 7.387167292060716 5.704210711669923 2.5
      vertex 7.348888739433603 5.511771432346219 2.5
    endloop
  endfacet
  facet normal 0 0 1
    outer loop
      vertex 90.6 0 2.5
      vertex 7.4 5.9 2.5
      vertex 7.387167292060716 5.704210711669923 2.5
    endloop
  endfacet
  facet normal 0 0 1
    outer loop
      vertex 90.6 0 2.5
      vertex 7.387167292060716 6.095789288330078 2.5
      vertex 7.4 5.9 2.5
    endloop
  endfacet
  facet normal 0 0 1
    outer loop
      vertex 90.6 0 2.5
      vertex 7.348888739433603 6.288228567653782 2.5
      vertex 7.387167292060716 6.095789288330078 2.5
    endloop
  endfacet
  facet normal 0 0 1
    outer loop
      vertex 90.6 0 2.5
      vertex 7.28581929876693 6.474025148547635 2.5
      vertex 7.348888739433603 6.288228567653782 2.5
    endloop
  endfacet
  facet normal 0 0 1
    outer loop
      vertex 90.6 0 2.5
      vertex 7.199038105676658 6.65 2.5
      vertex 7.28581929876693 6.474025148547635 2.5
    endloop
  endfacet
  facet normal 0 0 1
    outer loop
      vertex 4.309999999999991 12.079999999999998 2.5
      vertex 7.199038105676658 6.65 2.5
      vertex 90.6 0 2.5
    endloop
  endfacet
  facet normal 0 0 -1
    outer loop
      vertex 6.960660171779821 4.839339828220179 0
      vertex 7.090030010436854 4.986857856486919 0
      vertex 64.3 47.39999999999999 0
    endloop
  endfacet
  facet normal 0 0 -1
    outer loop
      vertex 7.199038105676658 5.15 0
      vertex 64.3 47.39999999999999 0
      vertex 7.090030010436854 4.986857856486919 0
    endloop
  endfacet
  facet normal 0 0 -1
    outer loop
      vertex 7.28581929876693 5.325974851452366 0
      vertex 64.3 47.39999999999999 0
      vertex 7.199038105676658 5.15 0
    endloop
  endfacet
  facet normal 0 0 -1
    outer loop
      vertex 7.348888739433603 5.511771432346219 0
      vertex 64.3 47.39999999999999 0
      vertex 7.28581929876693 5.325974851452366 0
    endloop
  endfacet
  facet normal 0 0 -1
    outer loop
      vertex 7.387167292060716 5.704210711669923 0
      vertex 64.3 47.39999999999999 0
      vertex 7.348888739433603 5.511771432346219 0
    endloop
  endfacet
  facet normal 0 0 -1
    outer loop
      vertex 7.4 5.9 0
      vertex 64.3 47.39999999999999 0
      vertex 7.387167292060716 5.704210711669923 0
    endloop
  endfacet
  facet normal 0 0 -1
    outer loop
      vertex 7.387167292060716 6.095789288330078 0
      vertex 64.3 47.39999999999999 0
      vertex 7.4 5.9 0
    endloop
  endfacet
  facet normal 0 0 -1
    outer loop
      vertex 7.348888739433603 6.288228567653782 0
      vertex 64.3 47.39999999999999 0
      vertex 7.387167292060716 6.095789288330078 0
    endloop
  endfacet
  facet normal 0 0 -1
    outer loop
      vertex 7.28581929876693 6.474025148547635 0
      vertex 64.3 47.39999999999999 0
      vertex 7.348888739433603 6.288228567653782 0
    endloop
  endfacet
  facet normal 0 0 -1
    outer loop
      vertex 7.199038105676658 6.65 0
      vertex 64.3 47.39999999999999 0
      vertex 7.28581929876693 6.474025148547635 0
    endloop
  endfacet
  facet normal 0 0 -1
    outer loop
      vertex 7.090030010436854 6.8131421435130815 0
      vertex 64.3 47.39999999999999 0
      vertex 7.199038105676658 6.65 0
    endloop
  endfacet
  facet normal 0 0 -1
    outer loop
      vertex 0 0 0
      vertex 6.8131421435130815 4.709969989563147 0
      vertex 90.6 61.599999999999994 0
    endloop
  endfacet
  facet normal 0 0 1
    outer loop
      vertex 6.509999999999991 14.279999999999998 2.5
      vertex 31.299999999999997 18.279999999999998 2.5
      vertex 31.299999999999997 36.28 2.5
    endloop
  endfacet
  facet normal 0 0 1
    outer loop
      vertex 6.509999999999991 14.279999999999998 2.5
      vertex 84.09 14.279999999999998 2.5
      vertex 31.299999999999997 18.279999999999998 2.5
    endloop
  endfacet
  facet normal 0 0 -1
    outer loop
      vertex 90.6 61.599999999999994 0
      vertex 6.8131421435130815 4.709969989563147 0
      vertex 6.960660171779821 4.839339828220179 0
    endloop
  endfacet
  facet normal 0 0 -1
    outer loop
      vertex 0 0 0
      vertex 0 61.599999999999994 0
      vertex 4.4 55.699999999999996 0
    endloop
  endfacet
  facet normal 0 0 -1
    outer loop
      vertex 4.51418070123307 6.474025148547635 0
      vertex 4.451111260566398 55.31177143234621 0
      vertex 4.51418070123307 55.12597485145236 0
    endloop
  endfacet
  facet normal 0 0 -1
    outer loop
      vertex 4.600961894323342 6.65 0
      vertex 4.51418070123307 55.12597485145236 0
      vertex 4.600961894323342 54.949999999999996 0
    endloop
  endfacet
  facet normal 0 0 -1
    outer loop
      vertex 4.839339828220179 6.960660171779821 0
      vertex 4.839339828220179 54.63933982822017 0
      vertex 4.986857856486919 54.509969989563146 0
    endloop
  endfacet
  facet normal 0 0 -1
    outer loop
      vertex 4.709969989563147 6.8131421435130815 0
      vertex 4.600961894323342 54.949999999999996 0
      vertex 4.709969989563147 54.78685785648692 0
    endloop
  endfacet
  facet normal 0 0 -1
    outer loop
      vertex 4.839339828220179 6.960660171779821 0
      vertex 4.709969989563147 54.78685785648692 0
      vertex 4.839339828220179 54.63933982822017 0
    endloop
  endfacet
  facet normal 0 0 -1
    outer loop
      vertex 4.412832707939285 6.095789288330078 0
      vertex 4.4 55.699999999999996 0
      vertex 4.412832707939285 55.50421071166992 0
    endloop
  endfacet
  facet normal 0 0 -1
    outer loop
      vertex 4.451111260566398 6.288228567653782 0
      vertex 4.412832707939285 55.50421071166992 0
      vertex 4.451111260566398 55.31177143234621 0
    endloop
  endfacet
  facet normal 0 0 -1
    outer loop
      vertex 4.986857856486919 7.090030010436854 0
      vertex 4.986857856486919 54.509969989563146 0
      vertex 5.15 54.40096189432334 0
    endloop
  endfacet
  facet normal 0 0 -1
    outer loop
      vertex 5.15 7.199038105676658 0
      vertex 5.15 54.40096189432334 0
      vertex 5.325974851452366 54.31418070123306 0
    endloop
  endfacet
  facet normal 0 0 -1
    outer loop
      vertex 5.325974851452366 7.28581929876693 0
      vertex 5.325974851452366 54.31418070123306 0
      vertex 5.511771432346219 54.25111126056639 0
    endloop
  endfacet
  facet normal -1 0 0
    outer loop
      vertex 0 0 0
      vertex 0 61.599999999999994 2.5
      vertex 0 61.599999999999994 0
    endloop
  endfacet
  facet normal 0 0 1
    outer loop
      vertex 4.309999999999991 12.079999999999998 2.5
      vertex 4.309999999999991 59.599999999999994 2.5
      vertex 0 61.599999999999994 2.5
    endloop
  endfacet
  facet normal 0 0 1
    outer loop
      vertex 6.509999999999991 14.279999999999998 2.5
      vertex 6.65 54.40096189432334 2.5
      vertex 6.509999999999991 54.33192153467895 2.5
    endloop
  endfacet
  facet normal 0 0 1
    outer loop
      vertex 6.509999999999991 14.279999999999998 2.5
      vertex 6.8131421435130815 54.509969989563146 2.5
      vertex 6.65 54.40096189432334 2.5
    endloop
  endfacet
  facet normal 0 0 -1
    outer loop
      vertex 5.9 7.4 0
      vertex 5.511771432346219 54.25111126056639 0
      vertex 26.299999999999997 47.39999999999999 0
    endloop
  endfacet
  facet normal 0 0 1
    outer loop
      vertex 6.509999999999991 14.279999999999998 2.5
      vertex 31.299999999999997 36.28 2.5
      vertex 26.299999999999997 47.39999999999999 2.5
    endloop
  endfacet
  facet normal 0 0 1
    outer loop
      vertex 6.509999999999991 14.279999999999998 2.5
      vertex 26.299999999999997 47.39999999999999 2.5
      vertex 6.8131421435130815 54.509969989563146 2.5
    endloop
  endfacet
  facet normal 0 0 -1
    outer loop
      vertex 0 61.599999999999994 0
      vertex 4.412832707939285 55.89578928833007 0
      vertex 4.4 55.699999999999996 0
    endloop
  endfacet
  facet normal 0 0 -1
    outer loop
      vertex 0 61.599999999999994 0
      vertex 4.451111260566398 56.08822856765378 0
      vertex 4.412832707939285 55.89578928833007 0
    endloop
  endfacet
  facet normal 0 0 -1
    outer loop
      vertex 0 61.599999999999994 0
      vertex 4.51418070123307 56.27402514854763 0
      vertex 4.451111260566398 56.08822856765378 0
    endloop
  endfacet
  facet normal 0 0 -1
    outer loop
      vertex 0 61.599999999999994 0
      vertex 4.600961894323342 56.449999999999996 0
      vertex 4.51418070123307 56.27402514854763 0
    endloop
  endfacet
  facet normal 0 0 -1
    outer loop
      vertex 0 61.599999999999994 0
      vertex 4.709969989563147 56.61314214351307 0
      vertex 4.600961894323342 56.449999999999996 0
    endloop
  endfacet
  facet normal 0 0 -1
    outer loop
      vertex 0 61.599999999999994 0
      vertex 4.839339828220179 56.76066017177982 0
      vertex 4.709969989563147 56.61314214351307 0
    endloop
  endfacet
  facet normal 0 0 -1
    outer loop
      vertex 0 61.599999999999994 0
      vertex 4.986857856486919 56.890030010436845 0
      vertex 4.839339828220179 56.76066017177982 0
    endloop
  endfacet
  facet normal 0 0 -1
    outer loop
      vertex 0 61.599999999999994 0
      vertex 5.15 56.999038105676654 0
      vertex 4.986857856486919 56.890030010436845 0
    endloop
  endfacet
  facet normal 0 0 -1
    outer loop
      vertex 0 61.599999999999994 0
      vertex 5.325974851452366 57.08581929876693 0
      vertex 5.15 56.999038105676654 0
    endloop
  endfacet
  facet normal 0 0 -1
    outer loop
      vertex 0 61.599999999999994 0
      vertex 5.511771432346219 57.1488887394336 0
      vertex 5.325974851452366 57.08581929876693 0
    endloop
  endfacet
  facet normal 0 0 -1
    outer loop
      vertex 0 61.599999999999994 0
      vertex 5.704210711669923 57.187167292060714 0
      vertex 5.511771432346219 57.1488887394336 0
    endloop
  endfacet
  facet normal 0 0 -1
    outer loop
      vertex 0 61.599999999999994 0
      vertex 5.9 57.199999999999996 0
      vertex 5.704210711669923 57.187167292060714 0
    endloop
  endfacet
  facet normal 0 0 -1
    outer loop
      vertex 0 61.599999999999994 0
      vertex 6.095789288330078 57.187167292060714 0
      vertex 5.9 57.199999999999996 0
    endloop
  endfacet
  facet normal 0 0 1
    outer loop
      vertex 6.509999999999991 57.4 2.5
      vertex 6.509999999999991 57.068078465321044 2.5
      vertex 6.65 56.999038105676654 2.5
    endloop
  endfacet
  facet normal 0 0 -1
    outer loop
      vertex 5.511771432346219 54.25111126056639 0
      vertex 5.704210711669923 54.21283270793928 0
      vertex 26.299999999999997 47.39999999999999 0
    endloop
  endfacet
  facet normal 0 0 -1
    outer loop
      vertex 5.704210711669923 54.21283270793928 0
      vertex 5.9 54.199999999999996 0
      vertex 26.299999999999997 47.39999999999999 0
    endloop
  endfacet
  facet normal 0 0 -1
    outer loop
      vertex 5.9 54.199999999999996 0
      vertex 6.095789288330078 54.21283270793928 0
      vertex 26.299999999999997 47.39999999999999 0
    endloop
  endfacet
  facet normal 0 0 -1
    outer loop
      vertex 6.095789288330078 54.21283270793928 0
      vertex 6.288228567653782 54.25111126056639 0
      vertex 26.299999999999997 47.39999999999999 0
    endloop
  endfacet
  facet normal 0 0 -1
    outer loop
      vertex 6.288228567653782 54.25111126056639 0
      vertex 6.474025148547635 54.31418070123306 0
      vertex 26.299999999999997 47.39999999999999 0
    endloop
  endfacet
  facet normal 0 0 -1
    outer loop
      vertex 6.474025148547635 54.31418070123306 0
      vertex 6.65 54.40096189432334 0
      vertex 26.299999999999997 47.39999999999999 0
    endloop
  endfacet
  facet normal 0 0 -1
    outer loop
      vertex 6.65 54.40096189432334 0
      vertex 6.8131421435130815 54.509969989563146 0
      vertex 26.299999999999997 47.39999999999999 0
    endloop
  endfacet
  facet normal 0 0 -1
    outer loop
      vertex 6.8131421435130815 54.509969989563146 0
      vertex 6.960660171779821 54.63933982822017 0
      vertex 26.299999999999997 47.39999999999999 0
    endloop
  endfacet
  facet normal 0 0 -1
    outer loop
      vertex 6.960660171779821 54.63933982822017 0
      vertex 7.090030010436854 54.78685785648692 0
      vertex 26.299999999999997 47.39999999999999 0
    endloop
  endfacet
  facet normal 0 0 -1
    outer loop
      vertex 7.199038105676658 54.949999999999996 0
      vertex 26.299999999999997 47.39999999999999 0
      vertex 7.090030010436854 54.78685785648692 0
    endloop
  endfacet
  facet normal 0 0 -1
    outer loop
      vertex 7.28581929876693 55.12597485145236 0
      vertex 26.299999999999997 47.39999999999999 0
      vertex 7.199038105676658 54.949999999999996 0
    endloop
  endfacet
  facet normal 0 0 -1
    outer loop
      vertex 26.299999999999997 47.39999999999999 0
      vertex 7.28581929876693 55.12597485145236 0
      vertex 26.299999999999997 55.39999999999999 0
    endloop
  endfacet
  facet normal 0 0 1
    outer loop
      vertex 6.960660171779821 54.63933982822017 2.5
      vertex 6.8131421435130815 54.509969989563146 2.5
      vertex 26.299999999999997 47.39999999999999 2.5
    endloop
  endfacet
  facet normal 0 0 1
    outer loop
      vertex 6.960660171779821 54.63933982822017 2.5
      vertex 26.299999999999997 47.39999999999999 2.5
      vertex 7.090030010436854 54.78685785648692 2.5
    endloop
  endfacet
  facet normal 0 0 1
    outer loop
      vertex 7.090030010436854 54.78685785648692 2.5
      vertex 26.299999999999997 47.39999999999999 2.5
      vertex 7.199038105676658 54.949999999999996 2.5
    endloop
  endfacet
  facet normal 0 0 1
    outer loop
      vertex 7.199038105676658 54.949999999999996 2.5
      vertex 26.299999999999997 47.39999999999999 2.5
      vertex 7.28581929876693 55.12597485145236 2.5
    endloop
  endfacet
  facet normal 0 0 1
    outer loop
      vertex 26.299999999999997 55.39999999999999 2.5
      vertex 7.28581929876693 55.12597485145236 2.5
      vertex 26.299999999999997 47.39999999999999 2.5
    endloop
  endfacet
  facet normal 0 0 -1
    outer loop
      vertex 7.348888739433603 55.31177143234621 0
      vertex 26.299999999999997 55.39999999999999 0
      vertex 7.28581929876693 55.12597485145236 0
    endloop
  endfacet
  facet normal 0 0 -1
    outer loop
      vertex 7.387167292060716 55.50421071166992 0
      vertex 26.299999999999997 55.39999999999999 0
      vertex 7.348888739433603 55.31177143234621 0
    endloop
  endfacet
  facet normal 0 0 -1
    outer loop
      vertex 7.4 55.699999999999996 0
      vertex 26.299999999999997 55.39999999999999 0
      vertex 7.387167292060716 55.50421071166992 0
    endloop
  endfacet
  facet normal 0 0 -1
    outer loop
      vertex 7.387167292060716 55.89578928833007 0
      vertex 26.299999999999997 55.39999999999999 0
      vertex 7.4 55.699999999999996 0
    endloop
  endfacet
  facet normal 0 0 -1
    outer loop
      vertex 7.348888739433603 56.08822856765378 0
      vertex 26.299999999999997 55.39999999999999 0
      vertex 7.387167292060716 55.89578928833007 0
    endloop
  endfacet
  facet normal 0 0 -1
    outer loop
      vertex 6.8131421435130815 56.890030010436845 0
      vertex 6.65 56.999038105676654 0
      vertex 26.299999999999997 55.39999999999999 0
    endloop
  endfacet
  facet normal 0 0 -1
    outer loop
      vertex 26.299999999999997 55.39999999999999 0
      vertex 6.960660171779821 56.76066017177982 0
      vertex 6.8131421435130815 56.890030010436845 0
    endloop
  endfacet
  facet normal 0 0 -1
    outer loop
      vertex 7.199038105676658 56.449999999999996 0
      vertex 26.299999999999997 55.39999999999999 0
      vertex 7.28581929876693 56.27402514854763 0
    endloop
  endfacet
  facet normal 0 0 -1
    outer loop
      vertex 7.28581929876693 56.27402514854763 0
      vertex 26.299999999999997 55.39999999999999 0
      vertex 7.348888739433603 56.08822856765378 0
    endloop
  endfacet
  facet normal 0 0 -1
    outer loop
      vertex 7.090030010436854 56.61314214351307 0
      vertex 26.299999999999997 55.39999999999999 0
      vertex 7.199038105676658 56.449999999999996 0
    endloop
  endfacet
  facet normal 0 0 -1
    outer loop
      vertex 6.960660171779821 56.76066017177982 0
      vertex 26.299999999999997 55.39999999999999 0
      vertex 7.090030010436854 56.61314214351307 0
    endloop
  endfacet
  facet normal 0 0 1
    outer loop
      vertex 7.28581929876693 55.12597485145236 2.5
      vertex 26.299999999999997 55.39999999999999 2.5
      vertex 7.348888739433603 55.31177143234621 2.5
    endloop
  endfacet
  facet normal 0 0 1
    outer loop
      vertex 7.348888739433603 55.31177143234621 2.5
      vertex 26.299999999999997 55.39999999999999 2.5
      vertex 7.387167292060716 55.50421071166992 2.5
    endloop
  endfacet
  facet normal 0 0 1
    outer loop
      vertex 7.387167292060716 55.50421071166992 2.5
      vertex 26.299999999999997 55.39999999999999 2.5
      vertex 7.4 55.699999999999996 2.5
    endloop
  endfacet
  facet normal 0 0 1
    outer loop
      vertex 7.4 55.699999999999996 2.5
      vertex 26.299999999999997 55.39999999999999 2.5
      vertex 7.387167292060716 55.89578928833007 2.5
    endloop
  endfacet
  facet normal 0 0 1
    outer loop
      vertex 7.387167292060716 55.89578928833007 2.5
      vertex 26.299999999999997 55.39999999999999 2.5
      vertex 7.348888739433603 56.08822856765378 2.5
    endloop
  endfacet
  facet normal 0 0 1
    outer loop
      vertex 7.28581929876693 56.27402514854763 2.5
      vertex 26.299999999999997 55.39999999999999 2.5
      vertex 7.199038105676658 56.449999999999996 2.5
    endloop
  endfacet
  facet normal 0 0 1
    outer loop
      vertex 7.348888739433603 56.08822856765378 2.5
      vertex 26.299999999999997 55.39999999999999 2.5
      vertex 7.28581929876693 56.27402514854763 2.5
    endloop
  endfacet
  facet normal 0 0 1
    outer loop
      vertex 7.199038105676658 56.449999999999996 2.5
      vertex 26.299999999999997 55.39999999999999 2.5
      vertex 7.090030010436854 56.61314214351307 2.5
    endloop
  endfacet
  facet normal 0 0 1
    outer loop
      vertex 7.090030010436854 56.61314214351307 2.5
      vertex 26.299999999999997 55.39999999999999 2.5
      vertex 6.960660171779821 56.76066017177982 2.5
    endloop
  endfacet
  facet normal 0 0 -1
    outer loop
      vertex 7.090030010436854 6.8131421435130815 0
      vertex 26.299999999999997 47.39999999999999 0
      vertex 64.3 47.39999999999999 0
    endloop
  endfacet
  facet normal 0 0 1
    outer loop
      vertex 31.299999999999997 36.28 2.5
      vertex 59.3 36.28 2.5
      vertex 26.299999999999997 47.39999999999999 2.5
    endloop
  endfacet
  facet normal 0 0 -1
    outer loop
      vertex 0 61.599999999999994 0
      vertex 90.6 61.599999999999994 0
      vertex 6.095789288330078 57.187167292060714 0
    endloop
  endfacet
  facet normal 0 1 0
    outer loop
      vertex 0 61.599999999999994 0
      vertex 0 61.599999999999994 2.5
      vertex 90.6 61.599999999999994 0
    endloop
  endfacet
  facet normal 0 0 1
    outer loop
      vertex 84.09 57.4 2.5
      vertex 6.65 56.999038105676654 2.5
      vertex 6.8131421435130815 56.890030010436845 2.5
    endloop
  endfacet
  facet normal 0 0 1
    outer loop
      vertex 6.509999999999991 57.4 2.5
      vertex 6.65 56.999038105676654 2.5
      vertex 84.09 57.4 2.5
    endloop
  endfacet
  facet normal 0 0 1
    outer loop
      vertex 84.09 57.4 2.5
      vertex 6.8131421435130815 56.890030010436845 2.5
      vertex 6.960660171779821 56.76066017177982 2.5
    endloop
  endfacet
  facet normal 0 0 1
    outer loop
      vertex 0 61.599999999999994 2.5
      vertex 4.309999999999991 59.599999999999994 2.5
      vertex 90.6 61.599999999999994 2.5
    endloop
  endfacet
  facet normal 0 0 -1
    outer loop
      vertex 90.6 61.599999999999994 0
      vertex 6.288228567653782 57.1488887394336 0
      vertex 6.095789288330078 57.187167292060714 0
    endloop
  endfacet
  facet normal 0 0 -1
    outer loop
      vertex 90.6 61.599999999999994 0
      vertex 6.474025148547635 57.08581929876693 0
      vertex 6.288228567653782 57.1488887394336 0
    endloop
  endfacet
  facet normal 0 0 -1
    outer loop
      vertex 90.6 61.599999999999994 0
      vertex 6.65 56.999038105676654 0
      vertex 6.474025148547635 57.08581929876693 0
    endloop
  endfacet
  facet normal 0 0 -1
    outer loop
      vertex 90.6 61.599999999999994 0
      vertex 26.299999999999997 55.39999999999999 0
      vertex 6.65 56.999038105676654 0
    endloop
  endfacet
  facet normal 0 0 1
    outer loop
      vertex 84.09 57.4 2.5
      vertex 6.960660171779821 56.76066017177982 2.5
      vertex 26.299999999999997 55.39999999999999 2.5
    endloop
  endfacet
  facet normal 0 0 -1
    outer loop
      vertex 0 0 0
      vertex 83.50996998956313 4.986857856486919 0
      vertex 83.63933982822017 4.839339828220179 0
    endloop
  endfacet
  facet normal 0 0 -1
    outer loop
      vertex 0 0 0
      vertex 83.63933982822017 4.839339828220179 0
      vertex 83.7868578564869 4.709969989563147 0
    endloop
  endfacet
  facet normal 0 0 -1
    outer loop
      vertex 0 0 0
      vertex 83.25111126056639 5.511771432346219 0
      vertex 83.31418070123306 5.325974851452366 0
    endloop
  endfacet
  facet normal 0 0 -1
    outer loop
      vertex 0 0 0
      vertex 83.21283270793927 5.704210711669923 0
      vertex 83.25111126056639 5.511771432346219 0
    endloop
  endfacet
  facet normal 0 0 -1
    outer loop
      vertex 0 0 0
      vertex 83.40096189432333 5.15 0
      vertex 83.50996998956313 4.986857856486919 0
    endloop
  endfacet
  facet normal 0 0 -1
    outer loop
      vertex 0 0 0
      vertex 83.31418070123306 5.325974851452366 0
      vertex 83.40096189432333 5.15 0
    endloop
  endfacet
  facet normal 0 0 -1
    outer loop
      vertex 0 0 0
      vertex 83.19999999999999 5.9 0
      vertex 83.21283270793927 5.704210711669923 0
    endloop
  endfacet
  facet normal 0 0 -1
    outer loop
      vertex 0 0 0
      vertex 83.7868578564869 4.709969989563147 0
      vertex 90.6 0 0
    endloop
  endfacet
  facet normal 0 -1 0
    outer loop
      vertex 0 0 0
      vertex 90.6 0 0
      vertex 90.6 0 2.5
    endloop
  endfacet
  facet normal 0 0 1
    outer loop
      vertex 4.309999999999991 12.079999999999998 2.5
      vertex 83.7868578564869 4.709969989563147 2.5
      vertex 83.63933982822017 4.839339828220179 2.5
    endloop
  endfacet
  facet normal 0 0 1
    outer loop
      vertex 4.309999999999991 12.079999999999998 2.5
      vertex 83.31418070123306 5.325974851452366 2.5
      vertex 83.25111126056639 5.511771432346219 2.5
    endloop
  endfacet
  facet normal 0 0 1
    outer loop
      vertex 4.309999999999991 12.079999999999998 2.5
      vertex 83.63933982822017 4.839339828220179 2.5
      vertex 83.50996998956313 4.986857856486919 2.5
    endloop
  endfacet
  facet normal 0 0 1
    outer loop
      vertex 4.309999999999991 12.079999999999998 2.5
      vertex 83.50996998956313 4.986857856486919 2.5
      vertex 83.40096189432333 5.15 2.5
    endloop
  endfacet
  facet normal 0 0 1
    outer loop
      vertex 4.309999999999991 12.079999999999998 2.5
      vertex 83.40096189432333 5.15 2.5
      vertex 83.31418070123306 5.325974851452366 2.5
    endloop
  endfacet
  facet normal 0 0 1
    outer loop
      vertex 4.309999999999991 12.079999999999998 2.5
      vertex 90.6 0 2.5
      vertex 83.7868578564869 4.709969989563147 2.5
    endloop
  endfacet
  facet normal 0 0 1
    outer loop
      vertex 4.309999999999991 12.079999999999998 2.5
      vertex 83.25111126056639 5.511771432346219 2.5
      vertex 83.21283270793927 5.704210711669923 2.5
    endloop
  endfacet
  facet normal 0 0 1
    outer loop
      vertex 4.309999999999991 12.079999999999998 2.5
      vertex 83.21283270793927 5.704210711669923 2.5
      vertex 83.19999999999999 5.9 2.5
    endloop
  endfacet
  facet normal 0 0 1
    outer loop
      vertex 4.309999999999991 12.079999999999998 2.5
      vertex 83.19999999999999 5.9 2.5
      vertex 83.21283270793927 6.095789288330078 2.5
    endloop
  endfacet
  facet normal 0 0 1
    outer loop
      vertex 4.309999999999991 12.079999999999998 2.5
      vertex 83.21283270793927 6.095789288330078 2.5
      vertex 83.25111126056639 6.288228567653782 2.5
    endloop
  endfacet
  facet normal 0 0 1
    outer loop
      vertex 4.309999999999991 12.079999999999998 2.5
      vertex 83.25111126056639 6.288228567653782 2.5
      vertex 83.31418070123306 6.474025148547635 2.5
    endloop
  endfacet
  facet normal 0 0 1
    outer loop
      vertex 4.309999999999991 12.079999999999998 2.5
      vertex 83.31418070123306 6.474025148547635 2.5
      vertex 83.40096189432333 6.65 2.5
    endloop
  endfacet
  facet normal 0 0 1
    outer loop
      vertex 4.309999999999991 12.079999999999998 2.5
      vertex 83.40096189432333 6.65 2.5
      vertex 83.50996998956313 6.8131421435130815 2.5
    endloop
  endfacet
  facet normal 0 0 1
    outer loop
      vertex 4.309999999999991 12.079999999999998 2.5
      vertex 83.50996998956313 6.8131421435130815 2.5
      vertex 83.63933982822017 6.960660171779821 2.5
    endloop
  endfacet
  facet normal 0 0 1
    outer loop
      vertex 4.309999999999991 12.079999999999998 2.5
      vertex 83.63933982822017 6.960660171779821 2.5
      vertex 83.7868578564869 7.090030010436854 2.5
    endloop
  endfacet
  facet normal 0 0 1
    outer loop
      vertex 4.309999999999991 12.079999999999998 2.5
      vertex 83.7868578564869 7.090030010436854 2.5
      vertex 83.94999999999999 7.199038105676658 2.5
    endloop
  endfacet
  facet normal 0 0 1
    outer loop
      vertex 4.309999999999991 12.079999999999998 2.5
      vertex 83.94999999999999 7.199038105676658 2.5
      vertex 84.12597485145236 7.28581929876693 2.5
    endloop
  endfacet
  facet normal 0 0 1
    outer loop
      vertex 4.309999999999991 12.079999999999998 2.5
      vertex 84.12597485145236 7.28581929876693 2.5
      vertex 84.3117714323462 7.348888739433603 2.5
    endloop
  endfacet
  facet normal 0 0 1
    outer loop
      vertex 4.309999999999991 12.079999999999998 2.5
      vertex 84.3117714323462 7.348888739433603 2.5
      vertex 84.50421071166991 7.387167292060716 2.5
    endloop
  endfacet
  facet normal 0 0 1
    outer loop
      vertex 4.309999999999991 12.079999999999998 2.5
      vertex 84.50421071166991 7.387167292060716 2.5
      vertex 84.69999999999999 7.4 2.5
    endloop
  endfacet
  facet normal 0 0 1
    outer loop
      vertex 4.309999999999991 12.079999999999998 2.5
      vertex 84.69999999999999 7.4 2.5
      vertex 86.29 12.079999999999998 2.5
    endloop
  endfacet
  facet normal 0 0 -1
    outer loop
      vertex 0 0 0
      vertex 83.19999999999999 55.699999999999996 0
      vertex 83.19999999999999 5.9 0
    endloop
  endfacet
  facet normal 0 0 1
    outer loop
      vertex 84.09 14.279999999999998 2.5
      vertex 59.3 18.279999999999998 2.5
      vertex 31.299999999999997 18.279999999999998 2.5
    endloop
  endfacet
  facet normal 0 0 1
    outer loop
      vertex 84.09 14.279999999999998 2.5
      vertex 59.3 36.28 2.5
      vertex 59.3 18.279999999999998 2.5
    endloop
  endfacet
  facet normal 0 0 -1
    outer loop
      vertex 90.6 0 0
      vertex 83.7868578564869 4.709969989563147 0
      vertex 83.94999999999999 4.600961894323342 0
    endloop
  endfacet
  facet normal 0 0 -1
    outer loop
      vertex 90.6 0 0
      vertex 84.12597485145236 4.51418070123307 0
      vertex 84.3117714323462 4.451111260566398 0
    endloop
  endfacet
  facet normal 0 0 -1
    outer loop
      vertex 90.6 0 0
      vertex 83.94999999999999 4.600961894323342 0
      vertex 84.12597485145236 4.51418070123307 0
    endloop
  endfacet
  facet normal 0 0 -1
    outer loop
      vertex 90.6 0 0
      vertex 84.3117714323462 4.451111260566398 0
      vertex 84.50421071166991 4.412832707939285 0
    endloop
  endfacet
  facet normal 0 0 -1
    outer loop
      vertex 90.6 0 0
      vertex 84.50421071166991 4.412832707939285 0
      vertex 84.69999999999999 4.4 0
    endloop
  endfacet
  facet normal 0 0 -1
    outer loop
      vertex 90.6 0 0
      vertex 84.69999999999999 4.4 0
      vertex 84.89578928833006 4.412832707939285 0
    endloop
  endfacet
  facet normal 0 0 -1
    outer loop
      vertex 90.6 0 0
      vertex 84.89578928833006 4.412832707939285 0
      vertex 85.08822856765377 4.451111260566398 0
    endloop
  endfacet
  facet normal 0 0 -1
    outer loop
      vertex 90.6 0 0
      vertex 85.08822856765377 4.451111260566398 0
      vertex 85.27402514854762 4.51418070123307 0
    endloop
  endfacet
  facet normal 0 0 -1
    outer loop
      vertex 90.6 0 0
      vertex 85.27402514854762 4.51418070123307 0
      vertex 85.44999999999999 4.600961894323342 0
    endloop
  endfacet
  facet normal 0 0 -1
    outer loop
      vertex 90.6 0 0
      vertex 85.44999999999999 4.600961894323342 0
      vertex 85.61314214351307 4.709969989563147 0
    endloop
  endfacet
  facet normal 0 0 -1
    outer loop
      vertex 90.6 0 0
      vertex 85.61314214351307 4.709969989563147 0
      vertex 85.7606601717798 4.839339828220179 0
    endloop
  endfacet
  facet normal 0 0 -1
    outer loop
      vertex 90.6 0 0
      vertex 85.7606601717798 4.839339828220179 0
      vertex 85.89003001043685 4.986857856486919 0
    endloop
  endfacet
  facet normal 0 0 -1
    outer loop
      vertex 90.6 0 0
      vertex 85.89003001043685 4.986857856486919 0
      vertex 85.99903810567665 5.15 0
    endloop
  endfacet
  facet normal 0 0 -1
    outer loop
      vertex 90.6 0 0
      vertex 85.99903810567665 5.15 0
      vertex 86.08581929876692 5.325974851452366 0
    endloop
  endfacet
  facet normal 0 0 -1
    outer loop
      vertex 90.6 0 0
      vertex 86.08581929876692 5.325974851452366 0
      vertex 86.14888873943359 5.511771432346219 0
    endloop
  endfacet
  facet normal 0 0 -1
    outer loop
      vertex 90.6 0 0
      vertex 86.14888873943359 5.511771432346219 0
      vertex 86.1871672920607 5.704210711669923 0
    endloop
  endfacet
  facet normal 0 0 1
    outer loop
      vertex 90.6 0 2.5
      vertex 83.94999999999999 4.600961894323342 2.5
      vertex 83.7868578564869 4.709969989563147 2.5
    endloop
  endfacet
  facet normal 0 0 1
    outer loop
      vertex 90.6 0 2.5
      vertex 84.3117714323462 4.451111260566398 2.5
      vertex 84.12597485145236 4.51418070123307 2.5
    endloop
  endfacet
  facet normal 0 0 1
    outer loop
      vertex 90.6 0 2.5
      vertex 84.12597485145236 4.51418070123307 2.5
      vertex 83.94999999999999 4.600961894323342 2.5
    endloop
  endfacet
  facet normal 0 0 1
    outer loop
      vertex 90.6 0 2.5
      vertex 84.50421071166991 4.412832707939285 2.5
      vertex 84.3117714323462 4.451111260566398 2.5
    endloop
  endfacet
  facet normal 0 0 1
    outer loop
      vertex 90.6 0 2.5
      vertex 84.69999999999999 4.4 2.5
      vertex 84.50421071166991 4.412832707939285 2.5
    endloop
  endfacet
  facet normal 0 0 1
    outer loop
      vertex 90.6 0 2.5
      vertex 84.89578928833006 4.412832707939285 2.5
      vertex 84.69999999999999 4.4 2.5
    endloop
  endfacet
  facet normal 0 0 1
    outer loop
      vertex 90.6 0 2.5
      vertex 85.08822856765377 4.451111260566398 2.5
      vertex 84.89578928833006 4.412832707939285 2.5
    endloop
  endfacet
  facet normal 0 0 1
    outer loop
      vertex 90.6 0 2.5
      vertex 85.27402514854762 4.51418070123307 2.5
      vertex 85.08822856765377 4.451111260566398 2.5
    endloop
  endfacet
  facet normal 0 0 1
    outer loop
      vertex 90.6 0 2.5
      vertex 85.44999999999999 4.600961894323342 2.5
      vertex 85.27402514854762 4.51418070123307 2.5
    endloop
  endfacet
  facet normal 0 0 1
    outer loop
      vertex 90.6 0 2.5
      vertex 85.61314214351307 4.709969989563147 2.5
      vertex 85.44999999999999 4.600961894323342 2.5
    endloop
  endfacet
  facet normal 0 0 1
    outer loop
      vertex 90.6 0 2.5
      vertex 85.7606601717798 4.839339828220179 2.5
      vertex 85.61314214351307 4.709969989563147 2.5
    endloop
  endfacet
  facet normal 0 0 1
    outer loop
      vertex 90.6 0 2.5
      vertex 85.89003001043685 4.986857856486919 2.5
      vertex 85.7606601717798 4.839339828220179 2.5
    endloop
  endfacet
  facet normal 0 0 1
    outer loop
      vertex 90.6 0 2.5
      vertex 85.99903810567665 5.15 2.5
      vertex 85.89003001043685 4.986857856486919 2.5
    endloop
  endfacet
  facet normal 0 0 1
    outer loop
      vertex 90.6 0 2.5
      vertex 86.08581929876692 5.325974851452366 2.5
      vertex 85.99903810567665 5.15 2.5
    endloop
  endfacet
  facet normal 0 0 1
    outer loop
      vertex 90.6 0 2.5
      vertex 86.14888873943359 5.511771432346219 2.5
      vertex 86.08581929876692 5.325974851452366 2.5
    endloop
  endfacet
  facet normal 0 0 1
    outer loop
      vertex 90.6 0 2.5
      vertex 86.1871672920607 5.704210711669923 2.5
      vertex 86.14888873943359 5.511771432346219 2.5
    endloop
  endfacet
  facet normal 0 0 1
    outer loop
      vertex 90.6 0 2.5
      vertex 86.19999999999999 5.9 2.5
      vertex 86.1871672920607 5.704210711669923 2.5
    endloop
  endfacet
  facet normal 0 0 1
    outer loop
      vertex 90.6 0 2.5
      vertex 86.29 12.079999999999998 2.5
      vertex 86.19999999999999 5.9 2.5
    endloop
  endfacet
  facet normal 0 0 1
    outer loop
      vertex 86.29 12.079999999999998 2.5
      vertex 86.1871672920607 6.095789288330078 2.5
      vertex 86.19999999999999 5.9 2.5
    endloop
  endfacet
  facet normal 0 0 1
    outer loop
      vertex 86.29 12.079999999999998 2.5
      vertex 86.14888873943359 6.288228567653782 2.5
      vertex 86.1871672920607 6.095789288330078 2.5
    endloop
  endfacet
  facet normal 0 0 1
    outer loop
      vertex 86.29 12.079999999999998 2.5
      vertex 85.7606601717798 6.960660171779821 2.5
      vertex 85.89003001043685 6.8131421435130815 2.5
    endloop
  endfacet
  facet normal 0 0 1
    outer loop
      vertex 86.29 12.079999999999998 2.5
      vertex 86.08581929876692 6.474025148547635 2.5
      vertex 86.14888873943359 6.288228567653782 2.5
    endloop
  endfacet
  facet normal 0 0 1
    outer loop
      vertex 86.29 12.079999999999998 2.5
      vertex 85.99903810567665 6.65 2.5
      vertex 86.08581929876692 6.474025148547635 2.5
    endloop
  endfacet
  facet normal 0 0 1
    outer loop
      vertex 86.29 12.079999999999998 2.5
      vertex 85.89003001043685 6.8131421435130815 2.5
      vertex 85.99903810567665 6.65 2.5
    endloop
  endfacet
  facet normal 0 0 1
    outer loop
      vertex 86.29 12.079999999999998 2.5
      vertex 84.69999999999999 7.4 2.5
      vertex 84.89578928833006 7.387167292060716 2.5
    endloop
  endfacet
  facet normal 0 0 1
    outer loop
      vertex 86.29 12.079999999999998 2.5
      vertex 84.89578928833006 7.387167292060716 2.5
      vertex 85.08822856765377 7.348888739433603 2.5
    endloop
  endfacet
  facet normal 0 0 1
    outer loop
      vertex 86.29 12.079999999999998 2.5
      vertex 85.08822856765377 7.348888739433603 2.5
      vertex 85.27402514854762 7.28581929876693 2.5
    endloop
  endfacet
  facet normal 0 0 1
    outer loop
      vertex 86.29 12.079999999999998 2.5
      vertex 85.27402514854762 7.28581929876693 2.5
      vertex 85.44999999999999 7.199038105676658 2.5
    endloop
  endfacet
  facet normal 0 0 1
    outer loop
      vertex 86.29 12.079999999999998 2.5
      vertex 85.44999999999999 7.199038105676658 2.5
      vertex 85.61314214351307 7.090030010436854 2.5
    endloop
  endfacet
  facet normal 0 0 1
    outer loop
      vertex 86.29 12.079999999999998 2.5
      vertex 85.61314214351307 7.090030010436854 2.5
      vertex 85.7606601717798 6.960660171779821 2.5
    endloop
  endfacet
  facet normal 0 0 -1
    outer loop
      vertex 83.19999999999999 5.9 0
      vertex 83.21283270793927 55.50421071166992 0
      vertex 83.21283270793927 6.095789288330078 0
    endloop
  endfacet
  facet normal 0 0 -1
    outer loop
      vertex 83.21283270793927 6.095789288330078 0
      vertex 83.25111126056639 55.31177143234621 0
      vertex 83.25111126056639 6.288228567653782 0
    endloop
  endfacet
  facet normal 0 0 -1
    outer loop
      vertex 83.25111126056639 6.288228567653782 0
      vertex 83.31418070123306 55.12597485145236 0
      vertex 83.31418070123306 6.474025148547635 0
    endloop
  endfacet
  facet normal 0 0 -1
    outer loop
      vertex 83.31418070123306 6.474025148547635 0
      vertex 83.40096189432333 54.949999999999996 0
      vertex 83.40096189432333 6.65 0
    endloop
  endfacet
  facet normal 0 0 -1
    outer loop
      vertex 83.40096189432333 6.65 0
      vertex 83.50996998956313 54.78685785648692 0
      vertex 83.50996998956313 6.8131421435130815 0
    endloop
  endfacet
  facet normal 0 0 -1
    outer loop
      vertex 83.50996998956313 6.8131421435130815 0
      vertex 83.63933982822017 54.63933982822017 0
      vertex 83.63933982822017 6.960660171779821 0
    endloop
  endfacet
  facet normal 0 0 -1
    outer loop
      vertex 83.7868578564869 7.090030010436854 0
      vertex 83.63933982822017 6.960660171779821 0
      vertex 83.7868578564869 54.509969989563146 0
    endloop
  endfacet
  facet normal 0 0 -1
    outer loop
      vertex 83.94999999999999 7.199038105676658 0
      vertex 83.7868578564869 7.090030010436854 0
      vertex 83.94999999999999 54.40096189432334 0
    endloop
  endfacet
  facet normal 0 0 -1
    outer loop
      vertex 84.12597485145236 7.28581929876693 0
      vertex 83.94999999999999 7.199038105676658 0
      vertex 84.12597485145236 54.31418070123306 0
    endloop
  endfacet
  facet normal 0 0 -1
    outer loop
      vertex 84.3117714323462 7.348888739433603 0
      vertex 84.12597485145236 7.28581929876693 0
      vertex 84.3117714323462 54.25111126056639 0
    endloop
  endfacet
  facet normal 0 0 -1
    outer loop
      vertex 84.50421071166991 7.387167292060716 0
      vertex 84.3117714323462 7.348888739433603 0
      vertex 84.50421071166991 54.21283270793928 0
    endloop
  endfacet
  facet normal 0 0 -1
    outer loop
      vertex 84.69999999999999 7.4 0
      vertex 84.50421071166991 7.387167292060716 0
      vertex 84.69999999999999 54.199999999999996 0
    endloop
  endfacet
  facet normal 0 0 -1
    outer loop
      vertex 84.89578928833006 7.387167292060716 0
      vertex 84.69999999999999 7.4 0
      vertex 84.89578928833006 54.21283270793928 0
    endloop
  endfacet
  facet normal 0 0 -1
    outer loop
      vertex 85.08822856765377 7.348888739433603 0
      vertex 84.89578928833006 7.387167292060716 0
      vertex 85.08822856765377 54.25111126056639 0
    endloop
  endfacet
  facet normal 0 0 -1
    outer loop
      vertex 85.27402514854762 7.28581929876693 0
      vertex 85.08822856765377 7.348888739433603 0
      vertex 85.27402514854762 54.31418070123306 0
    endloop
  endfacet
  facet normal 0 0 -1
    outer loop
      vertex 85.44999999999999 7.199038105676658 0
      vertex 85.27402514854762 7.28581929876693 0
      vertex 85.44999999999999 54.40096189432334 0
    endloop
  endfacet
  facet normal 0 0 -1
    outer loop
      vertex 85.61314214351307 7.090030010436854 0
      vertex 85.44999999999999 7.199038105676658 0
      vertex 85.61314214351307 54.509969989563146 0
    endloop
  endfacet
  facet normal 0 0 -1
    outer loop
      vertex 85.61314214351307 7.090030010436854 0
      vertex 85.7606601717798 54.63933982822017 0
      vertex 85.7606601717798 6.960660171779821 0
    endloop
  endfacet
  facet normal 0 0 -1
    outer loop
      vertex 90.6 0 0
      vertex 86.1871672920607 5.704210711669923 0
      vertex 90.6 61.599999999999994 0
    endloop
  endfacet
  facet normal 1 0 0
    outer loop
      vertex 90.6 0 0
      vertex 90.6 61.599999999999994 0
      vertex 90.6 0 2.5
    endloop
  endfacet
  facet normal 0 0 -1
    outer loop
      vertex 90.6 61.599999999999994 0
      vertex 86.1871672920607 5.704210711669923 0
      vertex 86.19999999999999 5.9 0
    endloop
  endfacet
  facet normal 0 0 -1
    outer loop
      vertex 90.6 61.599999999999994 0
      vertex 86.19999999999999 5.9 0
      vertex 86.1871672920607 6.095789288330078 0
    endloop
  endfacet
  facet normal 0 0 -1
    outer loop
      vertex 90.6 61.599999999999994 0
      vertex 86.1871672920607 6.095789288330078 0
      vertex 86.14888873943359 6.288228567653782 0
    endloop
  endfacet
  facet normal 0 0 -1
    outer loop
      vertex 90.6 61.599999999999994 0
      vertex 85.99903810567665 6.65 0
      vertex 85.89003001043685 6.8131421435130815 0
    endloop
  endfacet
  facet normal 0 0 -1
    outer loop
      vertex 90.6 61.599999999999994 0
      vertex 86.08581929876692 6.474025148547635 0
      vertex 85.99903810567665 6.65 0
    endloop
  endfacet
  facet normal 0 0 -1
    outer loop
      vertex 90.6 61.599999999999994 0
      vertex 86.14888873943359 6.288228567653782 0
      vertex 86.08581929876692 6.474025148547635 0
    endloop
  endfacet
  facet normal 0 0 -1
    outer loop
      vertex 90.6 61.599999999999994 0
      vertex 85.89003001043685 6.8131421435130815 0
      vertex 85.7606601717798 6.960660171779821 0
    endloop
  endfacet
  facet normal 0 0 1
    outer loop
      vertex 90.6 0 2.5
      vertex 90.6 61.599999999999994 2.5
      vertex 86.29 12.079999999999998 2.5
    endloop
  endfacet
  facet normal 0 0 -1
    outer loop
      vertex 90.6 61.599999999999994 0
      vertex 6.960660171779821 4.839339828220179 0
      vertex 64.3 47.39999999999999 0
    endloop
  endfacet
  facet normal 0 0 -1
    outer loop
      vertex 0 0 0
      vertex 83.21283270793927 55.89578928833007 0
      vertex 83.19999999999999 55.699999999999996 0
    endloop
  endfacet
  facet normal 0 0 -1
    outer loop
      vertex 0 0 0
      vertex 83.25111126056639 56.08822856765378 0
      vertex 83.21283270793927 55.89578928833007 0
    endloop
  endfacet
  facet normal 0 0 -1
    outer loop
      vertex 0 0 0
      vertex 83.31418070123306 56.27402514854763 0
      vertex 83.25111126056639 56.08822856765378 0
    endloop
  endfacet
  facet normal 0 0 -1
    outer loop
      vertex 0 0 0
      vertex 83.40096189432333 56.449999999999996 0
      vertex 83.31418070123306 56.27402514854763 0
    endloop
  endfacet
  facet normal 0 0 -1
    outer loop
      vertex 0 0 0
      vertex 83.50996998956313 56.61314214351307 0
      vertex 83.40096189432333 56.449999999999996 0
    endloop
  endfacet
  facet normal 0 0 -1
    outer loop
      vertex 0 0 0
      vertex 83.63933982822017 56.76066017177982 0
      vertex 83.50996998956313 56.61314214351307 0
    endloop
  endfacet
  facet normal 0 0 -1
    outer loop
      vertex 0 0 0
      vertex 83.7868578564869 56.890030010436845 0
      vertex 83.63933982822017 56.76066017177982 0
    endloop
  endfacet
  facet normal 0 0 1
    outer loop
      vertex 59.3 36.28 2.5
      vertex 64.3 47.39999999999999 2.5
      vertex 26.299999999999997 47.39999999999999 2.5
    endloop
  endfacet
  facet normal 0 0 -1
    outer loop
      vertex 0 0 0
      vertex 90.6 61.599999999999994 0
      vertex 83.7868578564869 56.890030010436845 0
    endloop
  endfacet
  facet normal 0 0 -1
    outer loop
      vertex 90.6 61.599999999999994 0
      vertex 64.3 55.39999999999999 0
      vertex 26.299999999999997 55.39999999999999 0
    endloop
  endfacet
  facet normal 0 0 1
    outer loop
      vertex 84.09 57.4 2.5
      vertex 26.299999999999997 55.39999999999999 2.5
      vertex 64.3 55.39999999999999 2.5
    endloop
  endfacet
  facet normal 0 1 0
    outer loop
      vertex 0 61.599999999999994 2.5
      vertex 90.6 61.599999999999994 2.5
      vertex 90.6 61.599999999999994 0
    endloop
  endfacet
  facet normal 0 0 1
    outer loop
      vertex 4.309999999999991 59.599999999999994 2.5
      vertex 86.29 59.599999999999994 2.5
      vertex 90.6 61.599999999999994 2.5
    endloop
  endfacet
  facet normal 0 0 1
    outer loop
      vertex 84.09 14.279999999999998 2.5
      vertex 83.40096189432333 54.949999999999996 2.5
      vertex 59.3 36.28 2.5
    endloop
  endfacet
  facet normal 0 0 -1
    outer loop
      vertex 83.31418070123306 6.474025148547635 0
      vertex 83.31418070123306 55.12597485145236 0
      vertex 83.40096189432333 54.949999999999996 0
    endloop
  endfacet
  facet normal 0 0 -1
    outer loop
      vertex 83.21283270793927 6.095789288330078 0
      vertex 83.21283270793927 55.50421071166992 0
      vertex 83.25111126056639 55.31177143234621 0
    endloop
  endfacet
  facet normal 0 0 -1
    outer loop
      vertex 83.25111126056639 6.288228567653782 0
      vertex 83.25111126056639 55.31177143234621 0
      vertex 83.31418070123306 55.12597485145236 0
    endloop
  endfacet
  facet normal 0 0 -1
    outer loop
      vertex 83.40096189432333 6.65 0
      vertex 83.40096189432333 54.949999999999996 0
      vertex 83.50996998956313 54.78685785648692 0
    endloop
  endfacet
  facet normal 0 0 -1
    outer loop
      vertex 83.19999999999999 5.9 0
      vertex 83.19999999999999 55.699999999999996 0
      vertex 83.21283270793927 55.50421071166992 0
    endloop
  endfacet
  facet normal 0 0 -1
    outer loop
      vertex 83.63933982822017 6.960660171779821 0
      vertex 83.63933982822017 54.63933982822017 0
      vertex 83.7868578564869 54.509969989563146 0
    endloop
  endfacet
  facet normal 0 0 -1
    outer loop
      vertex 83.7868578564869 7.090030010436854 0
      vertex 83.7868578564869 54.509969989563146 0
      vertex 83.94999999999999 54.40096189432334 0
    endloop
  endfacet
  facet normal 0 0 -1
    outer loop
      vertex 83.50996998956313 6.8131421435130815 0
      vertex 83.50996998956313 54.78685785648692 0
      vertex 83.63933982822017 54.63933982822017 0
    endloop
  endfacet
  facet normal 0 0 -1
    outer loop
      vertex 83.94999999999999 7.199038105676658 0
      vertex 83.94999999999999 54.40096189432334 0
      vertex 84.12597485145236 54.31418070123306 0
    endloop
  endfacet
  facet normal 0 0 -1
    outer loop
      vertex 84.12597485145236 7.28581929876693 0
      vertex 84.12597485145236 54.31418070123306 0
      vertex 84.3117714323462 54.25111126056639 0
    endloop
  endfacet
  facet normal 0 0 -1
    outer loop
      vertex 84.3117714323462 7.348888739433603 0
      vertex 84.3117714323462 54.25111126056639 0
      vertex 84.50421071166991 54.21283270793928 0
    endloop
  endfacet
  facet normal 0 0 -1
    outer loop
      vertex 84.50421071166991 7.387167292060716 0
      vertex 84.50421071166991 54.21283270793928 0
      vertex 84.69999999999999 54.199999999999996 0
    endloop
  endfacet
  facet normal 0 0 -1
    outer loop
      vertex 84.69999999999999 7.4 0
      vertex 84.69999999999999 54.199999999999996 0
      vertex 84.89578928833006 54.21283270793928 0
    endloop
  endfacet
  facet normal 0 0 -1
    outer loop
      vertex 84.89578928833006 7.387167292060716 0
      vertex 84.89578928833006 54.21283270793928 0
      vertex 85.08822856765377 54.25111126056639 0
    endloop
  endfacet
  facet normal 0 0 -1
    outer loop
      vertex 85.08822856765377 7.348888739433603 0
      vertex 85.08822856765377 54.25111126056639 0
      vertex 85.27402514854762 54.31418070123306 0
    endloop
  endfacet
  facet normal 0 0 -1
    outer loop
      vertex 85.27402514854762 7.28581929876693 0
      vertex 85.27402514854762 54.31418070123306 0
      vertex 85.44999999999999 54.40096189432334 0
    endloop
  endfacet
  facet normal 0 0 -1
    outer loop
      vertex 85.44999999999999 7.199038105676658 0
      vertex 85.44999999999999 54.40096189432334 0
      vertex 85.61314214351307 54.509969989563146 0
    endloop
  endfacet
  facet normal 0 0 -1
    outer loop
      vertex 85.61314214351307 7.090030010436854 0
      vertex 85.61314214351307 54.509969989563146 0
      vertex 85.7606601717798 54.63933982822017 0
    endloop
  endfacet
  facet normal 0 0 -1
    outer loop
      vertex 85.7606601717798 6.960660171779821 0
      vertex 85.7606601717798 54.63933982822017 0
      vertex 85.89003001043685 54.78685785648692 0
    endloop
  endfacet
  facet normal 0 0 -1
    outer loop
      vertex 90.6 61.599999999999994 0
      vertex 85.7606601717798 6.960660171779821 0
      vertex 85.89003001043685 54.78685785648692 0
    endloop
  endfacet
  facet normal 0 0 1
    outer loop
      vertex 84.09 14.279999999999998 2.5
      vertex 83.7868578564869 54.509969989563146 2.5
      vertex 83.63933982822017 54.63933982822017 2.5
    endloop
  endfacet
  facet normal 0 0 1
    outer loop
      vertex 84.09 14.279999999999998 2.5
      vertex 83.50996998956313 54.78685785648692 2.5
      vertex 83.40096189432333 54.949999999999996 2.5
    endloop
  endfacet
  facet normal 0 0 1
    outer loop
      vertex 84.09 14.279999999999998 2.5
      vertex 83.63933982822017 54.63933982822017 2.5
      vertex 83.50996998956313 54.78685785648692 2.5
    endloop
  endfacet
  facet normal 0 0 1
    outer loop
      vertex 84.09 14.279999999999998 2.5
      vertex 84.09 54.33192153467895 2.5
      vertex 83.94999999999999 54.40096189432334 2.5
    endloop
  endfacet
  facet normal 0 0 1
    outer loop
      vertex 84.09 14.279999999999998 2.5
      vertex 83.94999999999999 54.40096189432334 2.5
      vertex 83.7868578564869 54.509969989563146 2.5
    endloop
  endfacet
  facet normal 1 0 0
    outer loop
      vertex 90.6 0 2.5
      vertex 90.6 61.599999999999994 0
      vertex 90.6 61.599999999999994 2.5
    endloop
  endfacet
  facet normal 0 0 1
    outer loop
      vertex 86.29 12.079999999999998 2.5
      vertex 90.6 61.599999999999994 2.5
      vertex 86.29 59.599999999999994 2.5
    endloop
  endfacet
  facet normal 0 0 1
    outer loop
      vertex 84.09 57.4 2.5
      vertex 64.3 47.39999999999999 2.5
      vertex 59.3 36.28 2.5
    endloop
  endfacet
  facet normal 0 0 1
    outer loop
      vertex 84.09 57.4 2.5
      vertex 64.3 55.39999999999999 2.5
      vertex 64.3 47.39999999999999 2.5
    endloop
  endfacet
  facet normal 0 0 1
    outer loop
      vertex 59.3 36.28 2.5
      vertex 83.40096189432333 54.949999999999996 2.5
      vertex 83.31418070123306 55.12597485145236 2.5
    endloop
  endfacet
  facet normal 0 0 1
    outer loop
      vertex 59.3 36.28 2.5
      vertex 83.31418070123306 55.12597485145236 2.5
      vertex 83.25111126056639 55.31177143234621 2.5
    endloop
  endfacet
  facet normal 0 0 1
    outer loop
      vertex 59.3 36.28 2.5
      vertex 83.25111126056639 55.31177143234621 2.5
      vertex 83.21283270793927 55.50421071166992 2.5
    endloop
  endfacet
  facet normal 0 0 1
    outer loop
      vertex 59.3 36.28 2.5
      vertex 83.21283270793927 55.50421071166992 2.5
      vertex 83.19999999999999 55.699999999999996 2.5
    endloop
  endfacet
  facet normal 0 0 1
    outer loop
      vertex 59.3 36.28 2.5
      vertex 83.19999999999999 55.699999999999996 2.5
      vertex 83.21283270793927 55.89578928833007 2.5
    endloop
  endfacet
  facet normal 0 0 1
    outer loop
      vertex 59.3 36.28 2.5
      vertex 83.21283270793927 55.89578928833007 2.5
      vertex 83.25111126056639 56.08822856765378 2.5
    endloop
  endfacet
  facet normal 0 0 1
    outer loop
      vertex 59.3 36.28 2.5
      vertex 83.25111126056639 56.08822856765378 2.5
      vertex 83.31418070123306 56.27402514854763 2.5
    endloop
  endfacet
  facet normal 0 0 1
    outer loop
      vertex 59.3 36.28 2.5
      vertex 83.31418070123306 56.27402514854763 2.5
      vertex 83.40096189432333 56.449999999999996 2.5
    endloop
  endfacet
  facet normal 0 0 1
    outer loop
      vertex 59.3 36.28 2.5
      vertex 83.40096189432333 56.449999999999996 2.5
      vertex 83.50996998956313 56.61314214351307 2.5
    endloop
  endfacet
  facet normal 0 0 1
    outer loop
      vertex 59.3 36.28 2.5
      vertex 83.50996998956313 56.61314214351307 2.5
      vertex 83.63933982822017 56.76066017177982 2.5
    endloop
  endfacet
  facet normal 0 0 1
    outer loop
      vertex 59.3 36.28 2.5
      vertex 83.63933982822017 56.76066017177982 2.5
      vertex 83.7868578564869 56.890030010436845 2.5
    endloop
  endfacet
  facet normal 0 0 1
    outer loop
      vertex 84.09 57.4 2.5
      vertex 59.3 36.28 2.5
      vertex 83.7868578564869 56.890030010436845 2.5
    endloop
  endfacet
  facet normal 0 0 -1
    outer loop
      vertex 90.6 61.599999999999994 0
      vertex 64.3 47.39999999999999 0
      vertex 64.3 55.39999999999999 0
    endloop
  endfacet
  facet normal 0 0 -1
    outer loop
      vertex 90.6 61.599999999999994 0
      vertex 85.89003001043685 54.78685785648692 0
      vertex 85.99903810567665 54.949999999999996 0
    endloop
  endfacet
  facet normal 0 0 -1
    outer loop
      vertex 90.6 61.599999999999994 0
      vertex 85.99903810567665 54.949999999999996 0
      vertex 86.08581929876692 55.12597485145236 0
    endloop
  endfacet
  facet normal 0 0 -1
    outer loop
      vertex 90.6 61.599999999999994 0
      vertex 86.08581929876692 55.12597485145236 0
      vertex 86.14888873943359 55.31177143234621 0
    endloop
  endfacet
  facet normal 0 0 -1
    outer loop
      vertex 90.6 61.599999999999994 0
      vertex 86.14888873943359 55.31177143234621 0
      vertex 86.1871672920607 55.50421071166992 0
    endloop
  endfacet
  facet normal 0 0 -1
    outer loop
      vertex 90.6 61.599999999999994 0
      vertex 86.1871672920607 55.50421071166992 0
      vertex 86.19999999999999 55.699999999999996 0
    endloop
  endfacet
  facet normal 0 0 -1
    outer loop
      vertex 90.6 61.599999999999994 0
      vertex 86.19999999999999 55.699999999999996 0
      vertex 86.1871672920607 55.89578928833007 0
    endloop
  endfacet
  facet normal 0 0 -1
    outer loop
      vertex 90.6 61.599999999999994 0
      vertex 83.94999999999999 56.999038105676654 0
      vertex 83.7868578564869 56.890030010436845 0
    endloop
  endfacet
  facet normal 0 0 -1
    outer loop
      vertex 90.6 61.599999999999994 0
      vertex 84.12597485145236 57.08581929876693 0
      vertex 83.94999999999999 56.999038105676654 0
    endloop
  endfacet
  facet normal 0 0 -1
    outer loop
      vertex 90.6 61.599999999999994 0
      vertex 84.3117714323462 57.1488887394336 0
      vertex 84.12597485145236 57.08581929876693 0
    endloop
  endfacet
  facet normal 0 0 -1
    outer loop
      vertex 90.6 61.599999999999994 0
      vertex 84.50421071166991 57.187167292060714 0
      vertex 84.3117714323462 57.1488887394336 0
    endloop
  endfacet
  facet normal 0 0 -1
    outer loop
      vertex 90.6 61.599999999999994 0
      vertex 84.69999999999999 57.199999999999996 0
      vertex 84.50421071166991 57.187167292060714 0
    endloop
  endfacet
  facet normal 0 0 -1
    outer loop
      vertex 90.6 61.599999999999994 0
      vertex 84.89578928833006 57.187167292060714 0
      vertex 84.69999999999999 57.199999999999996 0
    endloop
  endfacet
  facet normal 0 0 -1
    outer loop
      vertex 90.6 61.599999999999994 0
      vertex 85.08822856765377 57.1488887394336 0
      vertex 84.89578928833006 57.187167292060714 0
    endloop
  endfacet
  facet normal 0 0 -1
    outer loop
      vertex 90.6 61.599999999999994 0
      vertex 85.27402514854762 57.08581929876693 0
      vertex 85.08822856765377 57.1488887394336 0
    endloop
  endfacet
  facet normal 0 0 -1
    outer loop
      vertex 90.6 61.599999999999994 0
      vertex 86.1871672920607 55.89578928833007 0
      vertex 86.14888873943359 56.08822856765378 0
    endloop
  endfacet
  facet normal 0 0 -1
    outer loop
      vertex 90.6 61.599999999999994 0
      vertex 86.14888873943359 56.08822856765378 0
      vertex 86.08581929876692 56.27402514854763 0
    endloop
  endfacet
  facet normal 0 0 -1
    outer loop
      vertex 90.6 61.599999999999994 0
      vertex 86.08581929876692 56.27402514854763 0
      vertex 85.99903810567665 56.449999999999996 0
    endloop
  endfacet
  facet normal 0 0 -1
    outer loop
      vertex 90.6 61.599999999999994 0
      vertex 85.99903810567665 56.449999999999996 0
      vertex 85.89003001043685 56.61314214351307 0
    endloop
  endfacet
  facet normal 0 0 -1
    outer loop
      vertex 90.6 61.599999999999994 0
      vertex 85.7606601717798 56.76066017177982 0
      vertex 85.61314214351307 56.890030010436845 0
    endloop
  endfacet
  facet normal 0 0 -1
    outer loop
      vertex 90.6 61.599999999999994 0
      vertex 85.44999999999999 56.999038105676654 0
      vertex 85.27402514854762 57.08581929876693 0
    endloop
  endfacet
  facet normal 0 0 -1
    outer loop
      vertex 90.6 61.599999999999994 0
      vertex 85.61314214351307 56.890030010436845 0
      vertex 85.44999999999999 56.999038105676654 0
    endloop
  endfacet
  facet normal 0 0 -1
    outer loop
      vertex 90.6 61.599999999999994 0
      vertex 85.89003001043685 56.61314214351307 0
      vertex 85.7606601717798 56.76066017177982 0
    endloop
  endfacet
  facet normal 0 0 1
    outer loop
      vertex 84.09 57.4 2.5
      vertex 83.7868578564869 56.890030010436845 2.5
      vertex 83.94999999999999 56.999038105676654 2.5
    endloop
  endfacet
  facet normal 0 0 1
    outer loop
      vertex 84.09 57.4 2.5
      vertex 83.94999999999999 56.999038105676654 2.5
      vertex 84.09 57.068078465321044 2.5
    endloop
  endfacet
  facet normal 0.6593458151000725 0.7518398074789742 -2.0131718762374572e-18
    outer loop
      vertex 4.986857856486919 4.709969989563147 0
      vertex 4.839339828220179 4.839339828220179 0
      vertex 4.839339828220179 4.839339828220179 2.5
    endloop
  endfacet
  facet normal 0.5555702330196001 0.8314696123025466 0
    outer loop
      vertex 4.986857856486919 4.709969989563147 2.5
      vertex 5.15 4.600961894323342 0
      vertex 4.986857856486919 4.709969989563147 0
    endloop
  endfacet
  facet normal 0.44228869021900014 0.8968727415326889 0
    outer loop
      vertex 5.15 4.600961894323342 2.5
      vertex 5.325974851452366 4.51418070123307 0
      vertex 5.15 4.600961894323342 0
    endloop
  endfacet
  facet normal 0.32143946530316364 0.946930129495105 0
    outer loop
      vertex 5.325974851452366 4.51418070123307 2.5
      vertex 5.511771432346219 4.451111260566398 0
      vertex 5.325974851452366 4.51418070123307 0
    endloop
  endfacet
  facet normal 0.1950903220161271 0.9807852804032307 0
    outer loop
      vertex 5.511771432346219 4.451111260566398 2.5
      vertex 5.704210711669923 4.412832707939285 0
      vertex 5.511771432346219 4.451111260566398 0
    endloop
  endfacet
  facet normal 0.8968727415326889 0.44228869021900014 0
    outer loop
      vertex 4.51418070123307 5.325974851452366 2.5
      vertex 4.600961894323342 5.15 0
      vertex 4.51418070123307 5.325974851452366 0
    endloop
  endfacet
  facet normal 0.7518398074789742 0.6593458151000725 0
    outer loop
      vertex 4.709969989563147 4.986857856486919 2.5
      vertex 4.839339828220179 4.839339828220179 0
      vertex 4.709969989563147 4.986857856486919 0
    endloop
  endfacet
  facet normal 0.8314696123025466 0.5555702330196001 0
    outer loop
      vertex 4.600961894323342 5.15 2.5
      vertex 4.709969989563147 4.986857856486919 0
      vertex 4.600961894323342 5.15 0
    endloop
  endfacet
  facet normal 0.946930129495105 0.32143946530316364 0
    outer loop
      vertex 4.451111260566398 5.511771432346219 2.5
      vertex 4.51418070123307 5.325974851452366 0
      vertex 4.451111260566398 5.511771432346219 0
    endloop
  endfacet
  facet normal 0.9807852804032307 0.1950903220161271 0
    outer loop
      vertex 4.412832707939285 5.704210711669923 2.5
      vertex 4.451111260566398 5.511771432346219 0
      vertex 4.412832707939285 5.704210711669923 0
    endloop
  endfacet
  facet normal 0.9978589232386035 0.0654031292301435 0
    outer loop
      vertex 4.4 5.9 2.5
      vertex 4.412832707939285 5.704210711669923 0
      vertex 4.4 5.9 0
    endloop
  endfacet
  facet normal 0.9978589232386035 -0.0654031292301435 0
    outer loop
      vertex 4.412832707939285 6.095789288330078 2.5
      vertex 4.4 5.9 0
      vertex 4.412832707939285 6.095789288330078 0
    endloop
  endfacet
  facet normal 0.9807852804032307 -0.1950903220161271 0
    outer loop
      vertex 4.451111260566398 6.288228567653782 2.5
      vertex 4.412832707939285 6.095789288330078 0
      vertex 4.451111260566398 6.288228567653782 0
    endloop
  endfacet
  facet normal 0.946930129495105 -0.32143946530316364 0
    outer loop
      vertex 4.51418070123307 6.474025148547635 2.5
      vertex 4.451111260566398 6.288228567653782 0
      vertex 4.51418070123307 6.474025148547635 0
    endloop
  endfacet
  facet normal 0.8968727415326889 -0.44228869021900014 0
    outer loop
      vertex 4.600961894323342 6.65 2.5
      vertex 4.51418070123307 6.474025148547635 0
      vertex 4.600961894323342 6.65 0
    endloop
  endfacet
  facet normal 0.8314696123025466 -0.5555702330196001 0
    outer loop
      vertex 4.709969989563147 6.8131421435130815 2.5
      vertex 4.600961894323342 6.65 0
      vertex 4.709969989563147 6.8131421435130815 0
    endloop
  endfacet
  facet normal 0.7518398074789742 -0.6593458151000725 0
    outer loop
      vertex 4.839339828220179 6.960660171779821 2.5
      vertex 4.709969989563147 6.8131421435130815 0
      vertex 4.839339828220179 6.960660171779821 0
    endloop
  endfacet
  facet normal 0.6593458151000725 -0.7518398074789742 0
    outer loop
      vertex 4.986857856486919 7.090030010436854 2.5
      vertex 4.839339828220179 6.960660171779821 0
      vertex 4.986857856486919 7.090030010436854 0
    endloop
  endfacet
  facet normal 0.5555702330196001 -0.8314696123025466 0
    outer loop
      vertex 5.15 7.199038105676658 2.5
      vertex 4.986857856486919 7.090030010436854 0
      vertex 5.15 7.199038105676658 0
    endloop
  endfacet
  facet normal 0.44228869021900014 -0.8968727415326889 0
    outer loop
      vertex 5.325974851452366 7.28581929876693 2.5
      vertex 5.15 7.199038105676658 0
      vertex 5.325974851452366 7.28581929876693 0
    endloop
  endfacet
  facet normal 0.32143946530316364 -0.946930129495105 0
    outer loop
      vertex 5.511771432346219 7.348888739433603 2.5
      vertex 5.325974851452366 7.28581929876693 0
      vertex 5.511771432346219 7.348888739433603 0
    endloop
  endfacet
  facet normal 0.1950903220161271 -0.9807852804032307 0
    outer loop
      vertex 5.704210711669923 7.387167292060716 2.5
      vertex 5.511771432346219 7.348888739433603 0
      vertex 5.704210711669923 7.387167292060716 0
    endloop
  endfacet
  facet normal 0.0654031292301435 0.9978589232386035 0
    outer loop
      vertex 5.704210711669923 4.412832707939285 2.5
      vertex 5.9 4.4 0
      vertex 5.704210711669923 4.412832707939285 0
    endloop
  endfacet
  facet normal -0.0654031292301435 0.9978589232386035 0
    outer loop
      vertex 5.9 4.4 2.5
      vertex 6.095789288330078 4.412832707939285 0
      vertex 5.9 4.4 0
    endloop
  endfacet
  facet normal -0.1950903220161271 0.9807852804032307 0
    outer loop
      vertex 6.095789288330078 4.412832707939285 2.5
      vertex 6.288228567653782 4.451111260566398 0
      vertex 6.095789288330078 4.412832707939285 0
    endloop
  endfacet
  facet normal -0.32143946530316364 0.946930129495105 0
    outer loop
      vertex 6.288228567653782 4.451111260566398 2.5
      vertex 6.474025148547635 4.51418070123307 0
      vertex 6.288228567653782 4.451111260566398 0
    endloop
  endfacet
  facet normal -0.44228869021900014 0.8968727415326889 0
    outer loop
      vertex 6.474025148547635 4.51418070123307 2.5
      vertex 6.65 4.600961894323342 0
      vertex 6.474025148547635 4.51418070123307 0
    endloop
  endfacet
  facet normal -0.5555702330196001 0.8314696123025466 0
    outer loop
      vertex 6.65 4.600961894323342 2.5
      vertex 6.8131421435130815 4.709969989563147 0
      vertex 6.65 4.600961894323342 0
    endloop
  endfacet
  facet normal -0.6593458151000725 0.7518398074789742 0
    outer loop
      vertex 6.8131421435130815 4.709969989563147 2.5
      vertex 6.960660171779821 4.839339828220179 0
      vertex 6.8131421435130815 4.709969989563147 0
    endloop
  endfacet
  facet normal -0.7518398074789742 0.6593458151000725 0
    outer loop
      vertex 6.960660171779821 4.839339828220179 0
      vertex 6.960660171779821 4.839339828220179 2.5
      vertex 7.090030010436854 4.986857856486919 0
    endloop
  endfacet
  facet normal -0.8314696123025466 0.5555702330196001 0
    outer loop
      vertex 7.090030010436854 4.986857856486919 2.5
      vertex 7.199038105676658 5.15 0
      vertex 7.090030010436854 4.986857856486919 0
    endloop
  endfacet
  facet normal -0.8968727415326889 0.44228869021900014 0
    outer loop
      vertex 7.199038105676658 5.15 2.5
      vertex 7.28581929876693 5.325974851452366 0
      vertex 7.199038105676658 5.15 0
    endloop
  endfacet
  facet normal -0.946930129495105 0.32143946530316364 0
    outer loop
      vertex 7.28581929876693 5.325974851452366 2.5
      vertex 7.348888739433603 5.511771432346219 0
      vertex 7.28581929876693 5.325974851452366 0
    endloop
  endfacet
  facet normal -0.9807852804032307 0.1950903220161271 0
    outer loop
      vertex 7.348888739433603 5.511771432346219 2.5
      vertex 7.387167292060716 5.704210711669923 0
      vertex 7.348888739433603 5.511771432346219 0
    endloop
  endfacet
  facet normal -0.9978589232386035 0.0654031292301435 0
    outer loop
      vertex 7.387167292060716 5.704210711669923 2.5
      vertex 7.4 5.9 0
      vertex 7.387167292060716 5.704210711669923 0
    endloop
  endfacet
  facet normal 0.0654031292301435 -0.9978589232386035 0
    outer loop
      vertex 5.9 7.4 2.5
      vertex 5.704210711669923 7.387167292060716 0
      vertex 5.9 7.4 0
    endloop
  endfacet
  facet normal -0.0654031292301435 -0.9978589232386035 0
    outer loop
      vertex 6.095789288330078 7.387167292060716 2.5
      vertex 5.9 7.4 0
      vertex 6.095789288330078 7.387167292060716 0
    endloop
  endfacet
  facet normal -0.1950903220161271 -0.9807852804032307 0
    outer loop
      vertex 6.288228567653782 7.348888739433603 2.5
      vertex 6.095789288330078 7.387167292060716 0
      vertex 6.288228567653782 7.348888739433603 0
    endloop
  endfacet
  facet normal -0.7518398074789742 -0.6593458151000725 0
    outer loop
      vertex 7.090030010436854 6.8131421435130815 2.5
      vertex 6.960660171779821 6.960660171779821 0
      vertex 7.090030010436854 6.8131421435130815 0
    endloop
  endfacet
  facet normal -0.5555702330196001 -0.8314696123025466 0
    outer loop
      vertex 6.8131421435130815 7.090030010436854 2.5
      vertex 6.65 7.199038105676658 0
      vertex 6.8131421435130815 7.090030010436854 0
    endloop
  endfacet
  facet normal -0.6593458151000725 -0.7518398074789742 -2.0131718762374572e-18
    outer loop
      vertex 6.8131421435130815 7.090030010436854 0
      vertex 6.960660171779821 6.960660171779821 0
      vertex 6.960660171779821 6.960660171779821 2.5
    endloop
  endfacet
  facet normal -0.32143946530316364 -0.946930129495105 0
    outer loop
      vertex 6.474025148547635 7.28581929876693 2.5
      vertex 6.288228567653782 7.348888739433603 0
      vertex 6.474025148547635 7.28581929876693 0
    endloop
  endfacet
  facet normal -0.44228869021900014 -0.8968727415326889 0
    outer loop
      vertex 6.65 7.199038105676658 2.5
      vertex 6.474025148547635 7.28581929876693 0
      vertex 6.65 7.199038105676658 0
    endloop
  endfacet
  facet normal -0.9978589232386035 -0.0654031292301435 0
    outer loop
      vertex 7.4 5.9 2.5
      vertex 7.387167292060716 6.095789288330078 0
      vertex 7.4 5.9 0
    endloop
  endfacet
  facet normal -0.9807852804032307 -0.1950903220161271 0
    outer loop
      vertex 7.387167292060716 6.095789288330078 2.5
      vertex 7.348888739433603 6.288228567653782 0
      vertex 7.387167292060716 6.095789288330078 0
    endloop
  endfacet
  facet normal -0.946930129495105 -0.32143946530316364 0
    outer loop
      vertex 7.348888739433603 6.288228567653782 2.5
      vertex 7.28581929876693 6.474025148547635 0
      vertex 7.348888739433603 6.288228567653782 0
    endloop
  endfacet
  facet normal -0.8314696123025466 -0.5555702330196001 0
    outer loop
      vertex 7.199038105676658 6.65 2.5
      vertex 7.090030010436854 6.8131421435130815 0
      vertex 7.199038105676658 6.65 0
    endloop
  endfacet
  facet normal -0.8968727415326889 -0.44228869021900014 0
    outer loop
      vertex 7.28581929876693 6.474025148547635 2.5
      vertex 7.199038105676658 6.65 0
      vertex 7.28581929876693 6.474025148547635 0
    endloop
  endfacet
  facet normal 0.6593458151000725 0.7518398074789742 0
    outer loop
      vertex 4.986857856486919 4.709969989563147 2.5
      vertex 4.986857856486919 4.709969989563147 0
      vertex 4.839339828220179 4.839339828220179 2.5
    endloop
  endfacet
  facet normal 0.44228869021900014 0.8968727415326889 0
    outer loop
      vertex 5.325974851452366 4.51418070123307 2.5
      vertex 5.325974851452366 4.51418070123307 0
      vertex 5.15 4.600961894323342 2.5
    endloop
  endfacet
  facet normal 0.5555702330196001 0.8314696123025466 0
    outer loop
      vertex 5.15 4.600961894323342 2.5
      vertex 5.15 4.600961894323342 0
      vertex 4.986857856486919 4.709969989563147 2.5
    endloop
  endfacet
  facet normal 0.32143946530316364 0.946930129495105 0
    outer loop
      vertex 5.511771432346219 4.451111260566398 2.5
      vertex 5.511771432346219 4.451111260566398 0
      vertex 5.325974851452366 4.51418070123307 2.5
    endloop
  endfacet
  facet normal 0.1950903220161271 0.9807852804032307 0
    outer loop
      vertex 5.704210711669923 4.412832707939285 2.5
      vertex 5.704210711669923 4.412832707939285 0
      vertex 5.511771432346219 4.451111260566398 2.5
    endloop
  endfacet
  facet normal 0.8968727415326889 0.44228869021900014 -1.1409834834030116e-18
    outer loop
      vertex 4.51418070123307 5.325974851452366 2.5
      vertex 4.600961894323342 5.15 2.5
      vertex 4.600961894323342 5.15 0
    endloop
  endfacet
  facet normal 0.8314696123025466 0.5555702330196001 -1.6833347752399726e-18
    outer loop
      vertex 4.600961894323342 5.15 2.5
      vertex 4.709969989563147 4.986857856486919 2.5
      vertex 4.709969989563147 4.986857856486919 0
    endloop
  endfacet
  facet normal 0.7518398074789742 0.6593458151000725 -2.0131718762374572e-18
    outer loop
      vertex 4.709969989563147 4.986857856486919 2.5
      vertex 4.839339828220179 4.839339828220179 2.5
      vertex 4.839339828220179 4.839339828220179 0
    endloop
  endfacet
  facet normal 0.946930129495105 0.32143946530316364 -1.1111766234456896e-18
    outer loop
      vertex 4.451111260566398 5.511771432346219 2.5
      vertex 4.51418070123307 5.325974851452366 2.5
      vertex 4.51418070123307 5.325974851452366 0
    endloop
  endfacet
  facet normal 0.9978589232386035 0.0654031292301435 -2.463193568038614e-19
    outer loop
      vertex 4.4 5.9 2.5
      vertex 4.412832707939285 5.704210711669923 2.5
      vertex 4.412832707939285 5.704210711669923 0
    endloop
  endfacet
  facet normal 0.9807852804032307 0.1950903220161271 1.2185595602865002e-20
    outer loop
      vertex 4.412832707939285 5.704210711669923 2.5
      vertex 4.451111260566398 5.511771432346219 2.5
      vertex 4.451111260566398 5.511771432346219 0
    endloop
  endfacet
  facet normal 0.9978589232386035 -0.0654031292301435 2.463193568038614e-19
    outer loop
      vertex 4.412832707939285 6.095789288330078 2.5
      vertex 4.4 5.9 2.5
      vertex 4.4 5.9 0
    endloop
  endfacet
  facet normal 0.9807852804032307 -0.1950903220161271 -1.2185595602865002e-20
    outer loop
      vertex 4.451111260566398 6.288228567653782 2.5
      vertex 4.412832707939285 6.095789288330078 2.5
      vertex 4.412832707939285 6.095789288330078 0
    endloop
  endfacet
  facet normal 0.946930129495105 -0.32143946530316364 1.1111766234456896e-18
    outer loop
      vertex 4.51418070123307 6.474025148547635 2.5
      vertex 4.451111260566398 6.288228567653782 2.5
      vertex 4.451111260566398 6.288228567653782 0
    endloop
  endfacet
  facet normal 0.8968727415326889 -0.44228869021900014 1.1409834834030116e-18
    outer loop
      vertex 4.600961894323342 6.65 2.5
      vertex 4.51418070123307 6.474025148547635 2.5
      vertex 4.51418070123307 6.474025148547635 0
    endloop
  endfacet
  facet normal 0.8314696123025466 -0.5555702330196001 1.6833347752399726e-18
    outer loop
      vertex 4.709969989563147 6.8131421435130815 2.5
      vertex 4.600961894323342 6.65 2.5
      vertex 4.600961894323342 6.65 0
    endloop
  endfacet
  facet normal 0.7518398074789742 -0.6593458151000725 2.0131718762374572e-18
    outer loop
      vertex 4.839339828220179 6.960660171779821 2.5
      vertex 4.709969989563147 6.8131421435130815 2.5
      vertex 4.709969989563147 6.8131421435130815 0
    endloop
  endfacet
  facet normal 0.6593458151000725 -0.7518398074789742 0
    outer loop
      vertex 4.839339828220179 6.960660171779821 2.5
      vertex 4.839339828220179 6.960660171779821 0
      vertex 4.986857856486919 7.090030010436854 2.5
    endloop
  endfacet
  facet normal 0.5555702330196001 -0.8314696123025466 0
    outer loop
      vertex 4.986857856486919 7.090030010436854 2.5
      vertex 4.986857856486919 7.090030010436854 0
      vertex 5.15 7.199038105676658 2.5
    endloop
  endfacet
  facet normal 0.44228869021900014 -0.8968727415326889 0
    outer loop
      vertex 5.15 7.199038105676658 2.5
      vertex 5.15 7.199038105676658 0
      vertex 5.325974851452366 7.28581929876693 2.5
    endloop
  endfacet
  facet normal 0.32143946530316364 -0.946930129495105 0
    outer loop
      vertex 5.325974851452366 7.28581929876693 2.5
      vertex 5.325974851452366 7.28581929876693 0
      vertex 5.511771432346219 7.348888739433603 2.5
    endloop
  endfacet
  facet normal 0.1950903220161271 -0.9807852804032307 0
    outer loop
      vertex 5.511771432346219 7.348888739433603 2.5
      vertex 5.511771432346219 7.348888739433603 0
      vertex 5.704210711669923 7.387167292060716 2.5
    endloop
  endfacet
  facet normal 0.0654031292301435 0.9978589232386035 0
    outer loop
      vertex 5.9 4.4 2.5
      vertex 5.9 4.4 0
      vertex 5.704210711669923 4.412832707939285 2.5
    endloop
  endfacet
  facet normal -0.0654031292301435 0.9978589232386035 0
    outer loop
      vertex 6.095789288330078 4.412832707939285 2.5
      vertex 6.095789288330078 4.412832707939285 0
      vertex 5.9 4.4 2.5
    endloop
  endfacet
  facet normal -0.1950903220161271 0.9807852804032307 0
    outer loop
      vertex 6.288228567653782 4.451111260566398 2.5
      vertex 6.288228567653782 4.451111260566398 0
      vertex 6.095789288330078 4.412832707939285 2.5
    endloop
  endfacet
  facet normal -0.32143946530316364 0.946930129495105 0
    outer loop
      vertex 6.474025148547635 4.51418070123307 2.5
      vertex 6.474025148547635 4.51418070123307 0
      vertex 6.288228567653782 4.451111260566398 2.5
    endloop
  endfacet
  facet normal -0.44228869021900014 0.8968727415326889 0
    outer loop
      vertex 6.65 4.600961894323342 2.5
      vertex 6.65 4.600961894323342 0
      vertex 6.474025148547635 4.51418070123307 2.5
    endloop
  endfacet
  facet normal -0.5555702330196001 0.8314696123025466 0
    outer loop
      vertex 6.8131421435130815 4.709969989563147 2.5
      vertex 6.8131421435130815 4.709969989563147 0
      vertex 6.65 4.600961894323342 2.5
    endloop
  endfacet
  facet normal -0.6593458151000725 0.7518398074789742 0
    outer loop
      vertex 6.960660171779821 4.839339828220179 2.5
      vertex 6.960660171779821 4.839339828220179 0
      vertex 6.8131421435130815 4.709969989563147 2.5
    endloop
  endfacet
  facet normal -0.7518398074789742 0.6593458151000725 2.0131718762374572e-18
    outer loop
      vertex 6.960660171779821 4.839339828220179 2.5
      vertex 7.090030010436854 4.986857856486919 2.5
      vertex 7.090030010436854 4.986857856486919 0
    endloop
  endfacet
  facet normal -0.8314696123025466 0.5555702330196001 1.6833347752399726e-18
    outer loop
      vertex 7.090030010436854 4.986857856486919 2.5
      vertex 7.199038105676658 5.15 2.5
      vertex 7.199038105676658 5.15 0
    endloop
  endfacet
  facet normal -0.8968727415326889 0.44228869021900014 1.1409834834030116e-18
    outer loop
      vertex 7.199038105676658 5.15 2.5
      vertex 7.28581929876693 5.325974851452366 2.5
      vertex 7.28581929876693 5.325974851452366 0
    endloop
  endfacet
  facet normal -0.946930129495105 0.32143946530316364 1.1111766234456896e-18
    outer loop
      vertex 7.28581929876693 5.325974851452366 2.5
      vertex 7.348888739433603 5.511771432346219 2.5
      vertex 7.348888739433603 5.511771432346219 0
    endloop
  endfacet
  facet normal -0.9807852804032307 0.1950903220161271 -1.2185595602865002e-20
    outer loop
      vertex 7.348888739433603 5.511771432346219 2.5
      vertex 7.387167292060716 5.704210711669923 2.5
      vertex 7.387167292060716 5.704210711669923 0
    endloop
  endfacet
  facet normal 0.0654031292301435 -0.9978589232386035 0
    outer loop
      vertex 5.704210711669923 7.387167292060716 2.5
      vertex 5.704210711669923 7.387167292060716 0
      vertex 5.9 7.4 2.5
    endloop
  endfacet
  facet normal -0.0654031292301435 -0.9978589232386035 0
    outer loop
      vertex 5.9 7.4 2.5
      vertex 5.9 7.4 0
      vertex 6.095789288330078 7.387167292060716 2.5
    endloop
  endfacet
  facet normal -0.1950903220161271 -0.9807852804032307 0
    outer loop
      vertex 6.095789288330078 7.387167292060716 2.5
      vertex 6.095789288330078 7.387167292060716 0
      vertex 6.288228567653782 7.348888739433603 2.5
    endloop
  endfacet
  facet normal -0.32143946530316364 -0.946930129495105 0
    outer loop
      vertex 6.288228567653782 7.348888739433603 2.5
      vertex 6.288228567653782 7.348888739433603 0
      vertex 6.474025148547635 7.28581929876693 2.5
    endloop
  endfacet
  facet normal -0.5555702330196001 -0.8314696123025466 0
    outer loop
      vertex 6.65 7.199038105676658 2.5
      vertex 6.65 7.199038105676658 0
      vertex 6.8131421435130815 7.090030010436854 2.5
    endloop
  endfacet
  facet normal -0.7518398074789742 -0.6593458151000725 -2.0131718762374572e-18
    outer loop
      vertex 7.090030010436854 6.8131421435130815 2.5
      vertex 6.960660171779821 6.960660171779821 2.5
      vertex 6.960660171779821 6.960660171779821 0
    endloop
  endfacet
  facet normal -0.6593458151000725 -0.7518398074789742 0
    outer loop
      vertex 6.8131421435130815 7.090030010436854 2.5
      vertex 6.8131421435130815 7.090030010436854 0
      vertex 6.960660171779821 6.960660171779821 2.5
    endloop
  endfacet
  facet normal -0.44228869021900014 -0.8968727415326889 0
    outer loop
      vertex 6.474025148547635 7.28581929876693 2.5
      vertex 6.474025148547635 7.28581929876693 0
      vertex 6.65 7.199038105676658 2.5
    endloop
  endfacet
  facet normal -0.9978589232386035 0.0654031292301435 2.463193568038614e-19
    outer loop
      vertex 7.387167292060716 5.704210711669923 2.5
      vertex 7.4 5.9 2.5
      vertex 7.4 5.9 0
    endloop
  endfacet
  facet normal -0.9978589232386035 -0.0654031292301435 -2.463193568038614e-19
    outer loop
      vertex 7.4 5.9 2.5
      vertex 7.387167292060716 6.095789288330078 2.5
      vertex 7.387167292060716 6.095789288330078 0
    endloop
  endfacet
  facet normal -0.9807852804032307 -0.1950903220161271 1.2185595602865002e-20
    outer loop
      vertex 7.387167292060716 6.095789288330078 2.5
      vertex 7.348888739433603 6.288228567653782 2.5
      vertex 7.348888739433603 6.288228567653782 0
    endloop
  endfacet
  facet normal -0.946930129495105 -0.32143946530316364 -1.1111766234456896e-18
    outer loop
      vertex 7.348888739433603 6.288228567653782 2.5
      vertex 7.28581929876693 6.474025148547635 2.5
      vertex 7.28581929876693 6.474025148547635 0
    endloop
  endfacet
  facet normal -0.8968727415326889 -0.44228869021900014 -1.1409834834030116e-18
    outer loop
      vertex 7.28581929876693 6.474025148547635 2.5
      vertex 7.199038105676658 6.65 2.5
      vertex 7.199038105676658 6.65 0
    endloop
  endfacet
  facet normal -0.8314696123025466 -0.5555702330196001 -1.6833347752399726e-18
    outer loop
      vertex 7.199038105676658 6.65 2.5
      vertex 7.090030010436854 6.8131421435130815 2.5
      vertex 7.090030010436854 6.8131421435130815 0
    endloop
  endfacet
  facet normal 0.6593458151000572 0.7518398074789876 0
    outer loop
      vertex 4.839339828220179 54.63933982822017 2.6
      vertex 4.986857856486919 54.509969989563146 0
      vertex 4.839339828220179 54.63933982822017 0
    endloop
  endfacet
  facet normal 0.751839807478986 0.6593458151000591 0
    outer loop
      vertex 4.709969989563147 54.78685785648692 2.6
      vertex 4.839339828220179 54.63933982822017 0
      vertex 4.709969989563147 54.78685785648692 0
    endloop
  endfacet
  facet normal 0.442288690219011 0.8968727415326834 0
    outer loop
      vertex 5.15 54.40096189432334 2.6
      vertex 5.325974851452366 54.31418070123306 0
      vertex 5.15 54.40096189432334 0
    endloop
  endfacet
  facet normal 0.3214394653031677 0.9469301294951036 0
    outer loop
      vertex 5.325974851452366 54.31418070123306 2.6
      vertex 5.511771432346219 54.25111126056639 0
      vertex 5.325974851452366 54.31418070123306 0
    endloop
  endfacet
  facet normal 0.19509032201612275 0.9807852804032314 0
    outer loop
      vertex 5.511771432346219 54.25111126056639 2.6
      vertex 5.704210711669923 54.21283270793928 0
      vertex 5.511771432346219 54.25111126056639 0
    endloop
  endfacet
  facet normal 0.5555702330196125 0.8314696123025384 0
    outer loop
      vertex 4.986857856486919 54.509969989563146 2.6
      vertex 5.15 54.40096189432334 0
      vertex 4.986857856486919 54.509969989563146 0
    endloop
  endfacet
  facet normal 0.8968727415326897 0.44228869021899825 0
    outer loop
      vertex 4.51418070123307 55.12597485145236 2.6
      vertex 4.600961894323342 54.949999999999996 0
      vertex 4.51418070123307 55.12597485145236 0
    endloop
  endfacet
  facet normal 0.9469301294951037 0.3214394653031678 0
    outer loop
      vertex 4.451111260566398 55.31177143234621 2.6
      vertex 4.51418070123307 55.12597485145236 0
      vertex 4.451111260566398 55.31177143234621 0
    endloop
  endfacet
  facet normal 0.8314696123025411 0.5555702330196085 0
    outer loop
      vertex 4.600961894323342 54.949999999999996 2.6
      vertex 4.709969989563147 54.78685785648692 0
      vertex 4.600961894323342 54.949999999999996 0
    endloop
  endfacet
  facet normal 0.9807852804032314 0.19509032201612367 0
    outer loop
      vertex 4.412832707939285 55.50421071166992 2.6
      vertex 4.451111260566398 55.31177143234621 0
      vertex 4.412832707939285 55.50421071166992 0
    endloop
  endfacet
  facet normal 0.9978589232386035 0.06540312923014409 0
    outer loop
      vertex 4.4 55.699999999999996 2.6
      vertex 4.412832707939285 55.50421071166992 0
      vertex 4.4 55.699999999999996 0
    endloop
  endfacet
  facet normal 0.9978589232386035 -0.06540312923014409 0
    outer loop
      vertex 4.412832707939285 55.89578928833007 2.6
      vertex 4.4 55.699999999999996 0
      vertex 4.412832707939285 55.89578928833007 0
    endloop
  endfacet
  facet normal 0.9807852804032314 -0.19509032201612367 0
    outer loop
      vertex 4.451111260566398 56.08822856765378 2.6
      vertex 4.412832707939285 55.89578928833007 0
      vertex 4.451111260566398 56.08822856765378 0
    endloop
  endfacet
  facet normal 0.9469301294951037 -0.3214394653031678 0
    outer loop
      vertex 4.51418070123307 56.27402514854763 2.6
      vertex 4.451111260566398 56.08822856765378 0
      vertex 4.51418070123307 56.27402514854763 0
    endloop
  endfacet
  facet normal 0.8968727415326897 -0.44228869021899825 0
    outer loop
      vertex 4.600961894323342 56.449999999999996 2.6
      vertex 4.51418070123307 56.27402514854763 0
      vertex 4.600961894323342 56.449999999999996 0
    endloop
  endfacet
  facet normal 0.8314696123025411 -0.5555702330196085 0
    outer loop
      vertex 4.709969989563147 56.61314214351307 2.6
      vertex 4.600961894323342 56.449999999999996 0
      vertex 4.709969989563147 56.61314214351307 0
    endloop
  endfacet
  facet normal 0.751839807478986 -0.6593458151000591 0
    outer loop
      vertex 4.839339828220179 56.76066017177982 2.6
      vertex 4.709969989563147 56.61314214351307 0
      vertex 4.839339828220179 56.76066017177982 0
    endloop
  endfacet
  facet normal 0.6593458151000572 -0.7518398074789876 0
    outer loop
      vertex 4.986857856486919 56.890030010436845 2.6
      vertex 4.839339828220179 56.76066017177982 0
      vertex 4.986857856486919 56.890030010436845 0
    endloop
  endfacet
  facet normal 0.5555702330196125 -0.8314696123025384 0
    outer loop
      vertex 5.15 56.999038105676654 2.6
      vertex 4.986857856486919 56.890030010436845 0
      vertex 5.15 56.999038105676654 0
    endloop
  endfacet
  facet normal 0.442288690219011 -0.8968727415326834 0
    outer loop
      vertex 5.325974851452366 57.08581929876693 2.6
      vertex 5.15 56.999038105676654 0
      vertex 5.325974851452366 57.08581929876693 0
    endloop
  endfacet
  facet normal 0.3214394653031677 -0.9469301294951036 0
    outer loop
      vertex 5.511771432346219 57.1488887394336 2.6
      vertex 5.325974851452366 57.08581929876693 0
      vertex 5.511771432346219 57.1488887394336 0
    endloop
  endfacet
  facet normal 0.19509032201612275 -0.9807852804032314 0
    outer loop
      vertex 5.704210711669923 57.187167292060714 2.6
      vertex 5.511771432346219 57.1488887394336 0
      vertex 5.704210711669923 57.187167292060714 0
    endloop
  endfacet
  facet normal -0.442288690219011 0.8968727415326836 3.2657079501469293e-16
    outer loop
      vertex 6.509999999999991 54.33192153467895 2.5
      vertex 6.65 54.40096189432334 0
      vertex 6.474025148547635 54.31418070123306 0
    endloop
  endfacet
  facet normal -0.5555702330196126 0.8314696123025384 0
    outer loop
      vertex 6.65 54.40096189432334 0
      vertex 6.65 54.40096189432334 2.5
      vertex 6.8131421435130815 54.509969989563146 0
    endloop
  endfacet
  facet normal -0.6593458151000572 0.7518398074789876 0
    outer loop
      vertex 6.8131421435130815 54.509969989563146 0
      vertex 6.8131421435130815 54.509969989563146 2.5
      vertex 6.960660171779821 54.63933982822017 0
    endloop
  endfacet
  facet normal -0.751839807478986 0.6593458151000591 0
    outer loop
      vertex 6.960660171779821 54.63933982822017 0
      vertex 6.960660171779821 54.63933982822017 2.5
      vertex 7.090030010436854 54.78685785648692 0
    endloop
  endfacet
  facet normal 0.06540312923012997 0.9978589232386044 0
    outer loop
      vertex 5.704210711669923 54.21283270793928 2.6
      vertex 5.9 54.199999999999996 0
      vertex 5.704210711669923 54.21283270793928 0
    endloop
  endfacet
  facet normal -0.06540312923012997 0.9978589232386044 0
    outer loop
      vertex 5.9 54.199999999999996 2.6
      vertex 6.095789288330078 54.21283270793928 0
      vertex 5.9 54.199999999999996 0
    endloop
  endfacet
  facet normal -0.19509032201612275 0.9807852804032314 0
    outer loop
      vertex 6.095789288330078 54.21283270793928 2.6
      vertex 6.288228567653782 54.25111126056639 0
      vertex 6.095789288330078 54.21283270793928 0
    endloop
  endfacet
  facet normal -0.3214394653031677 0.9469301294951036 0
    outer loop
      vertex 6.288228567653782 54.25111126056639 2.6
      vertex 6.474025148547635 54.31418070123306 0
      vertex 6.288228567653782 54.25111126056639 0
    endloop
  endfacet
  facet normal -0.8314696123025411 0.5555702330196085 -2.7322325267855848e-18
    outer loop
      vertex 7.199038105676658 54.949999999999996 0
      vertex 7.090030010436854 54.78685785648692 0
      vertex 7.090030010436854 54.78685785648692 2.5
    endloop
  endfacet
  facet normal -0.8968727415326898 0.4422886902189983 -8.67836771215576e-19
    outer loop
      vertex 7.28581929876693 55.12597485145236 0
      vertex 7.199038105676658 54.949999999999996 0
      vertex 7.199038105676658 54.949999999999996 2.5
    endloop
  endfacet
  facet normal -0.9469301294951035 0.32143946530316775 1.5544352141208605e-18
    outer loop
      vertex 7.348888739433603 55.31177143234621 0
      vertex 7.28581929876693 55.12597485145236 0
      vertex 7.28581929876693 55.12597485145236 2.5
    endloop
  endfacet
  facet normal -0.9807852804032313 0.19509032201612364 -3.853692506866601e-19
    outer loop
      vertex 7.387167292060716 55.50421071166992 0
      vertex 7.348888739433603 55.31177143234621 0
      vertex 7.348888739433603 55.31177143234621 2.5
    endloop
  endfacet
  facet normal -0.9978589232386035 0.0654031292301441 -2.5123752596968975e-19
    outer loop
      vertex 7.4 55.699999999999996 0
      vertex 7.387167292060716 55.50421071166992 0
      vertex 7.387167292060716 55.50421071166992 2.5
    endloop
  endfacet
  facet normal -0.9978589232386035 -0.0654031292301441 2.5123752596968975e-19
    outer loop
      vertex 7.387167292060716 55.89578928833007 0
      vertex 7.4 55.699999999999996 0
      vertex 7.4 55.699999999999996 2.5
    endloop
  endfacet
  facet normal -0.751839807478986 -0.6593458151000591 2.3326619474547903e-20
    outer loop
      vertex 6.960660171779821 56.76066017177982 0
      vertex 7.090030010436854 56.61314214351307 0
      vertex 7.090030010436854 56.61314214351307 2.5
    endloop
  endfacet
  facet normal -0.442288690219011 -0.8968727415326836 0
    outer loop
      vertex 6.65 56.999038105676654 0
      vertex 6.65 56.999038105676654 2.5
      vertex 6.474025148547635 57.08581929876693 0
    endloop
  endfacet
  facet normal -0.5555702330196126 -0.8314696123025384 0
    outer loop
      vertex 6.8131421435130815 56.890030010436845 0
      vertex 6.8131421435130815 56.890030010436845 2.5
      vertex 6.65 56.999038105676654 0
    endloop
  endfacet
  facet normal -0.6593458151000572 -0.7518398074789876 2.143538914968439e-18
    outer loop
      vertex 6.8131421435130815 56.890030010436845 0
      vertex 6.960660171779821 56.76066017177982 0
      vertex 6.960660171779821 56.76066017177982 2.5
    endloop
  endfacet
  facet normal 0.06540312923012997 -0.9978589232386044 0
    outer loop
      vertex 5.9 57.199999999999996 2.6
      vertex 5.704210711669923 57.187167292060714 0
      vertex 5.9 57.199999999999996 0
    endloop
  endfacet
  facet normal -0.06540312923012997 -0.9978589232386044 0
    outer loop
      vertex 6.095789288330078 57.187167292060714 2.6
      vertex 5.9 57.199999999999996 0
      vertex 6.095789288330078 57.187167292060714 0
    endloop
  endfacet
  facet normal -0.19509032201612275 -0.9807852804032314 0
    outer loop
      vertex 6.288228567653782 57.1488887394336 2.6
      vertex 6.095789288330078 57.187167292060714 0
      vertex 6.288228567653782 57.1488887394336 0
    endloop
  endfacet
  facet normal -0.3214394653031677 -0.9469301294951036 0
    outer loop
      vertex 6.474025148547635 57.08581929876693 2.6
      vertex 6.288228567653782 57.1488887394336 0
      vertex 6.474025148547635 57.08581929876693 0
    endloop
  endfacet
  facet normal -0.9807852804032313 -0.19509032201612364 3.853692506866601e-19
    outer loop
      vertex 7.348888739433603 56.08822856765378 0
      vertex 7.387167292060716 55.89578928833007 0
      vertex 7.387167292060716 55.89578928833007 2.5
    endloop
  endfacet
  facet normal -0.9469301294951035 -0.32143946530316775 -1.5544352141208605e-18
    outer loop
      vertex 7.28581929876693 56.27402514854763 0
      vertex 7.348888739433603 56.08822856765378 0
      vertex 7.348888739433603 56.08822856765378 2.5
    endloop
  endfacet
  facet normal -0.8314696123025411 -0.5555702330196085 2.7322325267855848e-18
    outer loop
      vertex 7.090030010436854 56.61314214351307 0
      vertex 7.199038105676658 56.449999999999996 0
      vertex 7.199038105676658 56.449999999999996 2.5
    endloop
  endfacet
  facet normal -0.8968727415326898 -0.4422886902189983 8.67836771215576e-19
    outer loop
      vertex 7.199038105676658 56.449999999999996 0
      vertex 7.28581929876693 56.27402514854763 0
      vertex 7.28581929876693 56.27402514854763 2.5
    endloop
  endfacet
  facet normal 0.6593458151000572 0.7518398074789876 0
    outer loop
      vertex 4.986857856486919 54.509969989563146 2.6
      vertex 4.986857856486919 54.509969989563146 0
      vertex 4.839339828220179 54.63933982822017 2.6
    endloop
  endfacet
  facet normal 0.8314696123025411 0.5555702330196085 0
    outer loop
      vertex 4.709969989563147 54.78685785648692 2.6
      vertex 4.709969989563147 54.78685785648692 0
      vertex 4.600961894323342 54.949999999999996 2.6
    endloop
  endfacet
  facet normal 0.751839807478986 0.6593458151000591 0
    outer loop
      vertex 4.839339828220179 54.63933982822017 2.6
      vertex 4.839339828220179 54.63933982822017 0
      vertex 4.709969989563147 54.78685785648692 2.6
    endloop
  endfacet
  facet normal 0.442288690219011 0.8968727415326834 1.2921564815692273e-18
    outer loop
      vertex 5.15 54.40096189432334 2.6
      vertex 5.325974851452366 54.31418070123306 2.6
      vertex 5.325974851452366 54.31418070123306 0
    endloop
  endfacet
  facet normal 0.3214394653031677 0.9469301294951036 0
    outer loop
      vertex 5.511771432346219 54.25111126056639 2.6
      vertex 5.511771432346219 54.25111126056639 0
      vertex 5.325974851452366 54.31418070123306 2.6
    endloop
  endfacet
  facet normal 0.19509032201612275 0.9807852804032314 1.1002754120774247e-19
    outer loop
      vertex 5.511771432346219 54.25111126056639 2.6
      vertex 5.704210711669923 54.21283270793928 2.6
      vertex 5.704210711669923 54.21283270793928 0
    endloop
  endfacet
  facet normal 0.5555702330196125 0.8314696123025384 -2.0100172995201306e-18
    outer loop
      vertex 4.986857856486919 54.509969989563146 2.6
      vertex 5.15 54.40096189432334 2.6
      vertex 5.15 54.40096189432334 0
    endloop
  endfacet
  facet normal 0.8968727415326897 0.44228869021899825 8.344584338611306e-19
    outer loop
      vertex 4.51418070123307 55.12597485145236 2.6
      vertex 4.600961894323342 54.949999999999996 2.6
      vertex 4.600961894323342 54.949999999999996 0
    endloop
  endfacet
  facet normal 0.9469301294951037 0.3214394653031678 0
    outer loop
      vertex 4.51418070123307 55.12597485145236 2.6
      vertex 4.51418070123307 55.12597485145236 0
      vertex 4.451111260566398 55.31177143234621 2.6
    endloop
  endfacet
  facet normal 0.9978589232386035 0.06540312923014409 0
    outer loop
      vertex 4.412832707939285 55.50421071166992 2.6
      vertex 4.412832707939285 55.50421071166992 0
      vertex 4.4 55.699999999999996 2.6
    endloop
  endfacet
  facet normal 0.9807852804032314 0.19509032201612367 0
    outer loop
      vertex 4.451111260566398 55.31177143234621 2.6
      vertex 4.451111260566398 55.31177143234621 0
      vertex 4.412832707939285 55.50421071166992 2.6
    endloop
  endfacet
  facet normal 0.9978589232386035 -0.06540312923014409 0
    outer loop
      vertex 4.4 55.699999999999996 2.6
      vertex 4.4 55.699999999999996 0
      vertex 4.412832707939285 55.89578928833007 2.6
    endloop
  endfacet
  facet normal 0.9807852804032314 -0.19509032201612367 0
    outer loop
      vertex 4.412832707939285 55.89578928833007 2.6
      vertex 4.412832707939285 55.89578928833007 0
      vertex 4.451111260566398 56.08822856765378 2.6
    endloop
  endfacet
  facet normal 0.9469301294951037 -0.3214394653031678 0
    outer loop
      vertex 4.451111260566398 56.08822856765378 2.6
      vertex 4.451111260566398 56.08822856765378 0
      vertex 4.51418070123307 56.27402514854763 2.6
    endloop
  endfacet
  facet normal 0.8968727415326897 -0.44228869021899825 0
    outer loop
      vertex 4.51418070123307 56.27402514854763 2.6
      vertex 4.51418070123307 56.27402514854763 0
      vertex 4.600961894323342 56.449999999999996 2.6
    endloop
  endfacet
  facet normal 0.8314696123025411 -0.5555702330196085 0
    outer loop
      vertex 4.600961894323342 56.449999999999996 2.6
      vertex 4.600961894323342 56.449999999999996 0
      vertex 4.709969989563147 56.61314214351307 2.6
    endloop
  endfacet
  facet normal 0.751839807478986 -0.6593458151000591 0
    outer loop
      vertex 4.709969989563147 56.61314214351307 2.6
      vertex 4.709969989563147 56.61314214351307 0
      vertex 4.839339828220179 56.76066017177982 2.6
    endloop
  endfacet
  facet normal 0.6593458151000572 -0.7518398074789876 0
    outer loop
      vertex 4.839339828220179 56.76066017177982 2.6
      vertex 4.839339828220179 56.76066017177982 0
      vertex 4.986857856486919 56.890030010436845 2.6
    endloop
  endfacet
  facet normal 0.5555702330196125 -0.8314696123025384 0
    outer loop
      vertex 4.986857856486919 56.890030010436845 2.6
      vertex 4.986857856486919 56.890030010436845 0
      vertex 5.15 56.999038105676654 2.6
    endloop
  endfacet
  facet normal 0.442288690219011 -0.8968727415326834 0
    outer loop
      vertex 5.15 56.999038105676654 2.6
      vertex 5.15 56.999038105676654 0
      vertex 5.325974851452366 57.08581929876693 2.6
    endloop
  endfacet
  facet normal 0.3214394653031677 -0.9469301294951036 0
    outer loop
      vertex 5.325974851452366 57.08581929876693 2.6
      vertex 5.325974851452366 57.08581929876693 0
      vertex 5.511771432346219 57.1488887394336 2.6
    endloop
  endfacet
  facet normal 0.19509032201612275 -0.9807852804032314 0
    outer loop
      vertex 5.511771432346219 57.1488887394336 2.6
      vertex 5.511771432346219 57.1488887394336 0
      vertex 5.704210711669923 57.187167292060714 2.6
    endloop
  endfacet
  facet normal 0 0 -1
    outer loop
      vertex 4.986857856486919 54.509969989563146 2.6
      vertex 4.839339828220179 54.63933982822017 2.6
      vertex 4.839339828220179 56.76066017177982 2.6
    endloop
  endfacet
  facet normal 0 0 -1
    outer loop
      vertex 4.51418070123307 55.12597485145236 2.6
      vertex 4.51418070123307 56.27402514854763 2.6
      vertex 4.600961894323342 54.949999999999996 2.6
    endloop
  endfacet
  facet normal 0 0 -1
    outer loop
      vertex 4.51418070123307 55.12597485145236 2.6
      vertex 4.451111260566398 55.31177143234621 2.6
      vertex 4.451111260566398 56.08822856765378 2.6
    endloop
  endfacet
  facet normal 0 0 -1
    outer loop
      vertex 4.451111260566398 55.31177143234621 2.6
      vertex 4.412832707939285 55.50421071166992 2.6
      vertex 4.412832707939285 55.89578928833007 2.6
    endloop
  endfacet
  facet normal 0 0 -1
    outer loop
      vertex 4.412832707939285 55.50421071166992 2.6
      vertex 4.4 55.699999999999996 2.6
      vertex 4.412832707939285 55.89578928833007 2.6
    endloop
  endfacet
  facet normal 0 0 -1
    outer loop
      vertex 4.451111260566398 55.31177143234621 2.6
      vertex 4.412832707939285 55.89578928833007 2.6
      vertex 4.451111260566398 56.08822856765378 2.6
    endloop
  endfacet
  facet normal 0 0 -1
    outer loop
      vertex 4.709969989563147 54.78685785648692 2.6
      vertex 4.600961894323342 54.949999999999996 2.6
      vertex 4.600961894323342 56.449999999999996 2.6
    endloop
  endfacet
  facet normal 0 0 -1
    outer loop
      vertex 4.839339828220179 54.63933982822017 2.6
      vertex 4.709969989563147 54.78685785648692 2.6
      vertex 4.709969989563147 56.61314214351307 2.6
    endloop
  endfacet
  facet normal 0 0 -1
    outer loop
      vertex 4.986857856486919 54.509969989563146 2.6
      vertex 4.986857856486919 56.890030010436845 2.6
      vertex 5.15 54.40096189432334 2.6
    endloop
  endfacet
  facet normal 0 0 -1
    outer loop
      vertex 5.15 54.40096189432334 2.6
      vertex 5.15 56.999038105676654 2.6
      vertex 5.325974851452366 54.31418070123306 2.6
    endloop
  endfacet
  facet normal 0 0 -1
    outer loop
      vertex 5.511771432346219 54.25111126056639 2.6
      vertex 5.325974851452366 54.31418070123306 2.6
      vertex 5.325974851452366 57.08581929876693 2.6
    endloop
  endfacet
  facet normal 0 0 -1
    outer loop
      vertex 5.511771432346219 54.25111126056639 2.6
      vertex 5.511771432346219 57.1488887394336 2.6
      vertex 5.704210711669923 54.21283270793928 2.6
    endloop
  endfacet
  facet normal 0 0 -1
    outer loop
      vertex 4.51418070123307 55.12597485145236 2.6
      vertex 4.451111260566398 56.08822856765378 2.6
      vertex 4.51418070123307 56.27402514854763 2.6
    endloop
  endfacet
  facet normal 0 0 -1
    outer loop
      vertex 4.600961894323342 54.949999999999996 2.6
      vertex 4.51418070123307 56.27402514854763 2.6
      vertex 4.600961894323342 56.449999999999996 2.6
    endloop
  endfacet
  facet normal 0 0 -1
    outer loop
      vertex 4.709969989563147 54.78685785648692 2.6
      vertex 4.600961894323342 56.449999999999996 2.6
      vertex 4.709969989563147 56.61314214351307 2.6
    endloop
  endfacet
  facet normal 0 0 -1
    outer loop
      vertex 4.839339828220179 54.63933982822017 2.6
      vertex 4.709969989563147 56.61314214351307 2.6
      vertex 4.839339828220179 56.76066017177982 2.6
    endloop
  endfacet
  facet normal 0 0 -1
    outer loop
      vertex 4.986857856486919 54.509969989563146 2.6
      vertex 4.839339828220179 56.76066017177982 2.6
      vertex 4.986857856486919 56.890030010436845 2.6
    endloop
  endfacet
  facet normal 0 0 -1
    outer loop
      vertex 5.15 54.40096189432334 2.6
      vertex 4.986857856486919 56.890030010436845 2.6
      vertex 5.15 56.999038105676654 2.6
    endloop
  endfacet
  facet normal 0 0 -1
    outer loop
      vertex 5.325974851452366 54.31418070123306 2.6
      vertex 5.15 56.999038105676654 2.6
      vertex 5.325974851452366 57.08581929876693 2.6
    endloop
  endfacet
  facet normal 0 0 -1
    outer loop
      vertex 5.511771432346219 54.25111126056639 2.6
      vertex 5.325974851452366 57.08581929876693 2.6
      vertex 5.511771432346219 57.1488887394336 2.6
    endloop
  endfacet
  facet normal 0 0 -1
    outer loop
      vertex 5.704210711669923 54.21283270793928 2.6
      vertex 5.511771432346219 57.1488887394336 2.6
      vertex 5.704210711669923 57.187167292060714 2.6
    endloop
  endfacet
  facet normal -0.4422886902190157 0.8968727415326812 0
    outer loop
      vertex 6.65 54.40096189432334 0
      vertex 6.509999999999991 54.33192153467895 2.5
      vertex 6.65 54.40096189432334 2.5
    endloop
  endfacet
  facet normal -0.4422886902189928 0.8968727415326925 0
    outer loop
      vertex 6.474025148547635 54.31418070123306 2.6
      vertex 6.509999999999991 54.33192153467895 2.5
      vertex 6.474025148547635 54.31418070123306 0
    endloop
  endfacet
  facet normal -0.5555702330196126 0.8314696123025384 0
    outer loop
      vertex 6.8131421435130815 54.509969989563146 0
      vertex 6.65 54.40096189432334 2.5
      vertex 6.8131421435130815 54.509969989563146 2.5
    endloop
  endfacet
  facet normal -0.6593458151000572 0.7518398074789876 0
    outer loop
      vertex 6.960660171779821 54.63933982822017 0
      vertex 6.8131421435130815 54.509969989563146 2.5
      vertex 6.960660171779821 54.63933982822017 2.5
    endloop
  endfacet
  facet normal -0.751839807478986 0.6593458151000591 0
    outer loop
      vertex 7.090030010436854 54.78685785648692 0
      vertex 6.960660171779821 54.63933982822017 2.5
      vertex 7.090030010436854 54.78685785648692 2.5
    endloop
  endfacet
  facet normal -0.8314696123025411 0.5555702330196085 0
    outer loop
      vertex 7.199038105676658 54.949999999999996 0
      vertex 7.090030010436854 54.78685785648692 2.5
      vertex 7.199038105676658 54.949999999999996 2.5
    endloop
  endfacet
  facet normal -0.8968727415326898 0.4422886902189983 0
    outer loop
      vertex 7.28581929876693 55.12597485145236 0
      vertex 7.199038105676658 54.949999999999996 2.5
      vertex 7.28581929876693 55.12597485145236 2.5
    endloop
  endfacet
  facet normal -0.9469301294951035 0.32143946530316775 0
    outer loop
      vertex 7.348888739433603 55.31177143234621 0
      vertex 7.28581929876693 55.12597485145236 2.5
      vertex 7.348888739433603 55.31177143234621 2.5
    endloop
  endfacet
  facet normal -0.9807852804032313 0.19509032201612364 0
    outer loop
      vertex 7.387167292060716 55.50421071166992 0
      vertex 7.348888739433603 55.31177143234621 2.5
      vertex 7.387167292060716 55.50421071166992 2.5
    endloop
  endfacet
  facet normal -0.9978589232386035 0.0654031292301441 0
    outer loop
      vertex 7.4 55.699999999999996 0
      vertex 7.387167292060716 55.50421071166992 2.5
      vertex 7.4 55.699999999999996 2.5
    endloop
  endfacet
  facet normal 0.06540312923012997 0.9978589232386044 -2.9687420547343245e-19
    outer loop
      vertex 5.704210711669923 54.21283270793928 2.6
      vertex 5.9 54.199999999999996 2.6
      vertex 5.9 54.199999999999996 0
    endloop
  endfacet
  facet normal -0.06540312923012997 0.9978589232386044 2.9687420547343245e-19
    outer loop
      vertex 5.9 54.199999999999996 2.6
      vertex 6.095789288330078 54.21283270793928 2.6
      vertex 6.095789288330078 54.21283270793928 0
    endloop
  endfacet
  facet normal -0.19509032201612275 0.9807852804032314 -1.1002754120774247e-19
    outer loop
      vertex 6.095789288330078 54.21283270793928 2.6
      vertex 6.288228567653782 54.25111126056639 2.6
      vertex 6.288228567653782 54.25111126056639 0
    endloop
  endfacet
  facet normal -0.3214394653031677 0.9469301294951036 1.5031853460106602e-18
    outer loop
      vertex 6.288228567653782 54.25111126056639 2.6
      vertex 6.474025148547635 54.31418070123306 2.6
      vertex 6.474025148547635 54.31418070123306 0
    endloop
  endfacet
  facet normal -0.751839807478986 -0.6593458151000591 0
    outer loop
      vertex 6.960660171779821 56.76066017177982 0
      vertex 7.090030010436854 56.61314214351307 2.5
      vertex 6.960660171779821 56.76066017177982 2.5
    endloop
  endfacet
  facet normal -0.5555702330196126 -0.8314696123025384 0
    outer loop
      vertex 6.65 56.999038105676654 0
      vertex 6.8131421435130815 56.890030010436845 2.5
      vertex 6.65 56.999038105676654 2.5
    endloop
  endfacet
  facet normal -0.4422886902190157 -0.8968727415326812 4.0963625031613253e-16
    outer loop
      vertex 6.509999999999991 57.068078465321044 2.5
      vertex 6.474025148547635 57.08581929876693 0
      vertex 6.65 56.999038105676654 2.5
    endloop
  endfacet
  facet normal -0.4422886902189928 -0.8968727415326925 0
    outer loop
      vertex 6.474025148547635 57.08581929876693 2.6
      vertex 6.474025148547635 57.08581929876693 0
      vertex 6.509999999999991 57.068078465321044 2.5
    endloop
  endfacet
  facet normal -0.6593458151000572 -0.7518398074789876 0
    outer loop
      vertex 6.8131421435130815 56.890030010436845 0
      vertex 6.960660171779821 56.76066017177982 2.5
      vertex 6.8131421435130815 56.890030010436845 2.5
    endloop
  endfacet
  facet normal -0.9978589232386035 -0.0654031292301441 0
    outer loop
      vertex 7.387167292060716 55.89578928833007 0
      vertex 7.4 55.699999999999996 2.5
      vertex 7.387167292060716 55.89578928833007 2.5
    endloop
  endfacet
  facet normal -0.9807852804032313 -0.19509032201612364 0
    outer loop
      vertex 7.348888739433603 56.08822856765378 0
      vertex 7.387167292060716 55.89578928833007 2.5
      vertex 7.348888739433603 56.08822856765378 2.5
    endloop
  endfacet
  facet normal -0.9469301294951035 -0.32143946530316775 0
    outer loop
      vertex 7.28581929876693 56.27402514854763 0
      vertex 7.348888739433603 56.08822856765378 2.5
      vertex 7.28581929876693 56.27402514854763 2.5
    endloop
  endfacet
  facet normal -0.8968727415326898 -0.4422886902189983 0
    outer loop
      vertex 7.199038105676658 56.449999999999996 0
      vertex 7.28581929876693 56.27402514854763 2.5
      vertex 7.199038105676658 56.449999999999996 2.5
    endloop
  endfacet
  facet normal -0.8314696123025411 -0.5555702330196085 0
    outer loop
      vertex 7.090030010436854 56.61314214351307 0
      vertex 7.199038105676658 56.449999999999996 2.5
      vertex 7.090030010436854 56.61314214351307 2.5
    endloop
  endfacet
  facet normal 0.06540312923012997 -0.9978589232386044 0
    outer loop
      vertex 5.704210711669923 57.187167292060714 2.6
      vertex 5.704210711669923 57.187167292060714 0
      vertex 5.9 57.199999999999996 2.6
    endloop
  endfacet
  facet normal -0.06540312923012997 -0.9978589232386044 0
    outer loop
      vertex 5.9 57.199999999999996 2.6
      vertex 5.9 57.199999999999996 0
      vertex 6.095789288330078 57.187167292060714 2.6
    endloop
  endfacet
  facet normal -0.19509032201612275 -0.9807852804032314 0
    outer loop
      vertex 6.095789288330078 57.187167292060714 2.6
      vertex 6.095789288330078 57.187167292060714 0
      vertex 6.288228567653782 57.1488887394336 2.6
    endloop
  endfacet
  facet normal -0.3214394653031677 -0.9469301294951036 0
    outer loop
      vertex 6.288228567653782 57.1488887394336 2.6
      vertex 6.288228567653782 57.1488887394336 0
      vertex 6.474025148547635 57.08581929876693 2.6
    endloop
  endfacet
  facet normal -0.4422886902189928 0.8968727415326926 6.146241679405668e-18
    outer loop
      vertex 6.474025148547635 54.31418070123306 2.6
      vertex 6.509999999999991 54.33192153467895 2.6
      vertex 6.509999999999991 54.33192153467895 2.5
    endloop
  endfacet
  facet normal 0 0 -1
    outer loop
      vertex 5.704210711669923 54.21283270793928 2.6
      vertex 5.704210711669923 57.187167292060714 2.6
      vertex 5.9 54.199999999999996 2.6
    endloop
  endfacet
  facet normal 0 0 -1
    outer loop
      vertex 5.9 54.199999999999996 2.6
      vertex 5.9 57.199999999999996 2.6
      vertex 6.095789288330078 54.21283270793928 2.6
    endloop
  endfacet
  facet normal 0 0 -1
    outer loop
      vertex 6.095789288330078 54.21283270793928 2.6
      vertex 6.095789288330078 57.187167292060714 2.6
      vertex 6.288228567653782 54.25111126056639 2.6
    endloop
  endfacet
  facet normal 0 0 -1
    outer loop
      vertex 6.288228567653782 54.25111126056639 2.6
      vertex 6.288228567653782 57.1488887394336 2.6
      vertex 6.474025148547635 54.31418070123306 2.6
    endloop
  endfacet
  facet normal 0 0 -1
    outer loop
      vertex 6.474025148547635 54.31418070123306 2.6
      vertex 6.509999999999991 57.068078465321044 2.6
      vertex 6.509999999999991 54.33192153467895 2.6
    endloop
  endfacet
  facet normal 0 0 -1
    outer loop
      vertex 5.9 54.199999999999996 2.6
      vertex 5.704210711669923 57.187167292060714 2.6
      vertex 5.9 57.199999999999996 2.6
    endloop
  endfacet
  facet normal 0 0 -1
    outer loop
      vertex 6.095789288330078 54.21283270793928 2.6
      vertex 5.9 57.199999999999996 2.6
      vertex 6.095789288330078 57.187167292060714 2.6
    endloop
  endfacet
  facet normal 0 0 -1
    outer loop
      vertex 6.288228567653782 54.25111126056639 2.6
      vertex 6.095789288330078 57.187167292060714 2.6
      vertex 6.288228567653782 57.1488887394336 2.6
    endloop
  endfacet
  facet normal 0 0 -1
    outer loop
      vertex 6.474025148547635 54.31418070123306 2.6
      vertex 6.288228567653782 57.1488887394336 2.6
      vertex 6.474025148547635 57.08581929876693 2.6
    endloop
  endfacet
  facet normal 0 0 -1
    outer loop
      vertex 6.474025148547635 54.31418070123306 2.6
      vertex 6.474025148547635 57.08581929876693 2.6
      vertex 6.509999999999991 57.068078465321044 2.6
    endloop
  endfacet
  facet normal -0.4422886902189928 -0.8968727415326926 -6.146241679405668e-18
    outer loop
      vertex 6.474025148547635 57.08581929876693 2.6
      vertex 6.509999999999991 57.068078465321044 2.5
      vertex 6.509999999999991 57.068078465321044 2.6
    endloop
  endfacet
  facet normal 0.8968727415326836 0.442288690219011 0
    outer loop
      vertex 83.31418070123306 5.325974851452366 2.5
      vertex 83.40096189432333 5.15 0
      vertex 83.31418070123306 5.325974851452366 0
    endloop
  endfacet
  facet normal 0.8314696123025551 0.5555702330195876 0
    outer loop
      vertex 83.40096189432333 5.15 2.5
      vertex 83.50996998956313 4.986857856486919 0
      vertex 83.40096189432333 5.15 0
    endloop
  endfacet
  facet normal 0.9469301294951146 0.3214394653031352 0
    outer loop
      vertex 83.25111126056639 5.511771432346219 2.5
      vertex 83.31418070123306 5.325974851452366 0
      vertex 83.25111126056639 5.511771432346219 0
    endloop
  endfacet
  facet normal 0.9807852804032247 0.1950903220161576 0
    outer loop
      vertex 83.21283270793927 5.704210711669923 2.5
      vertex 83.25111126056639 5.511771432346219 0
      vertex 83.21283270793927 5.704210711669923 0
    endloop
  endfacet
  facet normal 0.6593458151000949 0.7518398074789545 0
    outer loop
      vertex 83.63933982822017 4.839339828220179 2.5
      vertex 83.7868578564869 4.709969989563147 0
      vertex 83.63933982822017 4.839339828220179 0
    endloop
  endfacet
  facet normal 0.5555702330195917 0.8314696123025523 0
    outer loop
      vertex 83.7868578564869 4.709969989563147 2.5
      vertex 83.94999999999999 4.600961894323342 0
      vertex 83.7868578564869 4.709969989563147 0
    endloop
  endfacet
  facet normal 0.32143946530316775 0.9469301294951035 0
    outer loop
      vertex 84.12597485145236 4.51418070123307 2.5
      vertex 84.3117714323462 4.451111260566398 0
      vertex 84.12597485145236 4.51418070123307 0
    endloop
  endfacet
  facet normal 0.4422886902189983 0.8968727415326898 0
    outer loop
      vertex 83.94999999999999 4.600961894323342 2.5
      vertex 84.12597485145236 4.51418070123307 0
      vertex 83.94999999999999 4.600961894323342 0
    endloop
  endfacet
  facet normal 0.19509032201612364 0.9807852804032313 0
    outer loop
      vertex 84.3117714323462 4.451111260566398 2.5
      vertex 84.50421071166991 4.412832707939285 0
      vertex 84.3117714323462 4.451111260566398 0
    endloop
  endfacet
  facet normal 0.0654031292301441 0.9978589232386035 0
    outer loop
      vertex 84.50421071166991 4.412832707939285 2.5
      vertex 84.69999999999999 4.4 0
      vertex 84.50421071166991 4.412832707939285 0
    endloop
  endfacet
  facet normal -0.0654031292301441 0.9978589232386035 0
    outer loop
      vertex 84.69999999999999 4.4 2.5
      vertex 84.89578928833006 4.412832707939285 0
      vertex 84.69999999999999 4.4 0
    endloop
  endfacet
  facet normal 0.7518398074789517 0.659345815100098 0
    outer loop
      vertex 83.50996998956313 4.986857856486919 2.5
      vertex 83.63933982822017 4.839339828220179 0
      vertex 83.50996998956313 4.986857856486919 0
    endloop
  endfacet
  facet normal 0.9978589232386045 0.06540312923012999 0
    outer loop
      vertex 83.19999999999999 5.9 2.5
      vertex 83.21283270793927 5.704210711669923 0
      vertex 83.19999999999999 5.9 0
    endloop
  endfacet
  facet normal 0.9978589232386045 -0.06540312923012999 0
    outer loop
      vertex 83.21283270793927 6.095789288330078 2.5
      vertex 83.19999999999999 5.9 0
      vertex 83.21283270793927 6.095789288330078 0
    endloop
  endfacet
  facet normal 0.9807852804032247 -0.1950903220161576 0
    outer loop
      vertex 83.25111126056639 6.288228567653782 2.5
      vertex 83.21283270793927 6.095789288330078 0
      vertex 83.25111126056639 6.288228567653782 0
    endloop
  endfacet
  facet normal 0.9469301294951146 -0.3214394653031352 0
    outer loop
      vertex 83.31418070123306 6.474025148547635 2.5
      vertex 83.25111126056639 6.288228567653782 0
      vertex 83.31418070123306 6.474025148547635 0
    endloop
  endfacet
  facet normal 0.8968727415326836 -0.442288690219011 0
    outer loop
      vertex 83.40096189432333 6.65 2.5
      vertex 83.31418070123306 6.474025148547635 0
      vertex 83.40096189432333 6.65 0
    endloop
  endfacet
  facet normal 0.8314696123025551 -0.5555702330195876 0
    outer loop
      vertex 83.50996998956313 6.8131421435130815 2.5
      vertex 83.40096189432333 6.65 0
      vertex 83.50996998956313 6.8131421435130815 0
    endloop
  endfacet
  facet normal 0.7518398074789517 -0.659345815100098 0
    outer loop
      vertex 83.63933982822017 6.960660171779821 2.5
      vertex 83.50996998956313 6.8131421435130815 0
      vertex 83.63933982822017 6.960660171779821 0
    endloop
  endfacet
  facet normal 0.6593458151000949 -0.7518398074789545 0
    outer loop
      vertex 83.7868578564869 7.090030010436854 2.5
      vertex 83.63933982822017 6.960660171779821 0
      vertex 83.7868578564869 7.090030010436854 0
    endloop
  endfacet
  facet normal 0.5555702330195917 -0.8314696123025523 0
    outer loop
      vertex 83.94999999999999 7.199038105676658 2.5
      vertex 83.7868578564869 7.090030010436854 0
      vertex 83.94999999999999 7.199038105676658 0
    endloop
  endfacet
  facet normal 0.4422886902189983 -0.8968727415326898 0
    outer loop
      vertex 84.12597485145236 7.28581929876693 2.5
      vertex 83.94999999999999 7.199038105676658 0
      vertex 84.12597485145236 7.28581929876693 0
    endloop
  endfacet
  facet normal 0.32143946530316775 -0.9469301294951035 0
    outer loop
      vertex 84.3117714323462 7.348888739433603 2.5
      vertex 84.12597485145236 7.28581929876693 0
      vertex 84.3117714323462 7.348888739433603 0
    endloop
  endfacet
  facet normal 0.19509032201612364 -0.9807852804032313 0
    outer loop
      vertex 84.50421071166991 7.387167292060716 2.5
      vertex 84.3117714323462 7.348888739433603 0
      vertex 84.50421071166991 7.387167292060716 0
    endloop
  endfacet
  facet normal 0.0654031292301441 -0.9978589232386035 0
    outer loop
      vertex 84.69999999999999 7.4 2.5
      vertex 84.50421071166991 7.387167292060716 0
      vertex 84.69999999999999 7.4 0
    endloop
  endfacet
  facet normal -0.0654031292301441 -0.9978589232386035 0
    outer loop
      vertex 84.89578928833006 7.387167292060716 2.5
      vertex 84.69999999999999 7.4 0
      vertex 84.89578928833006 7.387167292060716 0
    endloop
  endfacet
  facet normal -0.19509032201612364 0.9807852804032313 0
    outer loop
      vertex 84.89578928833006 4.412832707939285 2.5
      vertex 85.08822856765377 4.451111260566398 0
      vertex 84.89578928833006 4.412832707939285 0
    endloop
  endfacet
  facet normal -0.32143946530316775 0.9469301294951035 0
    outer loop
      vertex 85.08822856765377 4.451111260566398 2.5
      vertex 85.27402514854762 4.51418070123307 0
      vertex 85.08822856765377 4.451111260566398 0
    endloop
  endfacet
  facet normal -0.4422886902189983 0.8968727415326898 0
    outer loop
      vertex 85.27402514854762 4.51418070123307 2.5
      vertex 85.44999999999999 4.600961894323342 0
      vertex 85.27402514854762 4.51418070123307 0
    endloop
  endfacet
  facet normal -0.5555702330195917 0.8314696123025523 0
    outer loop
      vertex 85.44999999999999 4.600961894323342 2.5
      vertex 85.61314214351307 4.709969989563147 0
      vertex 85.44999999999999 4.600961894323342 0
    endloop
  endfacet
  facet normal -0.6593458151000949 0.7518398074789545 0
    outer loop
      vertex 85.61314214351307 4.709969989563147 2.5
      vertex 85.7606601717798 4.839339828220179 0
      vertex 85.61314214351307 4.709969989563147 0
    endloop
  endfacet
  facet normal -0.7518398074789517 0.659345815100098 0
    outer loop
      vertex 85.7606601717798 4.839339828220179 0
      vertex 85.7606601717798 4.839339828220179 2.5
      vertex 85.89003001043685 4.986857856486919 0
    endloop
  endfacet
  facet normal -0.8314696123025551 0.5555702330195876 0
    outer loop
      vertex 85.89003001043685 4.986857856486919 2.5
      vertex 85.99903810567665 5.15 0
      vertex 85.89003001043685 4.986857856486919 0
    endloop
  endfacet
  facet normal -0.8968727415326836 0.442288690219011 0
    outer loop
      vertex 85.99903810567665 5.15 2.5
      vertex 86.08581929876692 5.325974851452366 0
      vertex 85.99903810567665 5.15 0
    endloop
  endfacet
  facet normal -0.9469301294951146 0.3214394653031352 0
    outer loop
      vertex 86.08581929876692 5.325974851452366 2.5
      vertex 86.14888873943359 5.511771432346219 0
      vertex 86.08581929876692 5.325974851452366 0
    endloop
  endfacet
  facet normal -0.9807852804032247 0.1950903220161576 0
    outer loop
      vertex 86.14888873943359 5.511771432346219 2.5
      vertex 86.1871672920607 5.704210711669923 0
      vertex 86.14888873943359 5.511771432346219 0
    endloop
  endfacet
  facet normal -0.9978589232386045 0.06540312923012999 0
    outer loop
      vertex 86.1871672920607 5.704210711669923 2.5
      vertex 86.19999999999999 5.9 0
      vertex 86.1871672920607 5.704210711669923 0
    endloop
  endfacet
  facet normal -0.9978589232386045 -0.06540312923012999 0
    outer loop
      vertex 86.19999999999999 5.9 2.5
      vertex 86.1871672920607 6.095789288330078 0
      vertex 86.19999999999999 5.9 0
    endloop
  endfacet
  facet normal -0.9807852804032247 -0.1950903220161576 0
    outer loop
      vertex 86.1871672920607 6.095789288330078 2.5
      vertex 86.14888873943359 6.288228567653782 0
      vertex 86.1871672920607 6.095789288330078 0
    endloop
  endfacet
  facet normal -0.8314696123025551 -0.5555702330195876 0
    outer loop
      vertex 85.99903810567665 6.65 2.5
      vertex 85.89003001043685 6.8131421435130815 0
      vertex 85.99903810567665 6.65 0
    endloop
  endfacet
  facet normal -0.9469301294951146 -0.3214394653031352 0
    outer loop
      vertex 86.14888873943359 6.288228567653782 2.5
      vertex 86.08581929876692 6.474025148547635 0
      vertex 86.14888873943359 6.288228567653782 0
    endloop
  endfacet
  facet normal -0.8968727415326836 -0.442288690219011 0
    outer loop
      vertex 86.08581929876692 6.474025148547635 2.5
      vertex 85.99903810567665 6.65 0
      vertex 86.08581929876692 6.474025148547635 0
    endloop
  endfacet
  facet normal -0.5555702330195917 -0.8314696123025523 0
    outer loop
      vertex 85.61314214351307 7.090030010436854 2.5
      vertex 85.44999999999999 7.199038105676658 0
      vertex 85.61314214351307 7.090030010436854 0
    endloop
  endfacet
  facet normal -0.19509032201612364 -0.9807852804032313 0
    outer loop
      vertex 85.08822856765377 7.348888739433603 2.5
      vertex 84.89578928833006 7.387167292060716 0
      vertex 85.08822856765377 7.348888739433603 0
    endloop
  endfacet
  facet normal -0.32143946530316775 -0.9469301294951035 0
    outer loop
      vertex 85.27402514854762 7.28581929876693 2.5
      vertex 85.08822856765377 7.348888739433603 0
      vertex 85.27402514854762 7.28581929876693 0
    endloop
  endfacet
  facet normal -0.4422886902189983 -0.8968727415326898 0
    outer loop
      vertex 85.44999999999999 7.199038105676658 2.5
      vertex 85.27402514854762 7.28581929876693 0
      vertex 85.44999999999999 7.199038105676658 0
    endloop
  endfacet
  facet normal -0.7518398074789517 -0.659345815100098 0
    outer loop
      vertex 85.89003001043685 6.8131421435130815 2.5
      vertex 85.7606601717798 6.960660171779821 0
      vertex 85.89003001043685 6.8131421435130815 0
    endloop
  endfacet
  facet normal -0.6593458151000949 -0.7518398074789545 -6.920374216360561e-19
    outer loop
      vertex 85.61314214351307 7.090030010436854 0
      vertex 85.7606601717798 6.960660171779821 0
      vertex 85.7606601717798 6.960660171779821 2.5
    endloop
  endfacet
  facet normal 0.8314696123025551 0.5555702330195876 -1.2762515589790015e-18
    outer loop
      vertex 83.40096189432333 5.15 2.5
      vertex 83.50996998956313 4.986857856486919 2.5
      vertex 83.50996998956313 4.986857856486919 0
    endloop
  endfacet
  facet normal 0.8968727415326836 0.442288690219011 1.3438427408319967e-18
    outer loop
      vertex 83.31418070123306 5.325974851452366 2.5
      vertex 83.40096189432333 5.15 2.5
      vertex 83.40096189432333 5.15 0
    endloop
  endfacet
  facet normal 0.9469301294951146 0.3214394653031352 -1.4826976291989978e-18
    outer loop
      vertex 83.25111126056639 5.511771432346219 2.5
      vertex 83.31418070123306 5.325974851452366 2.5
      vertex 83.31418070123306 5.325974851452366 0
    endloop
  endfacet
  facet normal 0.9807852804032247 0.1950903220161576 -7.035157351694402e-19
    outer loop
      vertex 83.21283270793927 5.704210711669923 2.5
      vertex 83.25111126056639 5.511771432346219 2.5
      vertex 83.25111126056639 5.511771432346219 0
    endloop
  endfacet
  facet normal 0.9978589232386045 0.06540312923012999 -3.087491736923698e-19
    outer loop
      vertex 83.19999999999999 5.9 2.5
      vertex 83.21283270793927 5.704210711669923 2.5
      vertex 83.21283270793927 5.704210711669923 0
    endloop
  endfacet
  facet normal 0.6593458151000949 0.7518398074789545 0
    outer loop
      vertex 83.7868578564869 4.709969989563147 2.5
      vertex 83.7868578564869 4.709969989563147 0
      vertex 83.63933982822017 4.839339828220179 2.5
    endloop
  endfacet
  facet normal 0.4422886902189983 0.8968727415326898 0
    outer loop
      vertex 84.12597485145236 4.51418070123307 2.5
      vertex 84.12597485145236 4.51418070123307 0
      vertex 83.94999999999999 4.600961894323342 2.5
    endloop
  endfacet
  facet normal 0.5555702330195917 0.8314696123025523 0
    outer loop
      vertex 83.94999999999999 4.600961894323342 2.5
      vertex 83.94999999999999 4.600961894323342 0
      vertex 83.7868578564869 4.709969989563147 2.5
    endloop
  endfacet
  facet normal 0.32143946530316775 0.9469301294951035 0
    outer loop
      vertex 84.3117714323462 4.451111260566398 2.5
      vertex 84.3117714323462 4.451111260566398 0
      vertex 84.12597485145236 4.51418070123307 2.5
    endloop
  endfacet
  facet normal 0.19509032201612364 0.9807852804032313 0
    outer loop
      vertex 84.50421071166991 4.412832707939285 2.5
      vertex 84.50421071166991 4.412832707939285 0
      vertex 84.3117714323462 4.451111260566398 2.5
    endloop
  endfacet
  facet normal 0.0654031292301441 0.9978589232386035 0
    outer loop
      vertex 84.69999999999999 4.4 2.5
      vertex 84.69999999999999 4.4 0
      vertex 84.50421071166991 4.412832707939285 2.5
    endloop
  endfacet
  facet normal -0.0654031292301441 0.9978589232386035 0
    outer loop
      vertex 84.89578928833006 4.412832707939285 2.5
      vertex 84.89578928833006 4.412832707939285 0
      vertex 84.69999999999999 4.4 2.5
    endloop
  endfacet
  facet normal 0.7518398074789517 0.659345815100098 4.895740333289669e-19
    outer loop
      vertex 83.50996998956313 4.986857856486919 2.5
      vertex 83.63933982822017 4.839339828220179 2.5
      vertex 83.63933982822017 4.839339828220179 0
    endloop
  endfacet
  facet normal 0.9978589232386045 -0.06540312923012999 3.087491736923698e-19
    outer loop
      vertex 83.21283270793927 6.095789288330078 2.5
      vertex 83.19999999999999 5.9 2.5
      vertex 83.19999999999999 5.9 0
    endloop
  endfacet
  facet normal 0.9807852804032247 -0.1950903220161576 7.035157351694402e-19
    outer loop
      vertex 83.25111126056639 6.288228567653782 2.5
      vertex 83.21283270793927 6.095789288330078 2.5
      vertex 83.21283270793927 6.095789288330078 0
    endloop
  endfacet
  facet normal 0.9469301294951146 -0.3214394653031352 1.4826976291989978e-18
    outer loop
      vertex 83.31418070123306 6.474025148547635 2.5
      vertex 83.25111126056639 6.288228567653782 2.5
      vertex 83.25111126056639 6.288228567653782 0
    endloop
  endfacet
  facet normal 0.8968727415326836 -0.442288690219011 -1.3438427408319967e-18
    outer loop
      vertex 83.40096189432333 6.65 2.5
      vertex 83.31418070123306 6.474025148547635 2.5
      vertex 83.31418070123306 6.474025148547635 0
    endloop
  endfacet
  facet normal 0.8314696123025551 -0.5555702330195876 1.2762515589790015e-18
    outer loop
      vertex 83.50996998956313 6.8131421435130815 2.5
      vertex 83.40096189432333 6.65 2.5
      vertex 83.40096189432333 6.65 0
    endloop
  endfacet
  facet normal 0.7518398074789517 -0.659345815100098 -4.895740333289669e-19
    outer loop
      vertex 83.63933982822017 6.960660171779821 2.5
      vertex 83.50996998956313 6.8131421435130815 2.5
      vertex 83.50996998956313 6.8131421435130815 0
    endloop
  endfacet
  facet normal 0.6593458151000949 -0.7518398074789545 0
    outer loop
      vertex 83.63933982822017 6.960660171779821 2.5
      vertex 83.63933982822017 6.960660171779821 0
      vertex 83.7868578564869 7.090030010436854 2.5
    endloop
  endfacet
  facet normal 0.5555702330195917 -0.8314696123025523 0
    outer loop
      vertex 83.7868578564869 7.090030010436854 2.5
      vertex 83.7868578564869 7.090030010436854 0
      vertex 83.94999999999999 7.199038105676658 2.5
    endloop
  endfacet
  facet normal 0.4422886902189983 -0.8968727415326898 0
    outer loop
      vertex 83.94999999999999 7.199038105676658 2.5
      vertex 83.94999999999999 7.199038105676658 0
      vertex 84.12597485145236 7.28581929876693 2.5
    endloop
  endfacet
  facet normal 0.32143946530316775 -0.9469301294951035 0
    outer loop
      vertex 84.12597485145236 7.28581929876693 2.5
      vertex 84.12597485145236 7.28581929876693 0
      vertex 84.3117714323462 7.348888739433603 2.5
    endloop
  endfacet
  facet normal 0.19509032201612364 -0.9807852804032313 0
    outer loop
      vertex 84.3117714323462 7.348888739433603 2.5
      vertex 84.3117714323462 7.348888739433603 0
      vertex 84.50421071166991 7.387167292060716 2.5
    endloop
  endfacet
  facet normal 0.0654031292301441 -0.9978589232386035 0
    outer loop
      vertex 84.50421071166991 7.387167292060716 2.5
      vertex 84.50421071166991 7.387167292060716 0
      vertex 84.69999999999999 7.4 2.5
    endloop
  endfacet
  facet normal -0.0654031292301441 -0.9978589232386035 0
    outer loop
      vertex 84.69999999999999 7.4 2.5
      vertex 84.69999999999999 7.4 0
      vertex 84.89578928833006 7.387167292060716 2.5
    endloop
  endfacet
  facet normal -0.19509032201612364 0.9807852804032313 0
    outer loop
      vertex 85.08822856765377 4.451111260566398 2.5
      vertex 85.08822856765377 4.451111260566398 0
      vertex 84.89578928833006 4.412832707939285 2.5
    endloop
  endfacet
  facet normal -0.32143946530316775 0.9469301294951035 0
    outer loop
      vertex 85.27402514854762 4.51418070123307 2.5
      vertex 85.27402514854762 4.51418070123307 0
      vertex 85.08822856765377 4.451111260566398 2.5
    endloop
  endfacet
  facet normal -0.4422886902189983 0.8968727415326898 0
    outer loop
      vertex 85.44999999999999 4.600961894323342 2.5
      vertex 85.44999999999999 4.600961894323342 0
      vertex 85.27402514854762 4.51418070123307 2.5
    endloop
  endfacet
  facet normal -0.5555702330195917 0.8314696123025523 0
    outer loop
      vertex 85.61314214351307 4.709969989563147 2.5
      vertex 85.61314214351307 4.709969989563147 0
      vertex 85.44999999999999 4.600961894323342 2.5
    endloop
  endfacet
  facet normal -0.6593458151000949 0.7518398074789545 0
    outer loop
      vertex 85.7606601717798 4.839339828220179 2.5
      vertex 85.7606601717798 4.839339828220179 0
      vertex 85.61314214351307 4.709969989563147 2.5
    endloop
  endfacet
  facet normal -0.7518398074789517 0.659345815100098 -4.895740333289669e-19
    outer loop
      vertex 85.7606601717798 4.839339828220179 2.5
      vertex 85.89003001043685 4.986857856486919 2.5
      vertex 85.89003001043685 4.986857856486919 0
    endloop
  endfacet
  facet normal -0.8314696123025551 0.5555702330195876 1.2762515589790015e-18
    outer loop
      vertex 85.89003001043685 4.986857856486919 2.5
      vertex 85.99903810567665 5.15 2.5
      vertex 85.99903810567665 5.15 0
    endloop
  endfacet
  facet normal -0.8968727415326836 0.442288690219011 -1.3438427408319967e-18
    outer loop
      vertex 85.99903810567665 5.15 2.5
      vertex 86.08581929876692 5.325974851452366 2.5
      vertex 86.08581929876692 5.325974851452366 0
    endloop
  endfacet
  facet normal -0.9469301294951146 0.3214394653031352 1.4826976291989978e-18
    outer loop
      vertex 86.08581929876692 5.325974851452366 2.5
      vertex 86.14888873943359 5.511771432346219 2.5
      vertex 86.14888873943359 5.511771432346219 0
    endloop
  endfacet
  facet normal -0.9807852804032247 0.1950903220161576 7.035157351694402e-19
    outer loop
      vertex 86.14888873943359 5.511771432346219 2.5
      vertex 86.1871672920607 5.704210711669923 2.5
      vertex 86.1871672920607 5.704210711669923 0
    endloop
  endfacet
  facet normal -0.9978589232386045 0.06540312923012999 3.087491736923698e-19
    outer loop
      vertex 86.1871672920607 5.704210711669923 2.5
      vertex 86.19999999999999 5.9 2.5
      vertex 86.19999999999999 5.9 0
    endloop
  endfacet
  facet normal -0.9807852804032247 -0.1950903220161576 -7.035157351694402e-19
    outer loop
      vertex 86.1871672920607 6.095789288330078 2.5
      vertex 86.14888873943359 6.288228567653782 2.5
      vertex 86.14888873943359 6.288228567653782 0
    endloop
  endfacet
  facet normal -0.9978589232386045 -0.06540312923012999 -3.087491736923698e-19
    outer loop
      vertex 86.19999999999999 5.9 2.5
      vertex 86.1871672920607 6.095789288330078 2.5
      vertex 86.1871672920607 6.095789288330078 0
    endloop
  endfacet
  facet normal -0.9469301294951146 -0.3214394653031352 -1.4826976291989978e-18
    outer loop
      vertex 86.14888873943359 6.288228567653782 2.5
      vertex 86.08581929876692 6.474025148547635 2.5
      vertex 86.08581929876692 6.474025148547635 0
    endloop
  endfacet
  facet normal -0.8968727415326836 -0.442288690219011 1.3438427408319967e-18
    outer loop
      vertex 86.08581929876692 6.474025148547635 2.5
      vertex 85.99903810567665 6.65 2.5
      vertex 85.99903810567665 6.65 0
    endloop
  endfacet
  facet normal -0.5555702330195917 -0.8314696123025523 0
    outer loop
      vertex 85.44999999999999 7.199038105676658 2.5
      vertex 85.44999999999999 7.199038105676658 0
      vertex 85.61314214351307 7.090030010436854 2.5
    endloop
  endfacet
  facet normal -0.19509032201612364 -0.9807852804032313 0
    outer loop
      vertex 84.89578928833006 7.387167292060716 2.5
      vertex 84.89578928833006 7.387167292060716 0
      vertex 85.08822856765377 7.348888739433603 2.5
    endloop
  endfacet
  facet normal -0.32143946530316775 -0.9469301294951035 0
    outer loop
      vertex 85.08822856765377 7.348888739433603 2.5
      vertex 85.08822856765377 7.348888739433603 0
      vertex 85.27402514854762 7.28581929876693 2.5
    endloop
  endfacet
  facet normal -0.4422886902189983 -0.8968727415326898 0
    outer loop
      vertex 85.27402514854762 7.28581929876693 2.5
      vertex 85.27402514854762 7.28581929876693 0
      vertex 85.44999999999999 7.199038105676658 2.5
    endloop
  endfacet
  facet normal -0.7518398074789517 -0.659345815100098 4.895740333289669e-19
    outer loop
      vertex 85.89003001043685 6.8131421435130815 2.5
      vertex 85.7606601717798 6.960660171779821 2.5
      vertex 85.7606601717798 6.960660171779821 0
    endloop
  endfacet
  facet normal -0.8314696123025551 -0.5555702330195876 -1.2762515589790015e-18
    outer loop
      vertex 85.99903810567665 6.65 2.5
      vertex 85.89003001043685 6.8131421435130815 2.5
      vertex 85.89003001043685 6.8131421435130815 0
    endloop
  endfacet
  facet normal -0.6593458151000949 -0.7518398074789545 0
    outer loop
      vertex 85.61314214351307 7.090030010436854 2.5
      vertex 85.61314214351307 7.090030010436854 0
      vertex 85.7606601717798 6.960660171779821 2.5
    endloop
  endfacet
  facet normal 0.8968727415326844 0.44228869021900924 -1.838109651453046e-19
    outer loop
      vertex 83.40096189432333 54.949999999999996 0
      vertex 83.31418070123306 55.12597485145236 0
      vertex 83.31418070123306 55.12597485145236 2.5
    endloop
  endfacet
  facet normal 0.8314696123025495 0.555570233019596 3.1393157430208755e-18
    outer loop
      vertex 83.50996998956313 54.78685785648692 0
      vertex 83.40096189432333 54.949999999999996 0
      vertex 83.40096189432333 54.949999999999996 2.5
    endloop
  endfacet
  facet normal 0.9469301294951131 0.3214394653031393 1.6105177406832205e-18
    outer loop
      vertex 83.31418070123306 55.12597485145236 0
      vertex 83.25111126056639 55.31177143234621 0
      vertex 83.25111126056639 55.31177143234621 2.5
    endloop
  endfacet
  facet normal 0.9807852804032254 0.19509032201615414 -3.3033208013066426e-19
    outer loop
      vertex 83.25111126056639 55.31177143234621 0
      vertex 83.21283270793927 55.50421071166992 0
      vertex 83.21283270793927 55.50421071166992 2.5
    endloop
  endfacet
  facet normal 0.9978589232386044 0.06540312923013057 1.8880770907153202e-19
    outer loop
      vertex 83.21283270793927 55.50421071166992 0
      vertex 83.19999999999999 55.699999999999996 0
      vertex 83.19999999999999 55.699999999999996 2.5
    endloop
  endfacet
  facet normal 0.44228869021900924 0.8968727415326844 0
    outer loop
      vertex 83.94999999999999 54.40096189432334 0
      vertex 83.94999999999999 54.40096189432334 2.5
      vertex 84.12597485145236 54.31418070123306 0
    endloop
  endfacet
  facet normal 0.6593458151000796 0.751839807478968 0
    outer loop
      vertex 83.63933982822017 54.63933982822017 0
      vertex 83.63933982822017 54.63933982822017 2.5
      vertex 83.7868578564869 54.509969989563146 0
    endloop
  endfacet
  facet normal 0.5555702330196043 0.8314696123025439 0
    outer loop
      vertex 83.7868578564869 54.509969989563146 0
      vertex 83.7868578564869 54.509969989563146 2.5
      vertex 83.94999999999999 54.40096189432334 0
    endloop
  endfacet
  facet normal 0.7518398074789636 0.6593458151000846 2.526072528944368e-18
    outer loop
      vertex 83.63933982822017 54.63933982822017 0
      vertex 83.50996998956313 54.78685785648692 0
      vertex 83.50996998956313 54.78685785648692 2.5
    endloop
  endfacet
  facet normal 0.3214394653031718 0.9469301294951022 0
    outer loop
      vertex 84.12597485145236 54.31418070123306 2.6
      vertex 84.3117714323462 54.25111126056639 0
      vertex 84.12597485145236 54.31418070123306 0
    endloop
  endfacet
  facet normal 0.1950903220161193 0.9807852804032322 0
    outer loop
      vertex 84.3117714323462 54.25111126056639 2.6
      vertex 84.50421071166991 54.21283270793928 0
      vertex 84.3117714323462 54.25111126056639 0
    endloop
  endfacet
  facet normal 0.06540312923013057 0.9978589232386044 0
    outer loop
      vertex 84.50421071166991 54.21283270793928 2.6
      vertex 84.69999999999999 54.199999999999996 0
      vertex 84.50421071166991 54.21283270793928 0
    endloop
  endfacet
  facet normal -0.06540312923013057 0.9978589232386044 0
    outer loop
      vertex 84.69999999999999 54.199999999999996 2.6
      vertex 84.89578928833006 54.21283270793928 0
      vertex 84.69999999999999 54.199999999999996 0
    endloop
  endfacet
  facet normal 0.9978589232386044 -0.06540312923013057 -1.8880770907153202e-19
    outer loop
      vertex 83.19999999999999 55.699999999999996 0
      vertex 83.21283270793927 55.89578928833007 0
      vertex 83.21283270793927 55.89578928833007 2.5
    endloop
  endfacet
  facet normal 0.9807852804032254 -0.19509032201615414 3.3033208013066426e-19
    outer loop
      vertex 83.21283270793927 55.89578928833007 0
      vertex 83.25111126056639 56.08822856765378 0
      vertex 83.25111126056639 56.08822856765378 2.5
    endloop
  endfacet
  facet normal 0.9469301294951131 -0.3214394653031393 -1.6105177406832205e-18
    outer loop
      vertex 83.25111126056639 56.08822856765378 0
      vertex 83.31418070123306 56.27402514854763 0
      vertex 83.31418070123306 56.27402514854763 2.5
    endloop
  endfacet
  facet normal 0.8968727415326844 -0.44228869021900924 1.838109651453046e-19
    outer loop
      vertex 83.31418070123306 56.27402514854763 0
      vertex 83.40096189432333 56.449999999999996 0
      vertex 83.40096189432333 56.449999999999996 2.5
    endloop
  endfacet
  facet normal 0.8314696123025495 -0.555570233019596 -3.1393157430208755e-18
    outer loop
      vertex 83.40096189432333 56.449999999999996 0
      vertex 83.50996998956313 56.61314214351307 0
      vertex 83.50996998956313 56.61314214351307 2.5
    endloop
  endfacet
  facet normal 0.7518398074789636 -0.6593458151000846 -2.526072528944368e-18
    outer loop
      vertex 83.50996998956313 56.61314214351307 0
      vertex 83.63933982822017 56.76066017177982 0
      vertex 83.63933982822017 56.76066017177982 2.5
    endloop
  endfacet
  facet normal 0.6593458151000796 -0.751839807478968 0
    outer loop
      vertex 83.7868578564869 56.890030010436845 0
      vertex 83.7868578564869 56.890030010436845 2.5
      vertex 83.63933982822017 56.76066017177982 0
    endloop
  endfacet
  facet normal 0.5555702330196043 -0.8314696123025439 0
    outer loop
      vertex 83.94999999999999 56.999038105676654 0
      vertex 83.94999999999999 56.999038105676654 2.5
      vertex 83.7868578564869 56.890030010436845 0
    endloop
  endfacet
  facet normal 0.44228869021900924 -0.8968727415326844 -4.912382437589157e-16
    outer loop
      vertex 84.09 57.068078465321044 2.5
      vertex 83.94999999999999 56.999038105676654 0
      vertex 84.12597485145236 57.08581929876693 0
    endloop
  endfacet
  facet normal 0.3214394653031718 -0.9469301294951022 0
    outer loop
      vertex 84.3117714323462 57.1488887394336 2.6
      vertex 84.12597485145236 57.08581929876693 0
      vertex 84.3117714323462 57.1488887394336 0
    endloop
  endfacet
  facet normal 0.1950903220161193 -0.9807852804032322 0
    outer loop
      vertex 84.50421071166991 57.187167292060714 2.6
      vertex 84.3117714323462 57.1488887394336 0
      vertex 84.50421071166991 57.187167292060714 0
    endloop
  endfacet
  facet normal 0.06540312923013057 -0.9978589232386044 0
    outer loop
      vertex 84.69999999999999 57.199999999999996 2.6
      vertex 84.50421071166991 57.187167292060714 0
      vertex 84.69999999999999 57.199999999999996 0
    endloop
  endfacet
  facet normal -0.06540312923013057 -0.9978589232386044 0
    outer loop
      vertex 84.89578928833006 57.187167292060714 2.6
      vertex 84.69999999999999 57.199999999999996 0
      vertex 84.89578928833006 57.187167292060714 0
    endloop
  endfacet
  facet normal -0.1950903220161193 0.9807852804032322 0
    outer loop
      vertex 84.89578928833006 54.21283270793928 2.6
      vertex 85.08822856765377 54.25111126056639 0
      vertex 84.89578928833006 54.21283270793928 0
    endloop
  endfacet
  facet normal -0.3214394653031718 0.9469301294951022 0
    outer loop
      vertex 85.08822856765377 54.25111126056639 2.6
      vertex 85.27402514854762 54.31418070123306 0
      vertex 85.08822856765377 54.25111126056639 0
    endloop
  endfacet
  facet normal -0.44228869021900924 0.8968727415326845 0
    outer loop
      vertex 85.27402514854762 54.31418070123306 2.6
      vertex 85.44999999999999 54.40096189432334 0
      vertex 85.27402514854762 54.31418070123306 0
    endloop
  endfacet
  facet normal -0.5555702330196042 0.8314696123025439 0
    outer loop
      vertex 85.44999999999999 54.40096189432334 2.6
      vertex 85.61314214351307 54.509969989563146 0
      vertex 85.44999999999999 54.40096189432334 0
    endloop
  endfacet
  facet normal -0.6593458151000795 0.751839807478968 0
    outer loop
      vertex 85.61314214351307 54.509969989563146 2.6
      vertex 85.7606601717798 54.63933982822017 0
      vertex 85.61314214351307 54.509969989563146 0
    endloop
  endfacet
  facet normal -0.7518398074789635 0.6593458151000845 0
    outer loop
      vertex 85.7606601717798 54.63933982822017 2.6
      vertex 85.89003001043685 54.78685785648692 0
      vertex 85.7606601717798 54.63933982822017 0
    endloop
  endfacet
  facet normal -0.8314696123025495 0.555570233019596 0
    outer loop
      vertex 85.89003001043685 54.78685785648692 2.6
      vertex 85.99903810567665 54.949999999999996 0
      vertex 85.89003001043685 54.78685785648692 0
    endloop
  endfacet
  facet normal -0.8968727415326845 0.44228869021900924 0
    outer loop
      vertex 85.99903810567665 54.949999999999996 2.6
      vertex 86.08581929876692 55.12597485145236 0
      vertex 85.99903810567665 54.949999999999996 0
    endloop
  endfacet
  facet normal -0.9469301294951131 0.32143946530313927 0
    outer loop
      vertex 86.08581929876692 55.12597485145236 2.6
      vertex 86.14888873943359 55.31177143234621 0
      vertex 86.08581929876692 55.12597485145236 0
    endloop
  endfacet
  facet normal -0.9807852804032254 0.19509032201615417 0
    outer loop
      vertex 86.14888873943359 55.31177143234621 2.6
      vertex 86.1871672920607 55.50421071166992 0
      vertex 86.14888873943359 55.31177143234621 0
    endloop
  endfacet
  facet normal -0.9978589232386044 0.06540312923013057 0
    outer loop
      vertex 86.1871672920607 55.50421071166992 2.6
      vertex 86.19999999999999 55.699999999999996 0
      vertex 86.1871672920607 55.50421071166992 0
    endloop
  endfacet
  facet normal -0.9978589232386044 -0.06540312923013057 0
    outer loop
      vertex 86.19999999999999 55.699999999999996 2.6
      vertex 86.1871672920607 55.89578928833007 0
      vertex 86.19999999999999 55.699999999999996 0
    endloop
  endfacet
  facet normal -0.9807852804032254 -0.19509032201615417 0
    outer loop
      vertex 86.1871672920607 55.89578928833007 2.6
      vertex 86.14888873943359 56.08822856765378 0
      vertex 86.1871672920607 55.89578928833007 0
    endloop
  endfacet
  facet normal -0.9469301294951131 -0.32143946530313927 0
    outer loop
      vertex 86.14888873943359 56.08822856765378 2.6
      vertex 86.08581929876692 56.27402514854763 0
      vertex 86.14888873943359 56.08822856765378 0
    endloop
  endfacet
  facet normal -0.8314696123025495 -0.555570233019596 0
    outer loop
      vertex 85.99903810567665 56.449999999999996 2.6
      vertex 85.89003001043685 56.61314214351307 0
      vertex 85.99903810567665 56.449999999999996 0
    endloop
  endfacet
  facet normal -0.7518398074789635 -0.6593458151000845 0
    outer loop
      vertex 85.89003001043685 56.61314214351307 2.6
      vertex 85.7606601717798 56.76066017177982 0
      vertex 85.89003001043685 56.61314214351307 0
    endloop
  endfacet
  facet normal -0.8968727415326845 -0.44228869021900924 0
    outer loop
      vertex 86.08581929876692 56.27402514854763 2.6
      vertex 85.99903810567665 56.449999999999996 0
      vertex 86.08581929876692 56.27402514854763 0
    endloop
  endfacet
  facet normal -0.1950903220161193 -0.9807852804032322 0
    outer loop
      vertex 85.08822856765377 57.1488887394336 2.6
      vertex 84.89578928833006 57.187167292060714 0
      vertex 85.08822856765377 57.1488887394336 0
    endloop
  endfacet
  facet normal -0.3214394653031718 -0.9469301294951022 0
    outer loop
      vertex 85.27402514854762 57.08581929876693 2.6
      vertex 85.08822856765377 57.1488887394336 0
      vertex 85.27402514854762 57.08581929876693 0
    endloop
  endfacet
  facet normal -0.44228869021900924 -0.8968727415326845 0
    outer loop
      vertex 85.44999999999999 56.999038105676654 2.6
      vertex 85.27402514854762 57.08581929876693 0
      vertex 85.44999999999999 56.999038105676654 0
    endloop
  endfacet
  facet normal -0.5555702330196042 -0.8314696123025439 0
    outer loop
      vertex 85.61314214351307 56.890030010436845 2.6
      vertex 85.44999999999999 56.999038105676654 0
      vertex 85.61314214351307 56.890030010436845 0
    endloop
  endfacet
  facet normal -0.6593458151000795 -0.751839807478968 0
    outer loop
      vertex 85.7606601717798 56.76066017177982 2.6
      vertex 85.61314214351307 56.890030010436845 0
      vertex 85.7606601717798 56.76066017177982 0
    endloop
  endfacet
  facet normal 0.8314696123025495 0.555570233019596 0
    outer loop
      vertex 83.50996998956313 54.78685785648692 0
      vertex 83.40096189432333 54.949999999999996 2.5
      vertex 83.50996998956313 54.78685785648692 2.5
    endloop
  endfacet
  facet normal 0.8968727415326844 0.44228869021900924 0
    outer loop
      vertex 83.40096189432333 54.949999999999996 0
      vertex 83.31418070123306 55.12597485145236 2.5
      vertex 83.40096189432333 54.949999999999996 2.5
    endloop
  endfacet
  facet normal 0.9469301294951131 0.3214394653031393 0
    outer loop
      vertex 83.31418070123306 55.12597485145236 0
      vertex 83.25111126056639 55.31177143234621 2.5
      vertex 83.31418070123306 55.12597485145236 2.5
    endloop
  endfacet
  facet normal 0.9807852804032254 0.19509032201615414 0
    outer loop
      vertex 83.25111126056639 55.31177143234621 0
      vertex 83.21283270793927 55.50421071166992 2.5
      vertex 83.25111126056639 55.31177143234621 2.5
    endloop
  endfacet
  facet normal 0.9978589232386044 0.06540312923013057 0
    outer loop
      vertex 83.21283270793927 55.50421071166992 0
      vertex 83.19999999999999 55.699999999999996 2.5
      vertex 83.21283270793927 55.50421071166992 2.5
    endloop
  endfacet
  facet normal 0.9978589232386044 -0.06540312923013057 0
    outer loop
      vertex 83.19999999999999 55.699999999999996 0
      vertex 83.21283270793927 55.89578928833007 2.5
      vertex 83.19999999999999 55.699999999999996 2.5
    endloop
  endfacet
  facet normal 0.4422886902190022 0.8968727415326879 -6.182906549256821e-16
    outer loop
      vertex 84.09 54.33192153467895 2.5
      vertex 84.12597485145236 54.31418070123306 0
      vertex 83.94999999999999 54.40096189432334 2.5
    endloop
  endfacet
  facet normal 0.4422886902190367 0.8968727415326708 0
    outer loop
      vertex 84.12597485145236 54.31418070123306 2.6
      vertex 84.12597485145236 54.31418070123306 0
      vertex 84.09 54.33192153467895 2.5
    endloop
  endfacet
  facet normal 0.6593458151000796 0.751839807478968 0
    outer loop
      vertex 83.7868578564869 54.509969989563146 0
      vertex 83.63933982822017 54.63933982822017 2.5
      vertex 83.7868578564869 54.509969989563146 2.5
    endloop
  endfacet
  facet normal 0.7518398074789636 0.6593458151000846 0
    outer loop
      vertex 83.63933982822017 54.63933982822017 0
      vertex 83.50996998956313 54.78685785648692 2.5
      vertex 83.63933982822017 54.63933982822017 2.5
    endloop
  endfacet
  facet normal 0.5555702330196043 0.8314696123025439 0
    outer loop
      vertex 83.94999999999999 54.40096189432334 0
      vertex 83.7868578564869 54.509969989563146 2.5
      vertex 83.94999999999999 54.40096189432334 2.5
    endloop
  endfacet
  facet normal 0.3214394653031718 0.9469301294951022 1.471060201990088e-18
    outer loop
      vertex 84.12597485145236 54.31418070123306 2.6
      vertex 84.3117714323462 54.25111126056639 2.6
      vertex 84.3117714323462 54.25111126056639 0
    endloop
  endfacet
  facet normal 0.1950903220161193 0.9807852804032322 4.688579787944986e-19
    outer loop
      vertex 84.3117714323462 54.25111126056639 2.6
      vertex 84.50421071166991 54.21283270793928 2.6
      vertex 84.50421071166991 54.21283270793928 0
    endloop
  endfacet
  facet normal 0.06540312923013057 0.9978589232386044 1.815458741072423e-19
    outer loop
      vertex 84.50421071166991 54.21283270793928 2.6
      vertex 84.69999999999999 54.199999999999996 2.6
      vertex 84.69999999999999 54.199999999999996 0
    endloop
  endfacet
  facet normal -0.06540312923013057 0.9978589232386044 -1.815458741072423e-19
    outer loop
      vertex 84.69999999999999 54.199999999999996 2.6
      vertex 84.89578928833006 54.21283270793928 2.6
      vertex 84.89578928833006 54.21283270793928 0
    endloop
  endfacet
  facet normal 0.9807852804032254 -0.19509032201615414 0
    outer loop
      vertex 83.21283270793927 55.89578928833007 0
      vertex 83.25111126056639 56.08822856765378 2.5
      vertex 83.21283270793927 55.89578928833007 2.5
    endloop
  endfacet
  facet normal 0.9469301294951131 -0.3214394653031393 0
    outer loop
      vertex 83.25111126056639 56.08822856765378 0
      vertex 83.31418070123306 56.27402514854763 2.5
      vertex 83.25111126056639 56.08822856765378 2.5
    endloop
  endfacet
  facet normal 0.8968727415326844 -0.44228869021900924 0
    outer loop
      vertex 83.31418070123306 56.27402514854763 0
      vertex 83.40096189432333 56.449999999999996 2.5
      vertex 83.31418070123306 56.27402514854763 2.5
    endloop
  endfacet
  facet normal 0.8314696123025495 -0.555570233019596 0
    outer loop
      vertex 83.40096189432333 56.449999999999996 0
      vertex 83.50996998956313 56.61314214351307 2.5
      vertex 83.40096189432333 56.449999999999996 2.5
    endloop
  endfacet
  facet normal 0.7518398074789636 -0.6593458151000846 0
    outer loop
      vertex 83.50996998956313 56.61314214351307 0
      vertex 83.63933982822017 56.76066017177982 2.5
      vertex 83.50996998956313 56.61314214351307 2.5
    endloop
  endfacet
  facet normal 0.6593458151000796 -0.751839807478968 0
    outer loop
      vertex 83.63933982822017 56.76066017177982 0
      vertex 83.7868578564869 56.890030010436845 2.5
      vertex 83.63933982822017 56.76066017177982 2.5
    endloop
  endfacet
  facet normal 0.5555702330196043 -0.8314696123025439 0
    outer loop
      vertex 83.7868578564869 56.890030010436845 0
      vertex 83.94999999999999 56.999038105676654 2.5
      vertex 83.7868578564869 56.890030010436845 2.5
    endloop
  endfacet
  facet normal 0.4422886902190022 -0.8968727415326879 0
    outer loop
      vertex 83.94999999999999 56.999038105676654 0
      vertex 84.09 57.068078465321044 2.5
      vertex 83.94999999999999 56.999038105676654 2.5
    endloop
  endfacet
  facet normal 0.4422886902190367 -0.8968727415326709 0
    outer loop
      vertex 84.09 57.068078465321044 2.5
      vertex 84.12597485145236 57.08581929876693 0
      vertex 84.09 57.068078465321044 2.6
    endloop
  endfacet
  facet normal 0.4422886902190367 -0.8968727415326708 0
    outer loop
      vertex 84.12597485145236 57.08581929876693 2.6
      vertex 84.09 57.068078465321044 2.6
      vertex 84.12597485145236 57.08581929876693 0
    endloop
  endfacet
  facet normal 0.3214394653031718 -0.9469301294951022 0
    outer loop
      vertex 84.12597485145236 57.08581929876693 2.6
      vertex 84.12597485145236 57.08581929876693 0
      vertex 84.3117714323462 57.1488887394336 2.6
    endloop
  endfacet
  facet normal 0.1950903220161193 -0.9807852804032322 0
    outer loop
      vertex 84.3117714323462 57.1488887394336 2.6
      vertex 84.3117714323462 57.1488887394336 0
      vertex 84.50421071166991 57.187167292060714 2.6
    endloop
  endfacet
  facet normal 0.06540312923013057 -0.9978589232386044 0
    outer loop
      vertex 84.50421071166991 57.187167292060714 2.6
      vertex 84.50421071166991 57.187167292060714 0
      vertex 84.69999999999999 57.199999999999996 2.6
    endloop
  endfacet
  facet normal -0.06540312923013057 -0.9978589232386044 0
    outer loop
      vertex 84.69999999999999 57.199999999999996 2.6
      vertex 84.69999999999999 57.199999999999996 0
      vertex 84.89578928833006 57.187167292060714 2.6
    endloop
  endfacet
  facet normal 0.4422886902190367 0.8968727415326709 1.1816055268139698e-17
    outer loop
      vertex 84.12597485145236 54.31418070123306 2.6
      vertex 84.09 54.33192153467895 2.5
      vertex 84.09 54.33192153467895 2.6
    endloop
  endfacet
  facet normal 0 0 -1
    outer loop
      vertex 84.12597485145236 54.31418070123306 2.6
      vertex 84.12597485145236 57.08581929876693 2.6
      vertex 84.3117714323462 54.25111126056639 2.6
    endloop
  endfacet
  facet normal 0 0 -1
    outer loop
      vertex 84.12597485145236 54.31418070123306 2.6
      vertex 84.09 54.33192153467895 2.6
      vertex 84.12597485145236 57.08581929876693 2.6
    endloop
  endfacet
  facet normal 0 0 -1
    outer loop
      vertex 84.3117714323462 54.25111126056639 2.6
      vertex 84.3117714323462 57.1488887394336 2.6
      vertex 84.50421071166991 54.21283270793928 2.6
    endloop
  endfacet
  facet normal 0 0 -1
    outer loop
      vertex 84.50421071166991 54.21283270793928 2.6
      vertex 84.50421071166991 57.187167292060714 2.6
      vertex 84.69999999999999 54.199999999999996 2.6
    endloop
  endfacet
  facet normal 0 0 -1
    outer loop
      vertex 84.69999999999999 54.199999999999996 2.6
      vertex 84.69999999999999 57.199999999999996 2.6
      vertex 84.89578928833006 54.21283270793928 2.6
    endloop
  endfacet
  facet normal 0 0 -1
    outer loop
      vertex 84.12597485145236 57.08581929876693 2.6
      vertex 84.09 54.33192153467895 2.6
      vertex 84.09 57.068078465321044 2.6
    endloop
  endfacet
  facet normal 0 0 -1
    outer loop
      vertex 84.3117714323462 54.25111126056639 2.6
      vertex 84.12597485145236 57.08581929876693 2.6
      vertex 84.3117714323462 57.1488887394336 2.6
    endloop
  endfacet
  facet normal 0 0 -1
    outer loop
      vertex 84.50421071166991 54.21283270793928 2.6
      vertex 84.3117714323462 57.1488887394336 2.6
      vertex 84.50421071166991 57.187167292060714 2.6
    endloop
  endfacet
  facet normal 0 0 -1
    outer loop
      vertex 84.69999999999999 54.199999999999996 2.6
      vertex 84.50421071166991 57.187167292060714 2.6
      vertex 84.69999999999999 57.199999999999996 2.6
    endloop
  endfacet
  facet normal 0 0 -1
    outer loop
      vertex 84.89578928833006 54.21283270793928 2.6
      vertex 84.69999999999999 57.199999999999996 2.6
      vertex 84.89578928833006 57.187167292060714 2.6
    endloop
  endfacet
  facet normal -0.1950903220161193 0.9807852804032322 -4.688579787944986e-19
    outer loop
      vertex 84.89578928833006 54.21283270793928 2.6
      vertex 85.08822856765377 54.25111126056639 2.6
      vertex 85.08822856765377 54.25111126056639 0
    endloop
  endfacet
  facet normal -0.3214394653031718 0.9469301294951022 -1.471060201990088e-18
    outer loop
      vertex 85.08822856765377 54.25111126056639 2.6
      vertex 85.27402514854762 54.31418070123306 2.6
      vertex 85.27402514854762 54.31418070123306 0
    endloop
  endfacet
  facet normal -0.44228869021900924 0.8968727415326845 1.7674131263971596e-19
    outer loop
      vertex 85.27402514854762 54.31418070123306 2.6
      vertex 85.44999999999999 54.40096189432334 2.6
      vertex 85.44999999999999 54.40096189432334 0
    endloop
  endfacet
  facet normal -0.5555702330196042 0.8314696123025439 -5.451563727211032e-19
    outer loop
      vertex 85.44999999999999 54.40096189432334 2.6
      vertex 85.61314214351307 54.509969989563146 2.6
      vertex 85.61314214351307 54.509969989563146 0
    endloop
  endfacet
  facet normal -0.6593458151000795 0.751839807478968 -3.3314167014168392e-18
    outer loop
      vertex 85.61314214351307 54.509969989563146 2.6
      vertex 85.7606601717798 54.63933982822017 2.6
      vertex 85.7606601717798 54.63933982822017 0
    endloop
  endfacet
  facet normal -0.7518398074789635 0.6593458151000845 -2.428915893215738e-18
    outer loop
      vertex 85.7606601717798 54.63933982822017 2.6
      vertex 85.89003001043685 54.78685785648692 2.6
      vertex 85.89003001043685 54.78685785648692 0
    endloop
  endfacet
  facet normal -0.8314696123025495 0.555570233019596 -3.0185728298277648e-18
    outer loop
      vertex 85.89003001043685 54.78685785648692 2.6
      vertex 85.99903810567665 54.949999999999996 2.6
      vertex 85.99903810567665 54.949999999999996 0
    endloop
  endfacet
  facet normal -0.8968727415326845 0.44228869021900924 1.7674131263971596e-19
    outer loop
      vertex 85.99903810567665 54.949999999999996 2.6
      vertex 86.08581929876692 55.12597485145236 2.6
      vertex 86.08581929876692 55.12597485145236 0
    endloop
  endfacet
  facet normal -0.9469301294951131 0.32143946530313927 -1.5485747506569426e-18
    outer loop
      vertex 86.08581929876692 55.12597485145236 2.6
      vertex 86.14888873943359 55.31177143234621 2.6
      vertex 86.14888873943359 55.31177143234621 0
    endloop
  endfacet
  facet normal -0.9807852804032254 0.19509032201615417 3.1762700012563877e-19
    outer loop
      vertex 86.14888873943359 55.31177143234621 2.6
      vertex 86.1871672920607 55.50421071166992 2.6
      vertex 86.1871672920607 55.50421071166992 0
    endloop
  endfacet
  facet normal -0.9978589232386044 0.06540312923013057 -1.815458741072423e-19
    outer loop
      vertex 86.1871672920607 55.50421071166992 2.6
      vertex 86.19999999999999 55.699999999999996 2.6
      vertex 86.19999999999999 55.699999999999996 0
    endloop
  endfacet
  facet normal -0.9807852804032254 -0.19509032201615417 -3.1762700012563877e-19
    outer loop
      vertex 86.1871672920607 55.89578928833007 2.6
      vertex 86.14888873943359 56.08822856765378 2.6
      vertex 86.14888873943359 56.08822856765378 0
    endloop
  endfacet
  facet normal -0.9978589232386044 -0.06540312923013057 1.815458741072423e-19
    outer loop
      vertex 86.19999999999999 55.699999999999996 2.6
      vertex 86.1871672920607 55.89578928833007 2.6
      vertex 86.1871672920607 55.89578928833007 0
    endloop
  endfacet
  facet normal -0.9469301294951131 -0.32143946530313927 1.5485747506569426e-18
    outer loop
      vertex 86.14888873943359 56.08822856765378 2.6
      vertex 86.08581929876692 56.27402514854763 2.6
      vertex 86.08581929876692 56.27402514854763 0
    endloop
  endfacet
  facet normal -0.7518398074789635 -0.6593458151000845 0
    outer loop
      vertex 85.7606601717798 56.76066017177982 2.6
      vertex 85.7606601717798 56.76066017177982 0
      vertex 85.89003001043685 56.61314214351307 2.6
    endloop
  endfacet
  facet normal -0.8314696123025495 -0.555570233019596 3.0185728298277648e-18
    outer loop
      vertex 85.99903810567665 56.449999999999996 2.6
      vertex 85.89003001043685 56.61314214351307 2.6
      vertex 85.89003001043685 56.61314214351307 0
    endloop
  endfacet
  facet normal -0.8968727415326845 -0.44228869021900924 -1.7674131263971596e-19
    outer loop
      vertex 86.08581929876692 56.27402514854763 2.6
      vertex 85.99903810567665 56.449999999999996 2.6
      vertex 85.99903810567665 56.449999999999996 0
    endloop
  endfacet
  facet normal -0.1950903220161193 -0.9807852804032322 0
    outer loop
      vertex 84.89578928833006 57.187167292060714 2.6
      vertex 84.89578928833006 57.187167292060714 0
      vertex 85.08822856765377 57.1488887394336 2.6
    endloop
  endfacet
  facet normal -0.3214394653031718 -0.9469301294951022 0
    outer loop
      vertex 85.08822856765377 57.1488887394336 2.6
      vertex 85.08822856765377 57.1488887394336 0
      vertex 85.27402514854762 57.08581929876693 2.6
    endloop
  endfacet
  facet normal -0.5555702330196042 -0.8314696123025439 0
    outer loop
      vertex 85.44999999999999 56.999038105676654 2.6
      vertex 85.44999999999999 56.999038105676654 0
      vertex 85.61314214351307 56.890030010436845 2.6
    endloop
  endfacet
  facet normal -0.44228869021900924 -0.8968727415326845 0
    outer loop
      vertex 85.27402514854762 57.08581929876693 2.6
      vertex 85.27402514854762 57.08581929876693 0
      vertex 85.44999999999999 56.999038105676654 2.6
    endloop
  endfacet
  facet normal -0.6593458151000795 -0.751839807478968 3.3314167014168392e-18
    outer loop
      vertex 85.7606601717798 56.76066017177982 2.6
      vertex 85.61314214351307 56.890030010436845 2.6
      vertex 85.61314214351307 56.890030010436845 0
    endloop
  endfacet
  facet normal 0 0 -1
    outer loop
      vertex 84.89578928833006 54.21283270793928 2.6
      vertex 84.89578928833006 57.187167292060714 2.6
      vertex 85.08822856765377 54.25111126056639 2.6
    endloop
  endfacet
  facet normal 0 0 -1
    outer loop
      vertex 85.08822856765377 54.25111126056639 2.6
      vertex 85.08822856765377 57.1488887394336 2.6
      vertex 85.27402514854762 54.31418070123306 2.6
    endloop
  endfacet
  facet normal 0 0 -1
    outer loop
      vertex 85.27402514854762 54.31418070123306 2.6
      vertex 85.27402514854762 57.08581929876693 2.6
      vertex 85.44999999999999 54.40096189432334 2.6
    endloop
  endfacet
  facet normal 0 0 -1
    outer loop
      vertex 85.44999999999999 54.40096189432334 2.6
      vertex 85.44999999999999 56.999038105676654 2.6
      vertex 85.61314214351307 54.509969989563146 2.6
    endloop
  endfacet
  facet normal 0 0 -1
    outer loop
      vertex 85.61314214351307 54.509969989563146 2.6
      vertex 85.61314214351307 56.890030010436845 2.6
      vertex 85.7606601717798 54.63933982822017 2.6
    endloop
  endfacet
  facet normal 0 0 -1
    outer loop
      vertex 85.7606601717798 54.63933982822017 2.6
      vertex 85.7606601717798 56.76066017177982 2.6
      vertex 85.89003001043685 54.78685785648692 2.6
    endloop
  endfacet
  facet normal 0 0 -1
    outer loop
      vertex 85.89003001043685 54.78685785648692 2.6
      vertex 85.89003001043685 56.61314214351307 2.6
      vertex 85.99903810567665 54.949999999999996 2.6
    endloop
  endfacet
  facet normal 0 0 -1
    outer loop
      vertex 85.99903810567665 54.949999999999996 2.6
      vertex 85.99903810567665 56.449999999999996 2.6
      vertex 86.08581929876692 55.12597485145236 2.6
    endloop
  endfacet
  facet normal 0 0 -1
    outer loop
      vertex 86.08581929876692 55.12597485145236 2.6
      vertex 86.08581929876692 56.27402514854763 2.6
      vertex 86.14888873943359 55.31177143234621 2.6
    endloop
  endfacet
  facet normal 0 0 -1
    outer loop
      vertex 86.14888873943359 55.31177143234621 2.6
      vertex 86.14888873943359 56.08822856765378 2.6
      vertex 86.1871672920607 55.50421071166992 2.6
    endloop
  endfacet
  facet normal 0 0 -1
    outer loop
      vertex 86.1871672920607 55.50421071166992 2.6
      vertex 86.1871672920607 55.89578928833007 2.6
      vertex 86.19999999999999 55.699999999999996 2.6
    endloop
  endfacet
  facet normal 0 0 -1
    outer loop
      vertex 85.08822856765377 54.25111126056639 2.6
      vertex 84.89578928833006 57.187167292060714 2.6
      vertex 85.08822856765377 57.1488887394336 2.6
    endloop
  endfacet
  facet normal 0 0 -1
    outer loop
      vertex 85.27402514854762 54.31418070123306 2.6
      vertex 85.08822856765377 57.1488887394336 2.6
      vertex 85.27402514854762 57.08581929876693 2.6
    endloop
  endfacet
  facet normal 0 0 -1
    outer loop
      vertex 85.44999999999999 54.40096189432334 2.6
      vertex 85.27402514854762 57.08581929876693 2.6
      vertex 85.44999999999999 56.999038105676654 2.6
    endloop
  endfacet
  facet normal 0 0 -1
    outer loop
      vertex 85.61314214351307 54.509969989563146 2.6
      vertex 85.44999999999999 56.999038105676654 2.6
      vertex 85.61314214351307 56.890030010436845 2.6
    endloop
  endfacet
  facet normal 0 0 -1
    outer loop
      vertex 85.89003001043685 54.78685785648692 2.6
      vertex 85.7606601717798 56.76066017177982 2.6
      vertex 85.89003001043685 56.61314214351307 2.6
    endloop
  endfacet
  facet normal 0 0 -1
    outer loop
      vertex 85.99903810567665 54.949999999999996 2.6
      vertex 85.89003001043685 56.61314214351307 2.6
      vertex 85.99903810567665 56.449999999999996 2.6
    endloop
  endfacet
  facet normal 0 0 -1
    outer loop
      vertex 85.7606601717798 54.63933982822017 2.6
      vertex 85.61314214351307 56.890030010436845 2.6
      vertex 85.7606601717798 56.76066017177982 2.6
    endloop
  endfacet
  facet normal 0 0 -1
    outer loop
      vertex 86.1871672920607 55.50421071166992 2.6
      vertex 86.14888873943359 56.08822856765378 2.6
      vertex 86.1871672920607 55.89578928833007 2.6
    endloop
  endfacet
  facet normal 0 0 -1
    outer loop
      vertex 86.14888873943359 55.31177143234621 2.6
      vertex 86.08581929876692 56.27402514854763 2.6
      vertex 86.14888873943359 56.08822856765378 2.6
    endloop
  endfacet
  facet normal 0 0 -1
    outer loop
      vertex 86.08581929876692 55.12597485145236 2.6
      vertex 85.99903810567665 56.449999999999996 2.6
      vertex 86.08581929876692 56.27402514854763 2.6
    endloop
  endfacet
  facet normal 1 0 0
    outer loop
      vertex 26.299999999999997 47.39999999999999 0
      vertex 26.299999999999997 55.39999999999999 0
      vertex 26.299999999999997 55.39999999999999 2.5
    endloop
  endfacet
  facet normal 1 0 0
    outer loop
      vertex 26.299999999999997 47.39999999999999 0
      vertex 26.299999999999997 55.39999999999999 2.5
      vertex 26.299999999999997 47.39999999999999 2.5
    endloop
  endfacet
  facet normal 0 1 0
    outer loop
      vertex 26.299999999999997 47.39999999999999 0
      vertex 26.299999999999997 47.39999999999999 2.5
      vertex 64.3 47.39999999999999 0
    endloop
  endfacet
  facet normal 0 -1 0
    outer loop
      vertex 26.299999999999997 55.39999999999999 0
      vertex 64.3 55.39999999999999 2.5
      vertex 26.299999999999997 55.39999999999999 2.5
    endloop
  endfacet
  facet normal 0 1 0
    outer loop
      vertex 26.299999999999997 47.39999999999999 2.5
      vertex 64.3 47.39999999999999 2.5
      vertex 64.3 47.39999999999999 0
    endloop
  endfacet
  facet normal 0 -1 0
    outer loop
      vertex 26.299999999999997 55.39999999999999 0
      vertex 64.3 55.39999999999999 0
      vertex 64.3 55.39999999999999 2.5
    endloop
  endfacet
  facet normal -1 0 0
    outer loop
      vertex 64.3 47.39999999999999 0
      vertex 64.3 47.39999999999999 2.5
      vertex 64.3 55.39999999999999 0
    endloop
  endfacet
  facet normal -1 0 0
    outer loop
      vertex 64.3 55.39999999999999 0
      vertex 64.3 47.39999999999999 2.5
      vertex 64.3 55.39999999999999 2.5
    endloop
  endfacet
  facet normal 1 0 0
    outer loop
      vertex 31.299999999999997 18.279999999999998 0.5
      vertex 31.299999999999997 36.28 0.5
      vertex 31.299999999999997 36.28 2.5
    endloop
  endfacet
  facet normal 1 0 0
    outer loop
      vertex 31.299999999999997 18.279999999999998 0.5
      vertex 31.299999999999997 36.28 2.5
      vertex 31.299999999999997 18.279999999999998 2.5
    endloop
  endfacet
  facet normal 0 1 0
    outer loop
      vertex 31.299999999999997 18.279999999999998 0.5
      vertex 31.299999999999997 18.279999999999998 2.5
      vertex 59.3 18.279999999999998 0.5
    endloop
  endfacet
  facet normal 0 0 1
    outer loop
      vertex 31.299999999999997 18.279999999999998 0.5
      vertex 59.3 36.28 0.5
      vertex 31.299999999999997 36.28 0.5
    endloop
  endfacet
  facet normal 0 -1 0
    outer loop
      vertex 31.299999999999997 36.28 0.5
      vertex 59.3 36.28 2.5
      vertex 31.299999999999997 36.28 2.5
    endloop
  endfacet
  facet normal 0 1 0
    outer loop
      vertex 59.3 18.279999999999998 0.5
      vertex 31.299999999999997 18.279999999999998 2.5
      vertex 59.3 18.279999999999998 2.5
    endloop
  endfacet
  facet normal 0 0 1
    outer loop
      vertex 31.299999999999997 18.279999999999998 0.5
      vertex 59.3 18.279999999999998 0.5
      vertex 59.3 36.28 0.5
    endloop
  endfacet
  facet normal -1 0 0
    outer loop
      vertex 59.3 18.279999999999998 0.5
      vertex 59.3 18.279999999999998 2.5
      vertex 59.3 36.28 0.5
    endloop
  endfacet
  facet normal -1 0 0
    outer loop
      vertex 59.3 36.28 0.5
      vertex 59.3 18.279999999999998 2.5
      vertex 59.3 36.28 2.5
    endloop
  endfacet
  facet normal 0 -1 0
    outer loop
      vertex 31.299999999999997 36.28 0.5
      vertex 59.3 36.28 0.5
      vertex 59.3 36.28 2.5
    endloop
  endfacet
endsolid OpenSCAD_Model
